id,set,set_code,collector_number,name,type,rarity,domain,energy_cost,power_cost,might,tags,keywords,is_variant,banned_standard,supertype,text,image_url
ogn-001,Origins,OGN,001,Blazing Scorcher,Unit,Common,Fury,5,0,5,Dragon|Noxus,Accelerate,False,,,[Accelerate] (You may pay 1 energy and 1 fury rune as an additional cost to have me enter ready.),https://cmsassets.rgpub.io/sanity/images/dsfx7636/game_data_live/15ed971e4029a92b362a81ccadf309fb81e40b81-744x1039.png
ogn-002,Origins,OGN,002,Brazen Buccaneer,Unit,Common,Fury,6,0,5,Pirate|Bilgewater,,False,,,"As you play me, you may discard 1 as an additional cost. If you do, reduce my cost by 2 energy.",https://cmsassets.rgpub.io/sanity/images/dsfx7636/game_data_live/d481971f7560e7235e7d6934767da18daa019eff-744x1039.png
ogn-003,Origins,OGN,003,Chemtech Enforcer,Unit,Common,Fury,2,0,2,Zaun,Assault,False,,,"[Assault 2] (+2 might while I'm an attacker.) When you play me, discard 1.",https://cmsassets.rgpub.io/sanity/images/dsfx7636/game_data_live/19dcf211457d9c9c6e9ea0cd32af76c2c92a3160-744x1039.png
ogn-004,Origins,OGN,004,Cleave,Spell,Common,Fury,1,0,,,Action|Assault,False,,,[Action] (Play on your turn or in showdowns.) Give a unit [Assault 3] this turn. (+3 might while it's an attacker.),https://cmsassets.rgpub.io/sanity/images/dsfx7636/game_data_live/95d476a1e88ff547fb846149619177bc7e3cea9f-744x1039.png
ogn-005,Origins,OGN,005,Disintegrate,Spell,Common,Fury,4,0,,,Action,False,,,"[Action] (Play on your turn or in showdowns.) Deal 3 to a unit at a battlefield. If this kills it, draw 1.",https://cmsassets.rgpub.io/sanity/images/dsfx7636/game_data_live/a27374ac3a81f3dfefb43c3c3237c23b4883cb5a-744x1039.png
ogn-006,Origins,OGN,006,Flame Chompers,Unit,Common,Fury,3,0,3,Zaun,,False,,,"When you discard me, you may pay 1 fury rune to play me.",https://cmsassets.rgpub.io/sanity/images/dsfx7636/game_data_live/1f6f5ebd18e5daac30d62626fddd785c4b457c2b-744x1039.png
ogn-007,Origins,OGN,007,Fury Rune,Rune,Common,Fury,,,,,,False,,Basic,,https://cmsassets.rgpub.io/sanity/images/dsfx7636/game_data_live/12bcd0cde5d9ff4640e82945001e9fef863530f1-744x1039.png
ogn-008,Origins,OGN,008,Get Excited!,Spell,Common,Fury,2,1,,,Action,False,,,[Action] (Play on your turn or in showdowns.) Discard 1. Deal its Energy cost as damage to a unit at a battlefield. (Ignore its Power cost.),https://cmsassets.rgpub.io/sanity/images/dsfx7636/game_data_live/2906c932c482af17fbb2979a8c42a6992f95d6a6-744x1039.png
ogn-009,Origins,OGN,009,Hextech Ray,Spell,Common,Fury,1,1,,,Action,False,,,[Action] (Play on your turn or in showdowns.) Deal 3 to a unit at a battlefield.,https://cmsassets.rgpub.io/sanity/images/dsfx7636/game_data_live/1e7d12693822c38377ddc8f15db23e2f9b6d560a-744x1039.png
ogn-010,Origins,OGN,010,Legion Rearguard,Unit,Common,Fury,2,0,2,Trifarian|Noxus,Accelerate,False,,,[Accelerate] (You may pay 1 energy and 1 fury rune as an additional cost to have me enter ready.),https://cmsassets.rgpub.io/sanity/images/dsfx7636/game_data_live/aedece01c7792c689050460db1670e6b9b15b61f-744x1039.png
ogn-011,Origins,OGN,011,Magma Wurm,Unit,Common,Fury,8,1,8,Freljord,,False,,,Other friendly units enter ready.,https://cmsassets.rgpub.io/sanity/images/dsfx7636/game_data_live/f6565b15f65f538804e6a56623c8aa2eedeffc22-744x1039.png
ogn-012,Origins,OGN,012,Noxus Hopeful,Unit,Common,Fury,4,0,4,Trifarian|Noxus,Legion,False,,,[Legion] — I cost 2 energy less. (Get the effect if you've played another card this turn.),https://cmsassets.rgpub.io/sanity/images/dsfx7636/game_data_live/c3bb6f4cb58feeb50e396d12ec9865c5434025af-744x1039.png
ogn-013,Origins,OGN,013,Pouty Poro,Unit,Common,Fury,2,0,2,Poro,Deflect,False,,,[Deflect] (Opponents must pay 1 rune of any type to choose me with a spell or ability.),https://cmsassets.rgpub.io/sanity/images/dsfx7636/game_data_live/d541bf3bcb5aa3ad0d48d87f5753569b72ac426f-744x1039.png
ogn-014,Origins,OGN,014,Sky Splitter,Spell,Common,Fury,8,1,,,Action,False,,,[Action] (Play on your turn or in showdowns.) This spell's Energy cost is reduced by the highest Might among units you control. Deal 5 to a unit at a battlefield.,https://cmsassets.rgpub.io/sanity/images/dsfx7636/game_data_live/01faae468720dd5bf5e3fe12ba56c01af70263be-744x1039.png
ogn-015,Origins,OGN,015,Captain Farron,Unit,Uncommon,Fury,4,1,5,Trifarian|Noxus,Assault,False,,,Other friendly units here have [Assault]. (+1 might while they're attackers.),https://cmsassets.rgpub.io/sanity/images/dsfx7636/game_data_live/4c65e2cae6748590f589ad8b26bc5a20c0d770c2-744x1039.png
ogn-016,Origins,OGN,016,Dangerous Duo,Unit,Uncommon,Fury,3,0,3,Mech|Bandle City,Legion,False,,,"[Legion] — When you play me, give a unit +2 might this turn. (Get the effect if you've played another card this turn.)",https://cmsassets.rgpub.io/sanity/images/dsfx7636/game_data_live/3c02ea9e438d407c739276b788e015ac93843651-744x1039.png
ogn-017,Origins,OGN,017,Iron Ballista,Gear,Uncommon,Fury,3,0,,,,False,,,This enters exhausted. exhaust: Deal 2 to a unit at a battlefield.,https://cmsassets.rgpub.io/sanity/images/dsfx7636/game_data_live/9b5cfe757b6067994e17e284eba46433880a1461-744x1039.png
ogn-018,Origins,OGN,018,Noxus Saboteur,Unit,Uncommon,Fury,3,0,3,Trifarian|Noxus,Hidden,False,,,Your opponents' [Hidden] cards can't be revealed here.,https://cmsassets.rgpub.io/sanity/images/dsfx7636/game_data_live/b78f0c822cb984db24ac3f1956cc8c10f8f88b22-744x1039.png
ogn-019,Origins,OGN,019,Raging Soul,Unit,Uncommon,Fury,4,0,4,Spirit|Shadow Isles,Assault|Ganking,False,,,"If you've discarded a card this turn, I have [Assault] and [Ganking]. (+1 might while I'm an attacker. I can move from battlefield to battlefield.)",https://cmsassets.rgpub.io/sanity/images/dsfx7636/game_data_live/037647d0decc94ff4a5d53b11cf36afe9d849533-744x1039.png
ogn-020,Origins,OGN,020,Scrapyard Champion,Unit,Uncommon,Fury,5,1,5,Mech|Bandle City,Legion,False,,,"[Legion] — When you play me, discard 2, then draw 2. (Get the effect if you've played another card this turn.)",https://cmsassets.rgpub.io/sanity/images/dsfx7636/game_data_live/10f096d2b469fd73329386e5efe88c9bec667d7c-744x1039.png
ogn-021,Origins,OGN,021,Sun Disc,Gear,Uncommon,Fury,2,1,,,Legion,False,,,exhaust: [Legion] — The next unit you play this turn enters ready. (Get the effect if you've played another card this turn.),https://cmsassets.rgpub.io/sanity/images/dsfx7636/game_data_live/146d7514f15e6674f471f3aa9c3fadf22c0b634b-744x1039.png
ogn-022,Origins,OGN,022,Thermo Beam,Spell,Uncommon,Fury,5,2,,,Action,False,,,[Action] (Play on your turn or in showdowns.) Kill all gear.,https://cmsassets.rgpub.io/sanity/images/dsfx7636/game_data_live/88661e852b864491e6d7f5f087caf4263f61c361-744x1039.png
ogn-023,Origins,OGN,023,Unlicensed Armory,Gear,Uncommon,Fury,2,0,,,,False,,,"Discard 1, exhaust: Choose a friendly unit. The next time it dies this turn, you may pay 1 fury rune to recall it exhausted instead. (Send it to base. This isn't a move.)",https://cmsassets.rgpub.io/sanity/images/dsfx7636/game_data_live/1a80bedd893d9024fc90f108da36b4fd1d496ad6-744x1039.png
ogn-024,Origins,OGN,024,Void Seeker,Spell,Uncommon,Fury,3,1,,,Action,False,,,[Action] (Play on your turn or in showdowns.) Deal 4 to a unit at a battlefield. Draw 1.,https://cmsassets.rgpub.io/sanity/images/dsfx7636/game_data_live/5b64b63c6be58ff3c33c7fb3c2dcb168d64e287e-744x1039.png
ogn-025,Origins,OGN,025,Blind Fury,Spell,Rare,Fury,4,2,,,Action,False,,,"[Action] (Play on your turn or in showdowns.) Each opponent reveals the top card of their Main Deck. Choose one and banish it, then play it, ignoring its cost. Then recycle the rest.",https://cmsassets.rgpub.io/sanity/images/dsfx7636/game_data_live/d74ba4998df9348408f1400090a0b0737c675fbd-744x1039.png
ogn-026,Origins,OGN,026,Brynhir Thundersong,Unit,Rare,Fury,6,0,5,Freljord,,False,,,"When you play me, opponents can't play cards this turn.",https://cmsassets.rgpub.io/sanity/images/dsfx7636/game_data_live/44e805aa0f2928acf1156eef692403df319b333a-744x1039.png
ogn-027,Origins,OGN,027,"Darius, Trifarian",Unit,Rare,Fury,5,1,5,Trifarian|Darius|Noxus,,False,,Champion,"When you play your second card in a turn, give me +2 might this turn and ready me.",https://cmsassets.rgpub.io/sanity/images/dsfx7636/game_data_live/bf7a4900fd2296972c1305a4707c23860bb0522e-744x1039.png
ogn-028,Origins,OGN,028,"Draven, Showboat",Unit,Rare,Fury,5,1,3,Draven|Noxus,,False,,Champion,My Might is increased by your points.,https://cmsassets.rgpub.io/sanity/images/dsfx7636/game_data_live/7600d6cea66e8146ea2202f72cb9035cb44608a3-744x1039.png
ogn-029,Origins,OGN,029,Falling Star,Spell,Rare,Fury,2,2,,,,False,,,Deal 3 to a unit. Deal 3 to a unit.,https://cmsassets.rgpub.io/sanity/images/dsfx7636/game_data_live/9cf2d2e59e1bf839cdf5c2a77e95f5d1e871788f-744x1039.png
ogn-030,Origins,OGN,030,"Jinx, Demolitionist",Unit,Rare,Fury,3,1,4,Jinx|Zaun,Accelerate|Assault,False,,Champion,"[Accelerate] (You may pay 1 energy and 1 fury rune as an additional cost to have me enter ready.) [Assault 2] (+2 might while I'm an attacker.) When you play me, discard 2.",https://cmsassets.rgpub.io/sanity/images/dsfx7636/game_data_live/d6cac988aa7798945e550eba6841d3993868c4a4-744x1039.png
ogn-031,Origins,OGN,031,Raging Firebrand,Unit,Rare,Fury,6,1,4,Dragon|Mount Targon,,False,,,"When you play me, the next spell you play this turn costs 5 energy less.",https://cmsassets.rgpub.io/sanity/images/dsfx7636/game_data_live/9566fc064c098bd7f3540f3074dc6353c7ca5663-744x1039.png
ogn-032,Origins,OGN,032,Ravenborn Tome,Gear,Rare,Fury,3,0,,,,False,,,exhaust: The next spell you play this turn deals 1 Bonus Damage. (Each instance of damage the spell deals is increased by 1.),https://cmsassets.rgpub.io/sanity/images/dsfx7636/game_data_live/81f968126026635e5b9a2fa1048fc979fcd13a1d-744x1039.png
ogn-033,Origins,OGN,033,Shakedown,Spell,Rare,Fury,2,1,,,Reaction,False,,,"[Reaction] (Play any time, even before spells and abilities resolve.) Choose an enemy unit. Deal 6 to it unless its controller has you draw 2.",https://cmsassets.rgpub.io/sanity/images/dsfx7636/game_data_live/ab71d92c94bf609e2fa6efc8fec06fe1e8b10108-744x1039.png
ogn-034,Origins,OGN,034,"Tryndamere, Barbarian",Unit,Rare,Fury,7,2,8,Tryndamere|Freljord,,False,,Champion,"When I conquer after an attack, if you assigned 5 or more excess damage to enemy units, you score 1 point.",https://cmsassets.rgpub.io/sanity/images/dsfx7636/game_data_live/124c93495c927be1baea03fdacf6c7b283cf8b6c-744x1039.png
ogn-035,Origins,OGN,035,"Vayne, Hunter",Unit,Rare,Fury,4,1,2,Vayne|Demacia,Assault,False,,Champion,"[Assault 3] (+3 might while I'm an attacker.) If an opponent controls a battlefield, I enter ready. When I conquer, you may pay 1 energy to return me to my owner's hand.",https://cmsassets.rgpub.io/sanity/images/dsfx7636/game_data_live/b38a22e6f4bfaa8589f32754a7466fe5214e81b5-744x1039.png
ogn-036,Origins,OGN,036,"Vi, Destructive",Unit,Rare,Fury,2,1,3,Vi|Piltover,Ganking,False,,Champion,[Ganking] (I can move from battlefield to battlefield.) Recycle 1 from your trash: Give me +1 might this turn.,https://cmsassets.rgpub.io/sanity/images/dsfx7636/game_data_live/7ab52254ac49b8853fc7ae65b03aaee3f8c5994a-744x1039.png
ogn-037,Origins,OGN,037,Immortal Phoenix,Unit,Epic,Fury,3,1,3,Spirit,Assault,False,,,"[Assault 2] (+2 might while I'm an attacker.) When you kill a unit with a spell, you may pay 1 energy and 1 fury rune to play me from your trash.",https://cmsassets.rgpub.io/sanity/images/dsfx7636/game_data_live/7b623ae985bf5f362b6d8d4a17e9b8146aeae3c3-744x1039.png
ogn-038,Origins,OGN,038,Kadregrin the Infernal,Unit,Epic,Fury,9,2,9,Dragon|Demacia,Mighty,False,,,"When you play me, draw 1 for each of your [Mighty] units. (A unit is Mighty while it has 5+ might.)",https://cmsassets.rgpub.io/sanity/images/dsfx7636/game_data_live/733c32b1fccc7e2983cbb3586358152f90a6df04-744x1039.png
ogn-039,Origins,OGN,039,"Kai'Sa, Survivor",Unit,Epic,Fury,4,0,4,Kai'Sa|The Void,Accelerate,False,,Champion,"[Accelerate] (You may pay 1 energy and 1 fury rune as an additional cost to have me enter ready.) When I conquer, draw 1.",https://cmsassets.rgpub.io/sanity/images/dsfx7636/game_data_live/3d942c02ad4e96a36dba14d663c5105bb6614500-744x1039.png
ogn-040,Origins,OGN,040,Seal of Rage,Gear,Epic,Fury,0,1,,,Reaction|Add,False,,,exhaust: [Reaction] — [Add] 1 fury rune. (Abilities that add resources can't be reacted to.),https://cmsassets.rgpub.io/sanity/images/dsfx7636/game_data_live/fbdd14adb40b0ca46b89f476a356fa21413d812e-744x1039.png
ogn-041,Origins,OGN,041,"Volibear, Furious",Unit,Epic,Fury,10,2,9,Volibear|Freljord,Deflect,False,,Champion,"[Deflect 2] (Opponents must pay 2 runes of any type to choose me with a spell or ability.) When I attack, deal 5 damage split among any number of enemy units here.",https://cmsassets.rgpub.io/sanity/images/dsfx7636/game_data_live/c9165d49b8caae9a856433cd5151e8b368eb80b5-744x1039.png
ogn-042,Origins,OGN,042,Calm Rune,Rune,Common,Calm,,,,,,False,,Basic,,https://cmsassets.rgpub.io/sanity/images/dsfx7636/game_data_live/0a0e8c3d16c2595e2f8efcc2b1466226539b506c-744x1039.png
ogn-043,Origins,OGN,043,Charm,Spell,Common,Calm,1,1,,,,False,,,Move an enemy unit.,https://cmsassets.rgpub.io/sanity/images/dsfx7636/game_data_live/62ae564505db8fcba70605eac2083ac2d4397b5a-744x1039.png
ogn-044,Origins,OGN,044,Clockwork Keeper,Unit,Common,Calm,2,0,2,Shurima,,False,,,"As you play me, you may pay 1 calm rune as an additional cost. If you do, draw 1.",https://cmsassets.rgpub.io/sanity/images/dsfx7636/game_data_live/417e606418349bb25d4b07d460fa043ad85f2778-744x1039.png
ogn-045,Origins,OGN,045,Defy,Spell,Common,Calm,1,1,,,Reaction,False,,,"[Reaction] (Play any time, even before spells and abilities resolve.) Counter a spell that costs no more than 4 energy and no more than 1 rune of any type.",https://cmsassets.rgpub.io/sanity/images/dsfx7636/game_data_live/4989bfcc4bd7be77051f0c2c349a981ba9c273e0-744x1039.png
ogn-046,Origins,OGN,046,En Garde,Spell,Common,Calm,1,0,,,Reaction,False,,,"[Reaction] (Play any time, even before spells and abilities resolve.) Give a friendly unit +1 might this turn, then an additional +1 might this turn if it is the only unit you control there.",https://cmsassets.rgpub.io/sanity/images/dsfx7636/game_data_live/03c0ec7eaa5957a62869dad2a0ce40913fc874a9-744x1039.png
ogn-047,Origins,OGN,047,Find Your Center,Spell,Common,Calm,3,0,,,Action,False,,,"[Action] (Play on your turn or in showdowns.) If an opponent's score is within 3 points of the Victory Score, this costs 2 energy less. Draw 1 and channel 1 rune exhausted.",https://cmsassets.rgpub.io/sanity/images/dsfx7636/game_data_live/cd9d798b496fdce133c5b0106d636a230b6e7ebe-744x1039.png
ogn-048,Origins,OGN,048,Meditation,Spell,Common,Calm,2,0,,,Reaction,False,,,"[Reaction] (Play any time, even before spells and abilities resolve.) As an additional cost to play this, you may exhaust a friendly unit. If you do, draw 2. Otherwise, draw 1.",https://cmsassets.rgpub.io/sanity/images/dsfx7636/game_data_live/7103336ab0d7f7bebdaa4155e4258d8d9beb06de-744x1039.png
ogn-049,Origins,OGN,049,Playful Phantom,Unit,Common,Calm,5,0,5,Spirit|Shadow Isles,,False,,,,https://cmsassets.rgpub.io/sanity/images/dsfx7636/game_data_live/3171ef8c7968b0dfe088725b9721b19d175bdb1e-744x1039.png
ogn-050,Origins,OGN,050,Rune Prison,Spell,Common,Calm,2,1,,,Action,False,,,[Action] (Play on your turn or in showdowns.) Stun a unit. (It doesn't deal combat damage this turn.),https://cmsassets.rgpub.io/sanity/images/dsfx7636/game_data_live/21867baeaced3c22cda5f40f6b6c9a8dad4b7042-744x1039.png
ogn-051,Origins,OGN,051,Solari Shieldbearer,Unit,Common,Calm,3,0,2,Mount Targon,,False,,,"When you play me, stun a unit. (It doesn't deal combat damage this turn.)",https://cmsassets.rgpub.io/sanity/images/dsfx7636/game_data_live/9387ea6480c9fd6991760b07a178c07a5fcf1c57-744x1039.png
ogn-052,Origins,OGN,052,Stalwart Poro,Unit,Common,Calm,2,0,2,Poro,Shield,False,,,[Shield] (+1 might while I'm a defender.),https://cmsassets.rgpub.io/sanity/images/dsfx7636/game_data_live/c4a5d7178e783c3975749271b6df333a82a2328a-744x1039.png
ogn-053,Origins,OGN,053,Stand United,Spell,Common,Calm,3,0,,,Hidden|Action,False,,,"[Hidden] (Hide now for 1 rune of any type to react with later for 0 energy.) [Action] (Play on your turn or in showdowns.) Buff a friendly unit. Buffs give an additional +1 might to friendly units this turn. (To buff a unit, give it a +1 might buff if it doesn't already have one.)",https://cmsassets.rgpub.io/sanity/images/dsfx7636/game_data_live/4d10570e70a998de520d4baba254c3b726caa4f0-744x1039.png
ogn-054,Origins,OGN,054,Sunlit Guardian,Unit,Common,Calm,3,0,3,Shurima,Shield|Tank,False,,,[Shield] (+1 might while I'm a defender.) [Tank] (I must be assigned combat damage first.),https://cmsassets.rgpub.io/sanity/images/dsfx7636/game_data_live/28bce7a662b9008f65565300f828d98790a641e1-744x1039.png
ogn-055,Origins,OGN,055,Wielder of Water,Unit,Common,Calm,3,0,2,Ionia,,False,,,"While I'm attacking or defending alone, I have +2 might.",https://cmsassets.rgpub.io/sanity/images/dsfx7636/game_data_live/5b38a7758705bd739caf07b5c0c49482a4a23015-744x1039.png
ogn-056,Origins,OGN,056,Adaptatron,Unit,Uncommon,Calm,4,0,3,Mech|Piltover,,False,,,"When I conquer, you may kill a gear. If you do, buff me. (If I don't have a buff, I get a +1 might buff.)",https://cmsassets.rgpub.io/sanity/images/dsfx7636/game_data_live/a3ddb00a2a872eaceb96469739531414aa27455d-744x1039.png
ogn-057,Origins,OGN,057,Block,Spell,Uncommon,Calm,2,0,,,Hidden|Action|Shield|Tank,False,,,[Hidden] (Hide now for 1 rune of any type to react with later for 0 energy.) [Action] (Play on your turn or in showdowns.) Give a unit [Shield 3] and [Tank] this turn. (+3 might while it's a defender. It must be assigned combat damage first.),https://cmsassets.rgpub.io/sanity/images/dsfx7636/game_data_live/36f7352e715fe073631ed85be41408c9a38ab865-744x1039.png
ogn-058,Origins,OGN,058,Discipline,Spell,Uncommon,Calm,2,0,,,Reaction,False,,,"[Reaction] (Play any time, even before spells and abilities resolve.) Give a unit +2 might this turn. Draw 1.",https://cmsassets.rgpub.io/sanity/images/dsfx7636/game_data_live/8b9613970b505e3ad6abe2d51d091778314a7d48-744x1039.png
ogn-059,Origins,OGN,059,Eclipse Herald,Unit,Uncommon,Calm,7,1,7,Bird|Mount Targon,,False,,,"When you stun an enemy unit, ready me and give me +1 might this turn.",https://cmsassets.rgpub.io/sanity/images/dsfx7636/game_data_live/bbe4fec278b8960681f97da658dc2f06ee46c4bd-744x1039.png
ogn-060,Origins,OGN,060,Mask of Foresight,Gear,Uncommon,Calm,2,0,,,,False,,,"When a friendly unit attacks or defends alone, give it +1 might this turn.",https://cmsassets.rgpub.io/sanity/images/dsfx7636/game_data_live/03824709acbb4151d13b083a842c4702a3e61221-744x1039.png
ogn-061,Origins,OGN,061,Poro Herder,Unit,Uncommon,Calm,3,1,3,Freljord,,False,,,"When you play me, if you control a Poro, buff me and draw 1. (If I don't have a buff, I get a +1 might buff.)",https://cmsassets.rgpub.io/sanity/images/dsfx7636/game_data_live/166b718a8517fcceac7e7d4f6acbc4fa0bbc2c55-744x1039.png
ogn-062,Origins,OGN,062,Reinforce,Spell,Uncommon,Calm,5,0,,,,False,,,"Look at the top 5 cards of your Main Deck. You may banish a unit from among them, then play it, reducing its cost by 5 energy. Recycle the remaining cards.",https://cmsassets.rgpub.io/sanity/images/dsfx7636/game_data_live/5bb4ce960c7636dac103c560a2e2f4e32f9d5390-744x1039.png
ogn-063,Origins,OGN,063,Spirit's Refuge,Gear,Uncommon,Calm,2,1,,,Deflect,False,,,"When you play this, buff a friendly unit. (If it doesn't have a buff, it gets a +1 might buff.) Friendly buffed units have [Deflect] if they didn't already. (Opponents must pay 1 rune of any type to choose those units with a spell or ability.)",https://cmsassets.rgpub.io/sanity/images/dsfx7636/game_data_live/26d5e54580d1f17ed6c35a66ac6a90ce56c99ec8-744x1039.png
ogn-064,Origins,OGN,064,Wind Wall,Spell,Uncommon,Calm,3,2,,,Reaction,False,,,"[Reaction] (Play any time, even before spells and abilities resolve.) Counter a spell.",https://cmsassets.rgpub.io/sanity/images/dsfx7636/game_data_live/72c4dbe48d06916c847dab40340e5f05228fadfe-744x1039.png
ogn-065,Origins,OGN,065,Wizened Elder,Unit,Uncommon,Calm,4,0,4,Ionia,,False,,,"While I'm buffed, I have an additional +1 might.",https://cmsassets.rgpub.io/sanity/images/dsfx7636/game_data_live/7b98797789ad7e3a6cf52126b82a42ec6f269bb7-744x1039.png
ogn-066,Origins,OGN,066,"Ahri, Alluring",Unit,Rare,Calm,5,1,4,Ahri|Ionia,,False,,Champion,"When I hold, you score 1 point.",https://cmsassets.rgpub.io/sanity/images/dsfx7636/game_data_live/fabbcc2f83f397cf07299236a702db05a151053b-744x1039.png
ogn-067,Origins,OGN,067,"Blitzcrank, Impassive",Unit,Rare,Calm,5,1,5,Mech|Blitzcrank|Zaun,Tank,False,,Champion,"[Tank] (I must be assigned combat damage first.) When you play me to a battlefield, you may move an enemy unit to here. When I hold, return me to my owner's hand.",https://cmsassets.rgpub.io/sanity/images/dsfx7636/game_data_live/654dcc4aef0a0b5a0c6e928d7aae397a52c3ab17-744x1039.png
ogn-068,Origins,OGN,068,"Caitlyn, Patrolling",Unit,Rare,Calm,3,1,3,Caitlyn|Piltover,,False,,Champion,I must be assigned combat damage last. exhaust: Deal damage equal to my Might to a unit at a battlefield. Use this ability only while I'm at a battlefield.,https://cmsassets.rgpub.io/sanity/images/dsfx7636/game_data_live/51e6bacf25d19e7c391367ff107efb9e0b9f1ff5-744x1039.png
ogn-069,Origins,OGN,069,Last Stand,Spell,Rare,Calm,3,1,,,Action|Temporary,False,,,"[Action] (Play on your turn or in showdowns.) Double a friendly unit's Might this turn. Give it [Temporary]. (Kill it at the start of its controller's Beginning Phase, before scoring.)",https://cmsassets.rgpub.io/sanity/images/dsfx7636/game_data_live/9062d372d299c5c6a0c679f0ff07ba71590ca5f1-744x1039.png
ogn-070,Origins,OGN,070,Mageseeker Warden,Unit,Rare,Calm,6,1,5,Demacia,,False,,,"While I'm at a battlefield, opponents can only play units to their base. While I'm at a battlefield, spells and abilities can't ready enemy units and gear.",https://cmsassets.rgpub.io/sanity/images/dsfx7636/game_data_live/ae844b929f817cdf76fe40c7bf5d5fc02062bdac-744x1039.png
ogn-071,Origins,OGN,071,Party Favors,Spell,Rare,Calm,3,0,,,,False,,,"Each other player chooses Cards or Runes. For each player that chooses Cards, you and that player each draw 1. For each player that chooses Runes, you and that player each channel 1 rune exhausted.",https://cmsassets.rgpub.io/sanity/images/dsfx7636/game_data_live/fddcef3c55663c5d6856f6d039d19cacfd64abb5-744x1039.png
ogn-072,Origins,OGN,072,Solari Shrine,Gear,Rare,Calm,3,0,,,,False,,,"When you kill a stunned enemy unit, you may exhaust this to draw 1.",https://cmsassets.rgpub.io/sanity/images/dsfx7636/game_data_live/139a6d1c62a717bab4cdd75926e7f4aba6efb15d-744x1039.png
ogn-073,Origins,OGN,073,"Sona, Harmonious",Unit,Rare,Calm,4,1,4,Sona|Demacia,,False,,Champion,"While I'm at a battlefield, ready 4 friendly runes at the end of your turn.",https://cmsassets.rgpub.io/sanity/images/dsfx7636/game_data_live/8582f6430821fb912fcb3619c5ce9405f254cb2f-744x1039.png
ogn-074,Origins,OGN,074,"Taric, Protector",Unit,Rare,Calm,4,1,4,Taric|Mount Targon,Shield|Tank,False,,Champion,[Shield] (+1 might while I'm a defender.) [Tank] (I must be assigned combat damage first.) Other friendly units here have [Shield].,https://cmsassets.rgpub.io/sanity/images/dsfx7636/game_data_live/7d08e3f64401cb87b8a0564a1cbe6fc94aee03a7-744x1039.png
ogn-075,Origins,OGN,075,Tasty Faefolk,Unit,Rare,Calm,7,0,6,Fae|Bandle City,Accelerate|Deathknell,False,,,"[Accelerate] (You may pay 1 energy and 1 calm rune as an additional cost to have me enter ready.) [Deathknell] — Channel 2 runes exhausted and draw 1. (When I die, get the effect.)",https://cmsassets.rgpub.io/sanity/images/dsfx7636/game_data_live/65f69ca9a1087deb12e91fb6fdee7b6efd0c088f-744x1039.png
ogn-076,Origins,OGN,076,"Yasuo, Remorseful",Unit,Rare,Calm,6,2,6,Yasuo|Ionia,,False,,Champion,"When I attack, deal damage equal to my Might to an enemy unit here.",https://cmsassets.rgpub.io/sanity/images/dsfx7636/game_data_live/1643a6c93626884c93363557e1a483642bda6c45-744x1039.png
ogn-077,Origins,OGN,077,Zhonya's Hourglass,Gear,Rare,Calm,2,0,,,Hidden,False,,,"[Hidden] (Hide now for 1 rune of any type to react with later for 0 energy.) The next time a friendly unit would die, kill this instead. Recall that unit exhausted. (Send it to base. This isn't a move.)",https://cmsassets.rgpub.io/sanity/images/dsfx7636/game_data_live/dc38172c56f838b407fc9f170ba973da32d7cd4d-744x1039.png
ogn-078,Origins,OGN,078,"Lee Sin, Ascetic",Unit,Epic,Calm,5,1,5,Lee Sin|Ionia,Shield,False,,Champion,[Shield] (+1 might while I'm a defender.) exhaust: Buff me. (I get a +1 might buff.) I can have any number of buffs.,https://cmsassets.rgpub.io/sanity/images/dsfx7636/game_data_live/70734e8833bfbbdb2736407c449f418553e3cf7c-744x1039.png
ogn-079,Origins,OGN,079,"Leona, Zealot",Unit,Epic,Calm,6,1,6,Leona|Mount Targon,,False,,Champion,"If an opponent's score is within 3 points of the Victory Score, I enter ready. Stunned enemy units here have -8 might, to a minimum of 1 might.",https://cmsassets.rgpub.io/sanity/images/dsfx7636/game_data_live/3bd1e924bec41b0f733fc8b93dc8918ce5a53ba4-744x1039.png
ogn-007a,Origins,OGN,007a,Fury Rune,Rune,Showcase,Fury,,,,,,True,,Basic,,https://cmsassets.rgpub.io/sanity/images/dsfx7636/game_data_live/09da06c69d07d4e72dde703737ef167472c715af-1488x2078.png
ogn-080,Origins,OGN,080,Mystic Reversal,Spell,Epic,Calm,4,3,,,Reaction,False,,,"[Reaction] (Play any time, even before spells and abilities resolve.) Gain control of a spell. You may make new choices for it.",https://cmsassets.rgpub.io/sanity/images/dsfx7636/game_data_live/298fe91f9d76086b7d77880e11016ed46389b61b-744x1039.png
ogn-081,Origins,OGN,081,Seal of Focus,Gear,Epic,Calm,0,1,,,Reaction|Add,False,,,exhaust: [Reaction] — [Add] 1 calm rune. (Abilities that add resources can't be reacted to.),https://cmsassets.rgpub.io/sanity/images/dsfx7636/game_data_live/288c300c4e4cb10ecfe6c3cbb543d0636b306852-744x1039.png
ogn-082,Origins,OGN,082,Whiteflame Protector,Unit,Epic,Calm,8,2,8,Dragon|Mount Targon,,False,,,"When you play me, give a unit +8 might this turn.",https://cmsassets.rgpub.io/sanity/images/dsfx7636/game_data_live/a5cdd793736f915fa1b4ea388af66de7b2bc00cb-744x1039.png
ogn-083,Origins,OGN,083,Consult the Past,Spell,Common,Mind,4,0,,,Hidden|Reaction,False,,,"[Hidden] (Hide now for 1 rune of any type to react with later for 0 energy.) [Reaction] (Play any time, even before spells and abilities resolve.) Draw 2.",https://cmsassets.rgpub.io/sanity/images/dsfx7636/game_data_live/198d950d3933972273ec714e9264cbd563ea6920-744x1039.png
ogn-084,Origins,OGN,084,Eager Apprentice,Unit,Common,Mind,3,0,3,Piltover,,False,,,"While I'm at a battlefield, the Energy costs for spells you play is reduced by 1 energy, to a minimum of 1 energy.",https://cmsassets.rgpub.io/sanity/images/dsfx7636/game_data_live/cf6d5447ff3634d8c2c0216cb2e5802fb5ca0b2e-744x1039.png
ogn-085,Origins,OGN,085,Falling Comet,Spell,Common,Mind,5,0,,,Action,False,,,[Action] (Play on your turn or in showdowns.) Deal 6 to a unit at a battlefield.,https://cmsassets.rgpub.io/sanity/images/dsfx7636/game_data_live/eaaf300a07d5b2927fe9a601d70f2a01b512cc7e-744x1039.png
ogn-086,Origins,OGN,086,Jeweled Colossus,Unit,Common,Mind,5,0,5,Mount Targon,Vision|Shield,False,,,"[Vision] (When you play me, look at the top card of your Main Deck. You may recycle it.) [Shield] (+1 might while I'm a defender.)",https://cmsassets.rgpub.io/sanity/images/dsfx7636/game_data_live/775bea14038165fd9feb15c796ed84aa00a032e1-744x1039.png
ogn-087,Origins,OGN,087,Lecturing Yordle,Unit,Common,Mind,3,0,2,Yordle|Bandle City,Tank,False,,,"[Tank] (I must be assigned combat damage first.) When you play me, draw 1.",https://cmsassets.rgpub.io/sanity/images/dsfx7636/game_data_live/62e22370dac35c18de21efbfce9c86ca821e9105-744x1039.png
ogn-088,Origins,OGN,088,Mega-Mech,Unit,Common,Mind,7,0,8,Mech|Bandle City,,False,,,,https://cmsassets.rgpub.io/sanity/images/dsfx7636/game_data_live/f71db7b62798a2a10a1ab0d293c26ac9dd163c6a-744x1039.png
ogn-089,Origins,OGN,089,Mind Rune,Rune,Common,Mind,,,,,,False,,Basic,,https://cmsassets.rgpub.io/sanity/images/dsfx7636/game_data_live/f99aa4874baaebd2e81798c8a3aa01c5900f6d30-744x1039.png
ogn-090,Origins,OGN,090,Orb of Regret,Gear,Common,Mind,1,0,,,,False,,,"exhaust: Give a unit -1 might this turn, to a minimum of 1 might.",https://cmsassets.rgpub.io/sanity/images/dsfx7636/game_data_live/fd883b646d1a3cdb1a03b0c19dc62c92ca552f4f-744x1039.png
ogn-091,Origins,OGN,091,Pit Crew,Unit,Common,Mind,3,0,3,Bandle City,,False,,,"When you play a gear, ready me.",https://cmsassets.rgpub.io/sanity/images/dsfx7636/game_data_live/8023223b55adc44bafe1f8c5f305d3dde6f6d114-744x1039.png
ogn-092,Origins,OGN,092,Riptide Rex,Unit,Common,Mind,6,2,6,Pirate|Bilgewater,,False,,,"When you play me, deal 6 to an enemy unit at a battlefield.",https://cmsassets.rgpub.io/sanity/images/dsfx7636/game_data_live/e09bf1fb6d72da31d415ea31ae7413fe7f02d650-744x1039.png
ogn-093,Origins,OGN,093,Smoke Screen,Spell,Common,Mind,2,1,,,Reaction,False,,,"[Reaction] (Play any time, even before spells and abilities resolve.) Give a unit -4 might this turn, to a minimum of 1 might.",https://cmsassets.rgpub.io/sanity/images/dsfx7636/game_data_live/06c34457afd09b828ee0b2862ed51eb31004d888-744x1039.png
ogn-094,Origins,OGN,094,Sprite Call,Spell,Common,Mind,3,0,,,Hidden|Action|Temporary,False,,,"[Hidden] (Hide now for 1 rune of any type to react with later for 0 energy.) [Action] (Play on your turn or in showdowns.) Play a ready 3 might Sprite unit token with [Temporary]. (Kill it at the start of its controller's Beginning Phase, before scoring.)",https://cmsassets.rgpub.io/sanity/images/dsfx7636/game_data_live/ab3db48dcbb12b01151d3a08c2412020380b7ca5-744x1039.png
ogn-095,Origins,OGN,095,Stupefy,Spell,Common,Mind,1,0,,,Reaction,False,,,"[Reaction] (Play any time, even before spells and abilities resolve.) Give a unit -1 might this turn, to a minimum of 1 might. Draw 1.",https://cmsassets.rgpub.io/sanity/images/dsfx7636/game_data_live/837a5976192bbf8bdb4086429802167548ecc119-744x1039.png
ogn-096,Origins,OGN,096,Watchful Sentry,Unit,Common,Mind,2,0,1,Freljord,Deathknell,False,,,"[Deathknell] — Draw 1. (When I die, get the effect.)",https://cmsassets.rgpub.io/sanity/images/dsfx7636/game_data_live/d84da2c62b1e218a0a74b227c49ce8a953918ebd-744x1039.png
ogn-097,Origins,OGN,097,Blastcone Fae,Unit,Uncommon,Mind,2,1,2,Fae|Bandle City,Hidden,False,,,"[Hidden] (Hide now for 1 rune of any type to react with later for 0 energy.) When you play me, give a unit -2 might this turn, to a minimum of 1 might.",https://cmsassets.rgpub.io/sanity/images/dsfx7636/game_data_live/fac53b2216490c99ad7ce11dc5e663a692d6c104-744x1039.png
ogn-098,Origins,OGN,098,Energy Conduit,Gear,Uncommon,Mind,3,0,,,Reaction|Add,False,,,exhaust: [Reaction] — [Add] 1 energy. (Abilities that add resources can't be reacted to.),https://cmsassets.rgpub.io/sanity/images/dsfx7636/game_data_live/f0e0a67e9e9b1d45d12d248df78b4e643b70bdc1-744x1039.png
ogn-099,Origins,OGN,099,Garbage Grabber,Gear,Uncommon,Mind,2,0,,,,False,,,"Recycle 3 from your trash, 1 energy, exhaust: Draw 1.",https://cmsassets.rgpub.io/sanity/images/dsfx7636/game_data_live/199f21237aeee2582904463a15ec62ce29452c10-744x1039.png
ogn-100,Origins,OGN,100,Gemcraft Seer,Unit,Uncommon,Mind,3,1,3,Mount Targon,Vision,False,,,"[Vision] (When you play me, look at the top card of your Main Deck. You may recycle it.) Other friendly units have [Vision].",https://cmsassets.rgpub.io/sanity/images/dsfx7636/game_data_live/4b6965bd592a5f602ab932094d677b6c85b2372b-744x1039.png
ogn-101,Origins,OGN,101,Mushroom Pouch,Gear,Uncommon,Mind,2,0,,,,False,,,"At the start of your Beginning Phase, if you control a facedown card at a battlefield, draw 1.",https://cmsassets.rgpub.io/sanity/images/dsfx7636/game_data_live/ef5b3125fda91c0d0a02b7e6dfb7d3d5bafa8bd0-744x1039.png
ogn-102,Origins,OGN,102,Portal Rescue,Spell,Uncommon,Mind,3,1,,,Action,False,,,"[Action] (Play on your turn or in showdowns.) Banish a friendly unit, then play it to base, ignoring its cost.",https://cmsassets.rgpub.io/sanity/images/dsfx7636/game_data_live/bafb4c68fa9a3eb71fecd0cdffb9e20b9f68d532-744x1039.png
ogn-103,Origins,OGN,103,Ravenbloom Student,Unit,Uncommon,Mind,2,0,2,Noxus,,False,,,"When you play a spell, give me +1 might this turn.",https://cmsassets.rgpub.io/sanity/images/dsfx7636/game_data_live/b98b1ff793b6eb263957258742cc83d50fda6537-744x1039.png
ogn-104,Origins,OGN,104,Retreat,Spell,Uncommon,Mind,1,0,,,Reaction,False,,,"[Reaction] (Play any time, even before spells and abilities resolve.) Return a friendly unit to its owner's hand. Its owner channels 1 rune exhausted.",https://cmsassets.rgpub.io/sanity/images/dsfx7636/game_data_live/71ecf6c06d3110a81ac0f01c726c06921f479a13-744x1039.png
ogn-105,Origins,OGN,105,Singularity,Spell,Uncommon,Mind,6,2,,,,False,,,Deal 6 to each of up to two units.,https://cmsassets.rgpub.io/sanity/images/dsfx7636/game_data_live/792edce1a64d4a92740aa3fa240e21e161513944-744x1039.png
ogn-106,Origins,OGN,106,Sprite Mother,Unit,Uncommon,Mind,4,1,3,Fae,Temporary,False,,,"When you play me, play a ready 3 might Sprite unit token with [Temporary] here. (Kill it at the start of its controller's Beginning Phase, before scoring.)",https://cmsassets.rgpub.io/sanity/images/dsfx7636/game_data_live/65c06528f88de1ac207b382d4830ccfdd08a2d12-744x1039.png
ogn-107,Origins,OGN,107,Ava Achiever,Unit,Rare,Mind,5,0,4,Yordle,Hidden,False,,,"When I attack, you may pay 1 mind rune to play a card with [Hidden] from your hand here, ignoring its cost.",https://cmsassets.rgpub.io/sanity/images/dsfx7636/game_data_live/93e91aa99eb09baa68dd95b0013a89d9ffde5240-744x1039.png
ogn-108,Origins,OGN,108,Convergent Mutation,Spell,Rare,Mind,2,1,,,Reaction,False,,,"[Reaction] (Play any time, even before spells and abilities resolve.) Choose a friendly unit. This turn, increase its Might to the Might of another friendly unit.",https://cmsassets.rgpub.io/sanity/images/dsfx7636/game_data_live/61d414fc67ff52b9082e282e628dd0916afd8454-744x1039.png
ogn-109,Origins,OGN,109,"Dr. Mundo, Expert",Unit,Rare,Mind,8,2,6,Dr. Mundo|Zaun,,False,,Champion,"My Might is increased by the number of cards in your trash. At the start of your Beginning Phase, recycle 3 from your trash.",https://cmsassets.rgpub.io/sanity/images/dsfx7636/game_data_live/cf51fe8bedf5139e8cc1fc062969949ea7b121f0-744x1039.png
ogn-110,Origins,OGN,110,"Ekko, Recurrent",Unit,Rare,Mind,5,1,5,Ekko|Zaun,Accelerate|Deathknell,False,2026-09-18,Champion,"[Accelerate] (You may pay 1 energy and 1 mind rune as an additional cost to have me enter ready.) [Deathknell] — Recycle me to ready your runes. (When I die, get the effect.)",https://cmsassets.rgpub.io/sanity/images/dsfx7636/game_data_live/65da19325b6def53d33c07bc1aa8f91fd2f1e723-744x1039.png
ogn-111,Origins,OGN,111,"Heimerdinger, Inventor",Unit,Rare,Mind,3,1,3,Yordle|Heimerdinger|Piltover,,False,,Champion,"I have all exhaust abilities of all friendly legends, units, and gear.",https://cmsassets.rgpub.io/sanity/images/dsfx7636/game_data_live/5b14a5f9d567c90329c151a8cc72d870b47b1434-744x1039.png
ogn-112,Origins,OGN,112,"Kai'Sa, Evolutionary",Unit,Rare,Mind,6,1,6,Kai'Sa|The Void,Ganking,False,,Champion,"[Ganking] (I can move from battlefield to battlefield.) When I conquer, you may play a spell from your trash with Energy cost less than your points without paying its Energy cost. Then recycle it. (You must still pay its Power cost.)",https://cmsassets.rgpub.io/sanity/images/dsfx7636/game_data_live/fc4ee60eaedd5c56a9222fd07482b6a86b11baa4-744x1039.png
ogn-113,Origins,OGN,113,"Malzahar, Fanatic",Unit,Rare,Mind,4,0,3,Malzahar|The Void,Action|Add,False,,Champion,"Kill a friendly unit or gear, exhaust: [Action] — [Add] 2 runes of any type. (Use on your turn or in showdowns. Abilities that add resources can't be reacted to.)",https://cmsassets.rgpub.io/sanity/images/dsfx7636/game_data_live/ba1fa3a18b1c2ff132ad536577e53deb49bce1f9-744x1039.png
ogn-114,Origins,OGN,114,Progress Day,Spell,Rare,Mind,6,1,,,,False,,,Draw 4.,https://cmsassets.rgpub.io/sanity/images/dsfx7636/game_data_live/b15f479a8f29e31b6e4c06cf2d7c8cb8630073ef-744x1039.png
ogn-115,Origins,OGN,115,Promising Future,Spell,Rare,Mind,5,1,,,,False,,,"Each player looks at the top 5 cards of their Main Deck, chooses one, then recycles the rest. Starting with the next player, each player plays those cards, ignoring Energy costs. (They must still pay Power costs.)",https://cmsassets.rgpub.io/sanity/images/dsfx7636/game_data_live/1ea5e7e50aaecee0b2ee2657d3c829dff0718fba-744x1039.png
ogn-116,Origins,OGN,116,Thousand-Tailed Watcher,Unit,Rare,Mind,7,1,7,Ionia,Accelerate,False,,,"[Accelerate] (You may pay 1 energy and 1 mind rune as an additional cost to have me enter ready.) When you play me, give enemy units -3 might this turn, to a minimum of 1 might.",https://cmsassets.rgpub.io/sanity/images/dsfx7636/game_data_live/b20e5644c33924a58e0497dd9f7db19723147003-744x1039.png
ogn-117,Origins,OGN,117,"Viktor, Innovator",Unit,Rare,Mind,4,1,3,Viktor|Zaun,,False,,Champion,"When you play a card on an opponent's turn, play a 1 might Recruit unit token in your base.",https://cmsassets.rgpub.io/sanity/images/dsfx7636/game_data_live/35be0b10f13611b4f5d828f2a79001036ab57ba1-744x1039.png
ogn-118,Origins,OGN,118,Wraith of Echoes,Unit,Rare,Mind,6,1,5,Spirit|Shadow Isles,,False,,,"The first time a friendly unit dies each turn, draw 1.",https://cmsassets.rgpub.io/sanity/images/dsfx7636/game_data_live/10785ab5267ca3ff2dea081d8d18ba47c3858517-744x1039.png
ogn-119,Origins,OGN,119,"Ahri, Inquisitive",Unit,Epic,Mind,3,1,3,Ahri|Ionia,,False,,Champion,"When I attack or defend, give an enemy unit here -2 might this turn, to a minimum of 1 might.",https://cmsassets.rgpub.io/sanity/images/dsfx7636/game_data_live/cfa28e1abcac1db780d11e82985e13ee5978290d-744x1039.png
ogn-120,Origins,OGN,120,Seal of Insight,Gear,Epic,Mind,0,1,,,Reaction|Add,False,,,exhaust: [Reaction] — [Add] 1 mind rune. (Abilities that add resources can't be reacted to.),https://cmsassets.rgpub.io/sanity/images/dsfx7636/game_data_live/9ee0dc0221f83d569e0f458374e40f7238f306c2-744x1039.png
ogn-121,Origins,OGN,121,"Teemo, Strategist",Unit,Epic,Mind,2,1,2,Yordle|Teemo|Bandle City,Hidden,False,,Champion,"[Hidden] (Hide now for 1 rune of any type to react with later for 0 energy.) When I defend or I'm played from [Hidden], reveal the top 5 cards of your Main Deck. Deal 1 to an enemy unit here for each card with [Hidden], then recycle them.",https://cmsassets.rgpub.io/sanity/images/dsfx7636/game_data_live/b05f31bf744972983f61a9f5801b4ffd68fb9ebf-744x1039.png
ogn-122,Origins,OGN,122,Time Warp,Spell,Epic,Mind,10,4,,,,False,,,Take a turn after this one. Banish this.,https://cmsassets.rgpub.io/sanity/images/dsfx7636/game_data_live/b97bbcf3cf6cb6e5f4baaa1bfbb85dc860eb950b-744x1039.png
ogn-123,Origins,OGN,123,Unchecked Power,Spell,Epic,Mind,7,2,,,,False,,,"Exhaust all friendly units, then deal 12 to ALL units at battlefields.",https://cmsassets.rgpub.io/sanity/images/dsfx7636/game_data_live/c44cd1f6f41144c770ac79f10e5ae75f0c6d6435-744x1039.png
ogn-124,Origins,OGN,124,Arena Bar,Gear,Common,Body,3,0,,,,False,,,"exhaust: Buff an exhausted friendly unit. (If it doesn't have a buff, it gets a +1 might buff.)",https://cmsassets.rgpub.io/sanity/images/dsfx7636/game_data_live/519306d1d4a36f2d54fe0982268a197a257f5e5d-744x1039.png
ogn-125,Origins,OGN,125,Bilgewater Bully,Unit,Common,Body,6,0,6,Bilgewater,Ganking,False,,,"While I'm buffed, I have [Ganking]. (I can move from battlefield to battlefield.)",https://cmsassets.rgpub.io/sanity/images/dsfx7636/game_data_live/474f66ffa1ecebd9e0341d644cb82a3b8135eece-744x1039.png
ogn-126,Origins,OGN,126,Body Rune,Rune,Common,Body,,,,,,False,,Basic,,https://cmsassets.rgpub.io/sanity/images/dsfx7636/game_data_live/3b3c3c07626d6180457c849047e0228dc0d19539-744x1039.png
ogn-127,Origins,OGN,127,Cannon Barrage,Spell,Common,Body,2,1,,,Reaction,False,,,"[Reaction] (Play any time, even before spells and abilities resolve.) Deal 2 to all enemy units in combat.",https://cmsassets.rgpub.io/sanity/images/dsfx7636/game_data_live/07ef531829e5c6084a8d31044ebd783a9266f59e-744x1039.png
ogn-128,Origins,OGN,128,Challenge,Spell,Common,Body,2,1,,,Action,False,,,[Action] (Play on your turn or in showdowns.) Choose a friendly unit and an enemy unit. They deal damage equal to their Mights to each other.,https://cmsassets.rgpub.io/sanity/images/dsfx7636/game_data_live/f5c1aeaee373c481b7ea2a638cd6f9e815ac105d-744x1039.png
ogn-129,Origins,OGN,129,Confront,Spell,Common,Body,2,0,,,Action,False,,,[Action] (Play on your turn or in showdowns.) Units you play this turn enter ready. Draw 1.,https://cmsassets.rgpub.io/sanity/images/dsfx7636/game_data_live/691a38a7c344fdb5ee86e34d41321d99754286a7-744x1039.png
ogn-130,Origins,OGN,130,Crackshot Corsair,Unit,Common,Body,3,0,3,Pirate|Bilgewater,,False,,,"When I attack, deal 1 to an enemy unit here.",https://cmsassets.rgpub.io/sanity/images/dsfx7636/game_data_live/9106ab084e02d7a489cb351e98112e5833b0bb11-744x1039.png
ogn-131,Origins,OGN,131,Dune Drake,Unit,Common,Body,5,0,5,Dragon|Shurima,,False,,,"When I attack, give me +2 might this turn if there is a ready enemy unit here.",https://cmsassets.rgpub.io/sanity/images/dsfx7636/game_data_live/ba18bf4a5fa9777a0cb5ae69cc7e6f049bbceaa0-744x1039.png
ogn-132,Origins,OGN,132,First Mate,Unit,Common,Body,3,0,3,Pirate|Bilgewater,,False,,,"When you play me, ready another unit.",https://cmsassets.rgpub.io/sanity/images/dsfx7636/game_data_live/85e2b436ea482d53563cc5fa955f2a867ee6c32f-744x1039.png
ogn-133,Origins,OGN,133,Flurry of Blades,Spell,Common,Body,1,0,,,Reaction,False,,,"[Reaction] (Play any time, even before spells and abilities resolve.) Deal 1 to all units at battlefields.",https://cmsassets.rgpub.io/sanity/images/dsfx7636/game_data_live/c72f872e7e71b55b2074c5be4f2d7a44fa6fafca-744x1039.png
ogn-134,Origins,OGN,134,Mobilize,Spell,Common,Body,2,0,,,,False,,,"Channel 1 rune exhausted. If you can't, draw 1.",https://cmsassets.rgpub.io/sanity/images/dsfx7636/game_data_live/cb22153e84ce250192b8e6e75e7f4dc0b66a728c-744x1039.png
ogn-135,Origins,OGN,135,Pakaa Cub,Unit,Common,Body,3,0,3,Cat|Ixtal,Hidden,False,,,[Hidden] (Hide now for 1 rune of any type to react with later for 0 energy.),https://cmsassets.rgpub.io/sanity/images/dsfx7636/game_data_live/156a66d7d44165367cc5a470fb35c86f337f9429-744x1039.png
ogn-136,Origins,OGN,136,Pit Rookie,Unit,Common,Body,2,0,2,Bilgewater,,False,,,"When you play me, buff another friendly unit. (If it doesn't have a buff, it gets a +1 might buff.)",https://cmsassets.rgpub.io/sanity/images/dsfx7636/game_data_live/ec19eeaee85c7e5669387a3f6ccb7718f5a0f570-744x1039.png
ogn-137,Origins,OGN,137,Stormclaw Ursine,Unit,Common,Body,7,0,6,Freljord,Tank,False,,,"[Tank] (I must be assigned combat damage first.) When you play me, channel 1 rune exhausted.",https://cmsassets.rgpub.io/sanity/images/dsfx7636/game_data_live/137e5a1faec1c8b26a5a0abc7802f6461cc725c8-744x1039.png
ogn-138,Origins,OGN,138,Catalyst of Aeons,Spell,Uncommon,Body,4,0,,,,False,,,"Channel 2 runes exhausted. If you couldn't channel 2 runes this way, draw 1.",https://cmsassets.rgpub.io/sanity/images/dsfx7636/game_data_live/4753707323ab6f9ac572c097f29f2f76ac62f54f-744x1039.png
ogn-139,Origins,OGN,139,Cithria of Cloudfield,Unit,Uncommon,Body,2,0,1,Elite|Demacia,,False,,,"When you play another unit, buff me. (If I don't have a buff, I get a +1 might buff.)",https://cmsassets.rgpub.io/sanity/images/dsfx7636/game_data_live/6f0931db65e25e0a8d8351ffb97f8deed5dc0aa9-744x1039.png
ogn-140,Origins,OGN,140,Herald of Scales,Unit,Uncommon,Body,4,0,3,Mount Targon,,False,,,"Your Dragons' Energy costs are reduced by 2 energy, to a minimum of 1 energy.",https://cmsassets.rgpub.io/sanity/images/dsfx7636/game_data_live/be49bceea1d328769774fb4daac4732861f6e4fd-744x1039.png
ogn-141,Origins,OGN,141,Kinkou Monk,Unit,Uncommon,Body,4,1,4,Ionia,,False,,,"When you play me, buff up to two other friendly units. (Each one that doesn't have a buff gets a +1 might buff.)",https://cmsassets.rgpub.io/sanity/images/dsfx7636/game_data_live/648b22c6f419ee55723247bbf4c3ac10f0be9ab5-744x1039.png
ogn-142,Origins,OGN,142,Mountain Drake,Unit,Uncommon,Body,9,0,10,Dragon,,False,,,,https://cmsassets.rgpub.io/sanity/images/dsfx7636/game_data_live/8a9c1d334b217e9bd0b23dfca2054de4d0b90ff1-744x1039.png
ogn-143,Origins,OGN,143,Pirate's Haven,Gear,Uncommon,Body,3,0,,,,False,,,"When you ready a friendly unit, give it +1 might this turn.",https://cmsassets.rgpub.io/sanity/images/dsfx7636/game_data_live/1991b64d58cbd3698574f44b404f7a88d6403134-744x1039.png
ogn-144,Origins,OGN,144,Spoils of War,Spell,Uncommon,Body,4,1,,,Reaction,False,,,"[Reaction] (Play any time, even before spells and abilities resolve.) If an enemy unit has died this turn, this costs 2 energy less. Draw 2.",https://cmsassets.rgpub.io/sanity/images/dsfx7636/game_data_live/b8d59d015d6b8e15822b360447fcb364e14d550f-744x1039.png
ogn-145,Origins,OGN,145,Unyielding Spirit,Spell,Uncommon,Body,1,1,,,Reaction,False,,,"[Reaction] (Play any time, even before spells and abilities resolve.) Prevent all spell and ability damage this turn.",https://cmsassets.rgpub.io/sanity/images/dsfx7636/game_data_live/9afea96ec04ce0c2ee76c4affbf4e6df470e7647-744x1039.png
ogn-146,Origins,OGN,146,Wallop,Spell,Uncommon,Body,2,0,,,Action,False,,,"[Action] (Play on your turn or in showdowns.) As you play this, you may spend a buff as an additional cost. If you do, ignore this spell's cost. Ready a unit.",https://cmsassets.rgpub.io/sanity/images/dsfx7636/game_data_live/7bbd2eb8ce224e1872a1c920d7c64d796b2355cd-744x1039.png
ogn-147,Origins,OGN,147,Wildclaw Shaman,Unit,Uncommon,Body,4,0,3,Freljord,,False,,,"When you play me, you may spend a buff to buff me and ready me. (If I don't have a buff, I get a +1 might buff.)",https://cmsassets.rgpub.io/sanity/images/dsfx7636/game_data_live/7abc938fee4ba397f52c8ea60d350857a7517b0c-744x1039.png
ogn-148,Origins,OGN,148,"Anivia, Primal",Unit,Rare,Body,7,2,8,Bird|Anivia|Freljord,,False,,Champion,"When I attack, deal 3 to all enemy units here.",https://cmsassets.rgpub.io/sanity/images/dsfx7636/game_data_live/ca1a56035333e31b3a04d67ee9131bb4d533e5db-744x1039.png
ogn-149,Origins,OGN,149,Carnivorous Snapvine,Unit,Rare,Body,5,2,6,Shadow Isles,,False,,,"When you play me, choose an enemy unit at a battlefield. We deal damage equal to our Mights to each other.",https://cmsassets.rgpub.io/sanity/images/dsfx7636/game_data_live/5ceaec3452d623931b5ac93d0af26b180b9646de-744x1039.png
ogn-150,Origins,OGN,150,Kraken Hunter,Unit,Rare,Body,3,2,5,Pirate|Bilgewater,Accelerate|Assault,False,,,"[Accelerate] (You may pay 1 energy and 1 body rune as an additional cost to have me enter ready.) [Assault] (+1 might while I'm an attacker.) As you play me, you may spend any number of buffs as an additional cost. Reduce my cost by 1 body rune for each buff you spend.",https://cmsassets.rgpub.io/sanity/images/dsfx7636/game_data_live/51aab4710d000a9c1e665a37ef8c919ff11b0282-744x1039.png
ogn-151,Origins,OGN,151,"Lee Sin, Centered",Unit,Rare,Body,6,0,6,Lee Sin|Ionia,Accelerate,False,,Champion,[Accelerate] (You may pay 1 energy and 1 body rune as an additional cost to have me enter ready.) Other buffed friendly units at my battlefield have +2 might.,https://cmsassets.rgpub.io/sanity/images/dsfx7636/game_data_live/eca1aec1304de9c237751eb0aeed620b9ad0408e-744x1039.png
ogn-152,Origins,OGN,152,Mistfall,Gear,Rare,Body,3,0,,,,False,,,"When you buff a friendly unit, you may pay 1 body rune and exhaust this to ready it.",https://cmsassets.rgpub.io/sanity/images/dsfx7636/game_data_live/1cedf0dcd6c4a44ae867e9f04f9f179d9b91c357-744x1039.png
ogn-153,Origins,OGN,153,Overt Operation,Spell,Rare,Body,5,2,,,Action,False,,,"[Action] (Play on your turn or in showdowns.) For each friendly unit, you may spend its buff to ready it. Then buff all friendly units. (Each one that doesn't have a buff gets a +1 might buff.)",https://cmsassets.rgpub.io/sanity/images/dsfx7636/game_data_live/69dba13c930ba3962851346d2bc6cbeb4ca48455-744x1039.png
ogn-154,Origins,OGN,154,Primal Strength,Spell,Rare,Body,4,1,,,Action,False,,,[Action] (Play on your turn or in showdowns.) Give a unit +7 might this turn.,https://cmsassets.rgpub.io/sanity/images/dsfx7636/game_data_live/dfd910a9836cd36340d0ffdb5fe8cb92a1069963-744x1039.png
ogn-155,Origins,OGN,155,"Qiyana, Victorious",Unit,Rare,Body,4,1,4,Qiyana|Ixtal,Deflect,False,,Champion,"[Deflect] (Opponents must pay 1 rune of any type to choose me with a spell or ability.) When I conquer, draw 1 or channel 1 rune exhausted.",https://cmsassets.rgpub.io/sanity/images/dsfx7636/game_data_live/90d1a07ef0c6c8282e6eee77e479254f50752eb2-744x1039.png
ogn-156,Origins,OGN,156,Sabotage,Spell,Rare,Body,1,1,,,,False,,,"Choose an opponent. They reveal their hand. Choose a non-unit card from it, and recycle that card.",https://cmsassets.rgpub.io/sanity/images/dsfx7636/game_data_live/70f186b85fd224ee23dcf64957f0fab835d28040-744x1039.png
ogn-157,Origins,OGN,157,"Udyr, Wildman",Unit,Rare,Body,6,1,6,Udyr|Freljord,Ganking,False,,Champion,Spend my buff: Choose one you've not chosen this turn —Deal 2 to a unit at a battlefield.Stun a unit at a battlefield.Ready me.Give me [Ganking] this turn.,https://cmsassets.rgpub.io/sanity/images/dsfx7636/game_data_live/2e461e5d05b5ee86e47a425c42c6f3b3c12bc4cf-744x1039.png
ogn-158,Origins,OGN,158,"Volibear, Imposing",Unit,Rare,Body,12,2,10,Volibear|Freljord,Shield|Tank,False,,Champion,"[Shield 3] (+3 might while I'm a defender.) [Tank] (I must be assigned combat damage first.) When an opponent moves to a battlefield other than mine, draw 1. (Bases are not battlefield.)",https://cmsassets.rgpub.io/sanity/images/dsfx7636/game_data_live/bcb15f95f4a72f8b070a3b1cd54e6482fe1a4b3e-744x1039.png
ogn-159,Origins,OGN,159,"Warwick, Hunter",Unit,Rare,Body,6,1,5,Dog|Warwick|Zaun,,False,,Champion,"I enter ready. When I attack, kill all damaged enemy units here.",https://cmsassets.rgpub.io/sanity/images/dsfx7636/game_data_live/fcbf878905001fa81858e9f081346fd05425f264-744x1039.png
ogn-160,Origins,OGN,160,Dazzling Aurora,Gear,Epic,Body,9,2,,,,False,,,"At the end of your turn, reveal cards from the top of your Main Deck until you reveal a unit. Play it, ignoring its cost, and recycle the rest.",https://cmsassets.rgpub.io/sanity/images/dsfx7636/game_data_live/c023856a50c75058465f283d181277ce265ba108-744x1039.png
ogn-161,Origins,OGN,161,Deadbloom Predator,Unit,Epic,Body,8,2,8,Shadow Isles,Deflect,False,,,[Deflect] (Opponents must pay 1 rune of any type to choose me with a spell or ability.) You may play me to an occupied enemy battlefield.,https://cmsassets.rgpub.io/sanity/images/dsfx7636/game_data_live/112b4b3847b26ea2d245ac0976717d109be7b032-744x1039.png
ogn-162,Origins,OGN,162,"Miss Fortune, Captain",Unit,Epic,Body,5,1,5,Pirate|Miss Fortune|Bilgewater,Accelerate|Ganking,False,,Champion,"[Accelerate] (You may pay 1 energy and 1 body rune as an additional cost to have me enter ready.) [Ganking] (I can move from battlefield to battlefield.) The first time I move each turn, you may ready something else that's exhausted.",https://cmsassets.rgpub.io/sanity/images/dsfx7636/game_data_live/3c7b219245cd6c6ee835974dd74771bc605289de-744x1039.png
ogn-163,Origins,OGN,163,Seal of Strength,Gear,Epic,Body,0,1,,,Reaction|Add,False,,,exhaust: [Reaction] — [Add] 1 body rune. (Abilities that add resources can't be reacted to.),https://cmsassets.rgpub.io/sanity/images/dsfx7636/game_data_live/415644b2798348e3d7198ec900cc40aaa4eb8bdf-744x1039.png
ogn-164,Origins,OGN,164,"Sett, Brawler",Unit,Epic,Body,5,1,4,Sett|Ionia,,False,,Champion,"When I'm played and when I conquer, buff me. (If I don't have a buff, I get a +1 might buff.) Spend my buff: Give me +4 might this turn.",https://cmsassets.rgpub.io/sanity/images/dsfx7636/game_data_live/00ddd4d478f2e49e18a60ed67f4d1452041b7da3-744x1039.png
ogn-165,Origins,OGN,165,Cemetery Attendant,Unit,Common,Chaos,3,1,3,Dog|Shadow Isles,,False,,,"When you play me, return a unit from your trash to your hand.",https://cmsassets.rgpub.io/sanity/images/dsfx7636/game_data_live/6bbbe6923105c53fc6b2a44430db940e009609b6-744x1039.png
ogn-166,Origins,OGN,166,Chaos Rune,Rune,Common,Chaos,,,,,,False,,Basic,,https://cmsassets.rgpub.io/sanity/images/dsfx7636/game_data_live/daf23b0deaa5e1a5a5d310b59e9ad25d1bd70363-744x1039.png
ogn-167,Origins,OGN,167,Ember Monk,Unit,Common,Chaos,4,0,4,Bandle City,Hidden,False,,,"When you play a card from [Hidden], give me +2 might this turn.",https://cmsassets.rgpub.io/sanity/images/dsfx7636/game_data_live/0441f70a7acc377d8cbe08559b7a2fc3139c903b-744x1039.png
ogn-168,Origins,OGN,168,Fight or Flight,Spell,Common,Chaos,2,0,,,Hidden|Action,False,2026-03-31,,[Hidden] (Hide now for 1 rune of any type to react with later for 0 energy.) [Action] (Play on your turn or in showdowns.) Move a unit from a battlefield to its base.,https://cmsassets.rgpub.io/sanity/images/dsfx7636/game_data_live/2e7c7ad72889878e2dd5932d203814b185e74a87-744x1039.png
ogn-169,Origins,OGN,169,Gust,Spell,Common,Chaos,1,0,,,Reaction,False,,,"[Reaction] (Play any time, even before spells and abilities resolve.) Return a unit at a battlefield with 3 might or less to its owner's hand.",https://cmsassets.rgpub.io/sanity/images/dsfx7636/game_data_live/dfd3b161ab76ba0c5d503384f1289b3395434b10-744x1039.png
ogn-170,Origins,OGN,170,Morbid Return,Spell,Common,Chaos,2,0,,,Action,False,,,[Action] (Play on your turn or in showdowns.) Return a unit from your trash to your hand.,https://cmsassets.rgpub.io/sanity/images/dsfx7636/game_data_live/33b5ca4e580b94f2056bd884a4a35e8c630920a2-744x1039.png
ogn-171,Origins,OGN,171,Mystic Poro,Unit,Common,Chaos,2,0,2,Poro,Vision,False,,,"[Vision] (When you play me, look at the top card of your Main Deck. You may recycle it.)",https://cmsassets.rgpub.io/sanity/images/dsfx7636/game_data_live/11af57d045768e886d05e1c0933b0d57cb1e459d-744x1039.png
ogn-172,Origins,OGN,172,Rebuke,Spell,Common,Chaos,2,2,,,Action,False,,,[Action] (Play on your turn or in showdowns.) Return a unit at a battlefield to its owner's hand.,https://cmsassets.rgpub.io/sanity/images/dsfx7636/game_data_live/c8e1ad72e9d562f9267c1512f29e9c04dc5cc15f-744x1039.png
ogn-173,Origins,OGN,173,Ride The Wind,Spell,Common,Chaos,2,1,,,Action,False,,,[Action] (Play on your turn or in showdowns.) Move a friendly unit and ready it.,https://cmsassets.rgpub.io/sanity/images/dsfx7636/game_data_live/864d9f8992db7f9a9e795d9438d941ca564ddde7-744x1039.png
ogn-174,Origins,OGN,174,Sai Scout,Unit,Common,Chaos,6,0,5,Shurima,Vision,False,,,"[Vision] (When you play me, look at the top card of your Main Deck. You may recycle it.) You may play me to an open battlefield.",https://cmsassets.rgpub.io/sanity/images/dsfx7636/game_data_live/eab1fc8c95931519319c4c80681a261d75214c48-744x1039.png
ogn-175,Origins,OGN,175,Shipyard Skulker,Unit,Common,Chaos,3,0,3,Pirate|Bilgewater,,False,,,,https://cmsassets.rgpub.io/sanity/images/dsfx7636/game_data_live/000634f32b897638760b82e5365961f6d85bc0cb-744x1039.png
ogn-176,Origins,OGN,176,Sneaky Deckhand,Unit,Common,Chaos,3,0,2,Pirate|Bilgewater,,False,,,You may play me to an open battlefield.,https://cmsassets.rgpub.io/sanity/images/dsfx7636/game_data_live/6f95b6aac293d8e477192281df47d8466da502bf-744x1039.png
ogn-177,Origins,OGN,177,Stealthy Pursuer,Unit,Common,Chaos,4,1,4,Shurima,,False,2026-07-24,,"When a friendly unit moves from my location, I may be moved with it.",https://cmsassets.rgpub.io/sanity/images/dsfx7636/game_data_live/ab23fd84badd67e9981512acbe6c3e9a8f97f42d-744x1039.png
ogn-178,Origins,OGN,178,Undercover Agent,Unit,Common,Chaos,5,1,5,,Deathknell,False,,,"[Deathknell] — Discard 2, then draw 2. (When I die, get the effect.)",https://cmsassets.rgpub.io/sanity/images/dsfx7636/game_data_live/3e4e318c0cc97b13646ee454da71046a09236e47-744x1039.png
ogn-179,Origins,OGN,179,Acceptable Losses,Spell,Uncommon,Chaos,1,0,,,Action,False,,,[Action] (Play on your turn or in showdowns.) Each player kills one of their gear.,https://cmsassets.rgpub.io/sanity/images/dsfx7636/game_data_live/b2b470bab1ae511ab9de0b1ce576e2050532a081-744x1039.png
ogn-180,Origins,OGN,180,Fading Memories,Spell,Uncommon,Chaos,4,1,,,Temporary,False,,,"Give a unit at a battlefield or a gear [Temporary]. (Kill it at the start of its controller's Beginning Phase, before scoring.)",https://cmsassets.rgpub.io/sanity/images/dsfx7636/game_data_live/a2b366942f1a7ec1f4bd3c1b17e10356214705d7-744x1039.png
ogn-181,Origins,OGN,181,Pack of Wonders,Gear,Uncommon,Chaos,2,0,,,Hidden,False,,,"exhaust: Return another friendly gear, unit, or [Hidden] card to its owner's hand.",https://cmsassets.rgpub.io/sanity/images/dsfx7636/game_data_live/a0830f326c49abe7fb1d3c9787e7ce5d7b776eec-744x1039.png
ogn-182,Origins,OGN,182,Scrapheap,Gear,Uncommon,Chaos,2,0,,,,False,2026-03-31,,"When this is played, discarded, or killed, draw 1.",https://cmsassets.rgpub.io/sanity/images/dsfx7636/game_data_live/0c059786e89a2443221b7c0b8ca39779dcc9c755-744x1038.png
ogn-183,Origins,OGN,183,Stacked Deck,Spell,Uncommon,Chaos,1,0,,,Action,False,2026-09-18,,[Action] (Play on your turn or in showdowns.) Look at the top 3 cards of your Main Deck. Put 1 into your hand and recycle the rest.,https://cmsassets.rgpub.io/sanity/images/dsfx7636/game_data_live/fdcb22cb620a4c1c37920d6b744edb615647cbd4-744x1039.png
ogn-184,Origins,OGN,184,The Syren,Gear,Uncommon,Chaos,2,0,,,,False,,,"1 energy, exhaust: Move a friendly unit at a battlefield to your base.",https://cmsassets.rgpub.io/sanity/images/dsfx7636/game_data_live/cafdd212b542243e10e5fac587616ab77e3d9cf1-744x1039.png
ogn-185,Origins,OGN,185,Traveling Merchant,Unit,Uncommon,Chaos,2,0,2,Bilgewater,,False,,,"When I move, discard 1, then draw 1.",https://cmsassets.rgpub.io/sanity/images/dsfx7636/game_data_live/b7dbebe2bf5691391c8e4146e478b8bd2ac40aef-744x1039.png
ogn-186,Origins,OGN,186,Treasure Trove,Gear,Uncommon,Chaos,2,0,,,,False,,,"When this leaves the board, draw 1 and channel 1 rune exhausted. 1 chaos rune, exhaust: Kill this.",https://cmsassets.rgpub.io/sanity/images/dsfx7636/game_data_live/682f5ee828ede4dbaf428cd0666db64ee8bae722-744x1039.png
ogn-187,Origins,OGN,187,Whirlwind,Spell,Uncommon,Chaos,3,1,,,,False,,,"Starting with the next player, each player may return a unit to its owner's hand.",https://cmsassets.rgpub.io/sanity/images/dsfx7636/game_data_live/24f5e0a8811b5a0e0930c0f6476600e2a37a5f93-744x1039.png
ogn-188,Origins,OGN,188,Zaunite Bouncer,Unit,Uncommon,Chaos,4,2,2,Zaun,,False,,,"When you play me, return another unit at a battlefield to its owner's hand.",https://cmsassets.rgpub.io/sanity/images/dsfx7636/game_data_live/0f4e8258e3920e4a4654cfe74faf8c266f2aa5dd-744x1039.png
ogn-189,Origins,OGN,189,"Kayn, Unleashed",Unit,Rare,Chaos,6,1,6,Kayn|Ionia,Ganking,False,,Champion,"[Ganking] (I can move from battlefield to battlefield.) If I have moved twice this turn, I don't take damage.",https://cmsassets.rgpub.io/sanity/images/dsfx7636/game_data_live/a1ce0e784264748f170bebb3b26a09a7f55efe0f-744x1039.png
ogn-190,Origins,OGN,190,"Kog'Maw, Caustic",Unit,Rare,Chaos,3,1,1,Kog'Maw|The Void,Deathknell,False,,Champion,"[Deathknell] — Deal 4 to all units at my battlefield. (When I die, get the effect.)",https://cmsassets.rgpub.io/sanity/images/dsfx7636/game_data_live/1ba2b780619714f2bf97597a180f3b118f4faf55-744x1039.png
ogn-191,Origins,OGN,191,Maddened Marauder,Unit,Rare,Chaos,5,0,4,Pirate|Bilgewater,Tank,False,,,"[Tank] (I must be assigned combat damage first.) When you play me, move a unit from a battlefield to its base.",https://cmsassets.rgpub.io/sanity/images/dsfx7636/game_data_live/0f3a2ab8e5894e0dd1b625ee29f3304e7832ef9a-744x1039.png
ogn-192,Origins,OGN,192,Mindsplitter,Unit,Rare,Chaos,7,2,7,Dragon|Mount Targon,,False,,,"When you play me, choose an opponent. They reveal their hand. Choose a card from it, and they discard that card.",https://cmsassets.rgpub.io/sanity/images/dsfx7636/game_data_live/8753058698cff6455da6cccd13a7fe901a164051-744x1039.png
ogn-193,Origins,OGN,193,"Miss Fortune, Buccaneer",Unit,Rare,Chaos,4,1,4,Pirate|Miss Fortune|Bilgewater,,False,,Champion,You may play me to an open battlefield. Friendly units may be played to open battlefields.,https://cmsassets.rgpub.io/sanity/images/dsfx7636/game_data_live/e6ff9ad3d6e2b96ff76cda4c7bc75415c1cdcced-744x1039.png
ogn-194,Origins,OGN,194,"Nocturne, Horrifying",Unit,Rare,Chaos,4,1,4,Nocturne,Ganking,False,,Champion,"[Ganking] (I can move from battlefield to battlefield.) When you look at cards from the top of your deck (and don't draw them) and see me, you may play me for 1 rune of any type.",https://cmsassets.rgpub.io/sanity/images/dsfx7636/game_data_live/19a751364bc6eb5297596e8733d0d30a1111ac78-744x1039.png
ogn-195,Origins,OGN,195,Rhasa the Sunderer,Unit,Rare,Chaos,10,1,6,Spirit|Shadow Isles,,False,,,I cost 1 energy less for each card in your trash.,https://cmsassets.rgpub.io/sanity/images/dsfx7636/game_data_live/e34fe8a9ee533dee99f96b4e6677d1edbd6a262d-744x1039.png
ogn-196,Origins,OGN,196,Soulgorger,Unit,Rare,Chaos,8,2,5,Spirit|Shadow Isles,,False,,,"When you play me, you may play a unit from your trash, ignoring its Energy cost. (You must still pay its Power cost.)",https://cmsassets.rgpub.io/sanity/images/dsfx7636/game_data_live/439c4fa7c8c47cba41df8bce3fe3c8068d297382-744x1039.png
ogn-197,Origins,OGN,197,"Teemo, Scout",Unit,Rare,Chaos,2,0,1,Yordle|Teemo|Bandle City,Hidden,False,,Champion,"[Hidden] (Hide now for 1 rune of any type to react with later for 0 energy.) When you play me, give me +3 might this turn.",https://cmsassets.rgpub.io/sanity/images/dsfx7636/game_data_live/ca8a2e11dd78dd09ad1c9ad3a23e5699254b947e-744x1039.png
ogn-198,Origins,OGN,198,The Harrowing,Spell,Rare,Chaos,6,2,,,,False,,,"Play a unit from your trash, ignoring its Energy cost. (You must still pay its Power cost.)",https://cmsassets.rgpub.io/sanity/images/dsfx7636/game_data_live/6914034f56dd50ab37df26e3541c997479bb5a6d-744x1039.png
ogn-199,Origins,OGN,199,Tideturner,Unit,Rare,Chaos,2,0,2,Bilgewater,Hidden,False,,,"[Hidden] (Hide now for 1 rune of any type to react with later for 0 energy.) When you play me, you may choose a friendly unit. Move me to its location and it to my original location.",https://cmsassets.rgpub.io/sanity/images/dsfx7636/game_data_live/bad355dba8b32d1fba33dc3924cad6a34b61b5af-744x1039.png
ogn-200,Origins,OGN,200,"Twisted Fate, Gambler",Unit,Rare,Chaos,4,0,4,Twisted Fate|Bilgewater,,False,,Champion,"When I attack, reveal the top rune of your rune deck, then recycle it. Do one of the following based on its domain:1 fury rune — Deal 2 to an enemy unit here and 1 to all other enemy units here.1 mind rune — Draw 1.1 order rune — Stun an enemy unit.",https://cmsassets.rgpub.io/sanity/images/dsfx7636/game_data_live/9eff1a038528c4d633196f13259670d84b74c2a8-744x1039.png
ogn-201,Origins,OGN,201,Invert Timelines,Spell,Epic,Chaos,3,1,,,,False,,,"Each player discards their hand, then draws 4.",https://cmsassets.rgpub.io/sanity/images/dsfx7636/game_data_live/b916326fdcf61af4630d953c7540a4aa97e6db01-744x1039.png
ogn-202,Origins,OGN,202,"Jinx, Rebel",Unit,Epic,Chaos,5,1,5,Jinx|Zaun,,False,,Champion,"When you discard one or more cards, ready me and give me +1 might this turn.",https://cmsassets.rgpub.io/sanity/images/dsfx7636/game_data_live/a7fe105f40df66525be51bd18e25506945a7b027-744x1039.png
ogn-203,Origins,OGN,203,Possession,Spell,Epic,Chaos,8,3,,,Action,False,,,[Action] (Play on your turn or in showdowns.) Choose an enemy unit at a battlefield. Take control of it and recall it. (Send it to your base. This isn't a move.),https://cmsassets.rgpub.io/sanity/images/dsfx7636/game_data_live/f26462174fd01407f25f7d49a70862d2b9af35cc-744x1039.png
ogn-204,Origins,OGN,204,Seal of Discord,Gear,Epic,Chaos,0,1,,,Reaction|Add,False,,,exhaust: [Reaction] — [Add] 1 chaos rune. (Abilities that add resources can't be reacted to.),https://cmsassets.rgpub.io/sanity/images/dsfx7636/game_data_live/dd8433e77e46ca77aaf0be35d1774218d9a2f037-744x1039.png
ogn-205,Origins,OGN,205,"Yasuo, Windrider",Unit,Epic,Chaos,5,1,4,Yasuo|Ionia,Ganking,False,,Champion,"[Ganking] (I can move from battlefield to battlefield.) The third time I move in a turn, you score 1 point.",https://cmsassets.rgpub.io/sanity/images/dsfx7636/game_data_live/f5ba378ce4dad16d17e001814e091d5f484f2681-744x1039.png
ogn-206,Origins,OGN,206,Back to Back,Spell,Common,Order,3,0,,,Reaction,False,,,"[Reaction] (Play any time, even before spells and abilities resolve.) Give two friendly units each +2 might this turn.",https://cmsassets.rgpub.io/sanity/images/dsfx7636/game_data_live/7f5585dcd3e9c7866e3b99cb169a0404ea4c010f-744x1039.png
ogn-207,Origins,OGN,207,Call to Glory,Spell,Common,Order,3,0,,,Reaction,False,,,"[Reaction] (Play any time, even before spells and abilities resolve.) As you play this, you may spend a buff as an additional cost. If you do, ignore this spell's cost. Give a unit +3 might this turn.",https://cmsassets.rgpub.io/sanity/images/dsfx7636/game_data_live/ced53bc3fb15f263471067fc3868295b09e62a07-744x1039.png
ogn-208,Origins,OGN,208,Cruel Patron,Unit,Common,Order,4,0,6,Noxus,,False,,,"As an additional cost to play me, kill a friendly unit.",https://cmsassets.rgpub.io/sanity/images/dsfx7636/game_data_live/c1c2c08fa0032a245c1ffee6ba29fff2826bd468-744x1039.png
ogn-209,Origins,OGN,209,Cull the Weak,Spell,Common,Order,2,1,,,,False,,,Each player kills one of their units.,https://cmsassets.rgpub.io/sanity/images/dsfx7636/game_data_live/49338a4b31727c6ef50e7dbc54e7004dcd2b6f4c-744x1039.png
ogn-210,Origins,OGN,210,Daring Poro,Unit,Common,Order,2,0,2,Poro,Assault,False,,,[Assault] (+1 might while I'm an attacker.),https://cmsassets.rgpub.io/sanity/images/dsfx7636/game_data_live/41dee7ec46124c261352595cfbd8a6d38d32b947-744x1039.png
ogn-211,Origins,OGN,211,Faithful Manufactor,Unit,Common,Order,3,0,2,Piltover,,False,,,"When you play me, play a 1 might Recruit unit token here.",https://cmsassets.rgpub.io/sanity/images/dsfx7636/game_data_live/b41107b7456a2a38d203983b1e504e3789d6b6ea-744x1039.png
ogn-212,Origins,OGN,212,Forge of the Future,Gear,Common,Order,2,0,,,,False,,,"When you play this, play a 1 might Recruit unit token at your base. Kill this: Recycle up to 4 cards from trashes.",https://cmsassets.rgpub.io/sanity/images/dsfx7636/game_data_live/8e6a76d28590bcd835b0a9a1e806fe0fa6883141-744x1039.png
ogn-213,Origins,OGN,213,Hidden Blade,Spell,Common,Order,2,1,,,Hidden|Action,False,,,[Hidden] (Hide now for 1 rune of any type to react with later for 0 energy.) [Action] (Play on your turn or in showdowns.) Kill a unit at a battlefield. Its controller draws 2.,https://cmsassets.rgpub.io/sanity/images/dsfx7636/game_data_live/0437ab8a0b67f43ef5483a103bbae9e57fd05822-744x1039.png
ogn-214,Origins,OGN,214,Order Rune,Rune,Common,Order,,,,,,False,,Basic,,https://cmsassets.rgpub.io/sanity/images/dsfx7636/game_data_live/35ec6fdd2124324bb7052cba31c8c44f2e98f3ae-744x1039.png
ogn-215,Origins,OGN,215,Petty Officer,Unit,Common,Order,5,0,5,Pirate|Bilgewater,Assault,False,,,[Assault] (+1 might while I'm an attacker.),https://cmsassets.rgpub.io/sanity/images/dsfx7636/game_data_live/29e062c4a38c0be12056568a2f8563557e2611c6-744x1039.png
ogn-216,Origins,OGN,216,Soaring Scout,Unit,Common,Order,2,0,1,Bird|Freljord,Deathknell,False,,,"[Deathknell] — Channel 1 rune exhausted. (When I die, get the effect.)",https://cmsassets.rgpub.io/sanity/images/dsfx7636/game_data_live/75b6ce420888035b566c3795cabe0999a9a918b0-744x1039.png
ogn-217,Origins,OGN,217,Trifarian Gloryseeker,Unit,Common,Order,2,0,2,Trifarian|Noxus,Legion,False,,,"[Legion] — When you play me, buff me. (If I don't have a buff, I get a +1 might buff. Get the effect if you've played another card this turn.)",https://cmsassets.rgpub.io/sanity/images/dsfx7636/game_data_live/19ad6a0e743b56021b9651a2105034a488e172e8-744x1039.png
ogn-218,Origins,OGN,218,Vanguard Captain,Unit,Common,Order,3,1,3,Elite|Demacia,Legion,False,,,"[Legion] — When you play me, play two 1 might Recruit unit tokens here. (Get the effect if you've played another card this turn.)",https://cmsassets.rgpub.io/sanity/images/dsfx7636/game_data_live/f0c9ddb2af7a0d4991938cf1e3058eb0f5d2e357-744x1039.png
ogn-219,Origins,OGN,219,Vanguard Sergeant,Unit,Common,Order,4,0,4,Elite|Demacia,,False,,,,https://cmsassets.rgpub.io/sanity/images/dsfx7636/game_data_live/6bcff5c718cfcff1c2466bf5e1a2a1ea9a9cf09b-744x1039.png
ogn-220,Origins,OGN,220,Facebreaker,Spell,Uncommon,Order,2,0,,,Hidden|Action,False,,,[Hidden] (Hide now for 1 rune of any type to react with later for 0 energy.) [Action] (Play on your turn or in showdowns.) Stun a friendly unit and an enemy unit at the same battlefield. (They don't deal combat damage this turn.),https://cmsassets.rgpub.io/sanity/images/dsfx7636/game_data_live/b7cddc717b886bb955b900ffaae4db9154a19280-744x1039.png
ogn-221,Origins,OGN,221,Imperial Decree,Spell,Uncommon,Order,5,2,,,Action,False,,,"[Action] (Play on your turn or in showdowns.) When any unit takes damage this turn, kill it.",https://cmsassets.rgpub.io/sanity/images/dsfx7636/game_data_live/fc6ab617f1ce20c82ed76dc6446d42d416c08b34-744x1039.png
ogn-222,Origins,OGN,222,Noxian Drummer,Unit,Uncommon,Order,3,0,3,Trifarian|Noxus,,False,,,"When I move to a battlefield, play a 1 might Recruit unit token here. (It is also at the battlefield.)",https://cmsassets.rgpub.io/sanity/images/dsfx7636/game_data_live/45a69adf92b6951c8c8fa974273c22aade312068-744x1039.png
ogn-223,Origins,OGN,223,Peak Guardian,Unit,Uncommon,Order,6,1,5,Mount Targon,,False,,,"When you play me, buff me. Then, if I am at a battlefield, buff all other friendly units there. (To buff a unit, give it a +1 might buff if it doesn't already have one.)",https://cmsassets.rgpub.io/sanity/images/dsfx7636/game_data_live/bb56433bc032fd31a957923c43babc48b66db24c-744x1039.png
ogn-224,Origins,OGN,224,Salvage,Spell,Uncommon,Order,2,1,,,Action,False,,,[Action] (Play on your turn or in showdowns.) You may kill a gear. Draw 1.,https://cmsassets.rgpub.io/sanity/images/dsfx7636/game_data_live/9bdbac358e7c9415c1354b6d1f6888dcf9c5519b-744x1039.png
ogn-225,Origins,OGN,225,Solari Chief,Unit,Uncommon,Order,5,1,4,Mount Targon,,False,,,"When you play me, choose an enemy unit. If it is stunned, kill it. Otherwise, stun it. (It doesn't deal combat damage this turn.)",https://cmsassets.rgpub.io/sanity/images/dsfx7636/game_data_live/02fd791fdaa7d1c63221655e889fb412de103ca2-744x1039.png
ogn-226,Origins,OGN,226,Spectral Matron,Unit,Uncommon,Order,4,2,4,Spirit|Shadow Isles,,False,,,"When you play me, you may play a unit costing no more than 3 energy and no more than 1 rune of any type from your trash, ignoring its cost.",https://cmsassets.rgpub.io/sanity/images/dsfx7636/game_data_live/c8aebd03c8722d485ebfc38774488778c756ff5c-744x1039.png
ogn-227,Origins,OGN,227,Symbol of the Solari,Gear,Uncommon,Order,1,0,,,,False,,,"If a combat where you are the attacker ends in a tie, recall ALL units instead. (Send them to base. This isn't a move. Ties are calculated after combat damage is dealt.)",https://cmsassets.rgpub.io/sanity/images/dsfx7636/game_data_live/d4f746c396df48623ef8a4df763b5deb47f59339-744x1039.png
ogn-228,Origins,OGN,228,Vanguard Helm,Gear,Uncommon,Order,2,0,,,,False,,,"When a buffed friendly unit dies, buff another friendly unit. (If it doesn't have a buff, it gets a +1 might buff.)",https://cmsassets.rgpub.io/sanity/images/dsfx7636/game_data_live/9718c666cbf789a572760c826d0a06b26b787ae5-744x1039.png
ogn-229,Origins,OGN,229,Vengeance,Spell,Uncommon,Order,4,2,,,,False,,,Kill a unit.,https://cmsassets.rgpub.io/sanity/images/dsfx7636/game_data_live/a21e2ffee47ecdd1575bf48edb8c2a84722cc6b9-744x1039.png
ogn-230,Origins,OGN,230,Albus Ferros,Unit,Rare,Order,4,0,3,Piltover,,False,,,"When you play me, spend any number of buffs. For each buff spent, channel 1 rune exhausted.",https://cmsassets.rgpub.io/sanity/images/dsfx7636/game_data_live/ec0be8d2a79196b689fccf9ee42ce8baa7e9c35e-744x1039.png
ogn-231,Origins,OGN,231,Commander Ledros,Unit,Rare,Order,6,4,8,Spirit|Shadow Isles,Deflect|Ganking,False,,,"As you play me, you may kill any number of friendly units as an additional cost. Reduce my cost by 1 order rune for each killed this way. [Deflect] (Opponents must pay 1 rune of any type to choose me with a spell or ability.) [Ganking] (I can move from battlefield to battlefield.)",https://cmsassets.rgpub.io/sanity/images/dsfx7636/game_data_live/1183be5effc6275f17da09b983feb36632752af4-744x1039.png
ogn-232,Origins,OGN,232,"Fiora, Victorious",Unit,Rare,Order,4,0,4,Fiora|Demacia,Mighty|Deflect|Ganking|Shield,False,,Champion,"While I'm [Mighty], I have [Deflect], [Ganking], and [Shield]. (I'm Mighty while I have 5+ might.)",https://cmsassets.rgpub.io/sanity/images/dsfx7636/game_data_live/24d4d1997e6a5b145412e402fc69399d590ecda0-744x1039.png
ogn-233,Origins,OGN,233,Grand Strategem,Spell,Rare,Order,6,3,,,Action,False,,,[Action] (Play on your turn or in showdowns.) Give friendly units +5 might this turn.,https://cmsassets.rgpub.io/sanity/images/dsfx7636/game_data_live/bda7514aefa94ac3f368690cdd2d0f955d44c089-744x1039.png
ogn-234,Origins,OGN,234,Harnessed Dragon,Unit,Rare,Order,8,2,6,Dragon|Demacia,,False,,,"When you play me, kill an enemy unit.",https://cmsassets.rgpub.io/sanity/images/dsfx7636/game_data_live/00bc15bc1c2f5b8e6d1713819998df1c04864dcb-744x1039.png
ogn-235,Origins,OGN,235,"Karma, Channeler",Unit,Rare,Order,6,1,6,Karma|Ionia,Vision,False,,Champion,"[Vision] (When you play me, look at the top card of your Main Deck. You may recycle it.) When you recycle one or more cards, buff a friendly unit. (If it doesn't have a buff, it gets a +1 might buff. Runes aren't cards.)",https://cmsassets.rgpub.io/sanity/images/dsfx7636/game_data_live/aca8664b334f2fa40cc7bae2811dd4e1b4f06388-744x1039.png
ogn-236,Origins,OGN,236,"Karthus, Eternal",Unit,Rare,Order,3,1,3,Spirit|Karthus|Shadow Isles,Deathknell,False,,Champion,Your [Deathknell] effects trigger an additional time.,https://cmsassets.rgpub.io/sanity/images/dsfx7636/game_data_live/df3497ce6a602da554813340f572240675c7f0e2-744x1039.png
ogn-237,Origins,OGN,237,King's Edict,Spell,Rare,Order,6,2,,,,False,,,"Starting with the next player, each other player chooses a unit you don't control that hasn't been chosen for this spell. Kill those units.",https://cmsassets.rgpub.io/sanity/images/dsfx7636/game_data_live/ec1b8b98e1ca7a34939322883309c71605bb8bc5-744x1039.png
ogn-238,Origins,OGN,238,"Leona, Determined",Unit,Rare,Order,4,1,4,Leona|Mount Targon,Shield,False,,Champion,"[Shield] (+1 might while I'm a defender.) When I attack, stun an enemy unit here. (It doesn't deal combat damage this turn.)",https://cmsassets.rgpub.io/sanity/images/dsfx7636/game_data_live/39a1e121031cfb4bdb009b071ed5d70411966cd9-744x1039.png
ogn-239,Origins,OGN,239,Machine Evangel,Unit,Rare,Order,5,1,4,Piltover,Deathknell,False,,,"[Deathknell] — Play three 1 might Recruit unit tokens into your base. (When I die, get the effect.)",https://cmsassets.rgpub.io/sanity/images/dsfx7636/game_data_live/ad15d4ff89548e83dcede9b209b12233652cf3a1-744x1039.png
ogn-240,Origins,OGN,240,"Sett, Kingpin",Unit,Rare,Order,4,1,5,Sett|Ionia,Tank,False,,Champion,[Tank] (I must be assigned combat damage first.) I get +1 might for each buffed friendly unit at my battlefield.,https://cmsassets.rgpub.io/sanity/images/dsfx7636/game_data_live/bd43f1dcef824b66f1af994b59b961fc3705f9c3-744x1039.png
ogn-241,Origins,OGN,241,"Shen, Kinkou",Unit,Rare,Order,3,1,3,Shen|Ionia,Reaction|Shield|Tank,False,,Champion,"[Reaction] (Play any time, even before spells and abilities resolve, including to a battlefield you control.) [Shield 2] (+2 might while I'm a defender.) [Tank] (I must be assigned combat damage first.)",https://cmsassets.rgpub.io/sanity/images/dsfx7636/game_data_live/25f3a9fa33201278ebf475b2d02dae8c0c0cb20c-744x1039.png
ogn-242,Origins,OGN,242,Baited Hook,Gear,Epic,Order,3,0,,,,False,,,"1 energy and 1 order rune, exhaust: Kill a friendly unit. Look at the top 5 cards of your Main Deck. You may banish a unit from among them that has Might up to 1 more than the killed unit and play it, ignoring its cost. Then recycle the rest.",https://cmsassets.rgpub.io/sanity/images/dsfx7636/game_data_live/7b4e6a1e32878a7d5fe4e40869c83e47ea08de7c-744x1039.png
ogn-243,Origins,OGN,243,"Darius, Executioner",Unit,Epic,Order,6,1,6,Trifarian|Darius|Noxus,Legion,False,,Champion,"[Legion] — When you play me, ready me. (Get the effect if you've played another card this turn) Other friendly units have +1 might here.",https://cmsassets.rgpub.io/sanity/images/dsfx7636/game_data_live/7b71cf13a07074a6eccbe88ae6c74133d989cb68-744x1039.png
ogn-244,Origins,OGN,244,Divine Judgment,Spell,Epic,Order,7,2,,,,False,,,"Each player chooses 2 units, 2 gear, 2 runes, and 2 cards in their hands. Recycle the rest.",https://cmsassets.rgpub.io/sanity/images/dsfx7636/game_data_live/995778eea2e24fdc62ade38c2baa25b9f1e6ab79-744x1039.png
ogn-245,Origins,OGN,245,Seal of Unity,Gear,Epic,Order,0,1,,,Reaction|Add,False,,,exhaust: [Reaction] — [Add] 1 order rune. (Abilities that add resources can't be reacted to.),https://cmsassets.rgpub.io/sanity/images/dsfx7636/game_data_live/e6fbd41d69bc0d235ea7993d2e9fa74e75e17dff-744x1039.png
ogn-246,Origins,OGN,246,"Viktor, Leader",Unit,Epic,Order,4,1,4,Viktor|Zaun,,False,,Champion,"When another non-Recruit unit you control dies, play a 1 might Recruit unit token into your base.",https://cmsassets.rgpub.io/sanity/images/dsfx7636/game_data_live/ab390d6d074c3f07abba000cc166faa1796ec464-744x1039.png
ogn-247,Origins,OGN,247,"Kai'Sa, Daughter of the Void",Legend,Rare,Fury|Mind,,,,Kai'Sa,Reaction|Add,False,,Champion,exhaust: [Reaction] — [Add] 1 rune of any type. Use only to play spells. (Abilities that add resources can't be reacted to.),https://cmsassets.rgpub.io/sanity/images/dsfx7636/game_data_live/a576472c7bb00f475882ac814e1d8f9be233b402-744x1040.png
ogn-248,Origins,OGN,248,Icathian Rain,Spell,Epic,Fury|Mind,7,3,,Kai'Sa,,False,,Signature,Deal 2 to a unit. Deal 2 to a unit. Deal 2 to a unit. Deal 2 to a unit. Deal 2 to a unit. Deal 2 to a unit.,https://cmsassets.rgpub.io/sanity/images/dsfx7636/game_data_live/8df37f633d3da734f3f2d85808a7cb9eadec1b04-744x1039.png
ogn-249,Origins,OGN,249,"Volibear, Relentless Storm",Legend,Rare,Fury|Body,,,,Volibear,Mighty,False,,Champion,"When you play a [Mighty] unit, you may exhaust me to channel 1 rune exhausted. (A unit is Mighty while it has 5+ might.)",https://cmsassets.rgpub.io/sanity/images/dsfx7636/game_data_live/f1842ef373434db3e8109d8959832f9d184866c3-744x1040.png
ogn-250,Origins,OGN,250,Stormbringer,Spell,Epic,Fury|Body,6,2,,Volibear,,False,,Signature,"Choose a friendly unit in your base. Deal damage equal to its Might to all enemy units at a battlefield, then move your unit there.",https://cmsassets.rgpub.io/sanity/images/dsfx7636/game_data_live/d86c4137cc7f77f103cd7d6228125df8cb9a54e1-744x1039.png
ogn-251,Origins,OGN,251,"Jinx, Loose Cannon",Legend,Rare,Fury|Chaos,,,,Jinx,,False,,,"At start of your Beginning Phase, draw 1 if you have one or fewer cards in your hand.",https://cmsassets.rgpub.io/sanity/images/dsfx7636/game_data_live/f57c14381b126e9f5a7b5bc4913151cb24c14fc3-744x1039.png
ogn-252,Origins,OGN,252,Super Mega Death Rocket!,Spell,Epic,Fury|Chaos,4,1,,Jinx,,False,,Signature,"Deal 5 to a unit. When you conquer, you may discard 1 to return this from your trash to your hand.",https://cmsassets.rgpub.io/sanity/images/dsfx7636/game_data_live/95d6fd4d7944e759cfe7ee5e208fa329b719333b-744x1039.png
ogn-253,Origins,OGN,253,"Darius, Hand of Noxus",Legend,Rare,Fury|Order,,,,Darius,Reaction|Legion|Add,False,,,"exhaust: [Reaction], [Legion] — [Add] 1 energy. (Abilities that add resources can't be reacted to. Get the effect if you've played a card this turn.)",https://cmsassets.rgpub.io/sanity/images/dsfx7636/game_data_live/5b9a904048b7fb936377844ec2d31564b7fedf81-744x1039.png
ogn-254,Origins,OGN,254,Noxian Guillotine,Spell,Epic,Fury|Order,4,1,,Darius,Action|Legion,False,,Signature,[Action] (Play on your turn or in showdowns.) Choose a unit. Kill it the next time it takes damage this turn. [Legion] — Kill it now instead. (Get the effect if you've played another card this turn.),https://cmsassets.rgpub.io/sanity/images/dsfx7636/game_data_live/57f646b0393b58b657cfabf66357d9fc4a34e046-744x1039.png
ogn-255,Origins,OGN,255,"Ahri, Nine-Tailed Fox",Legend,Rare,Calm|Mind,,,,Ahri,,False,,Champion,"When an enemy unit attacks a battlefield you control, give it -1 might this turn, to a minimum of 1 might.",https://cmsassets.rgpub.io/sanity/images/dsfx7636/game_data_live/fbce641f5e4d8cdf2956e8ead5884b6cd3ccd90d-744x1040.png
ogn-256,Origins,OGN,256,Fox-Fire,Spell,Epic,Calm|Mind,3,0,,Ahri,Hidden|Action,False,,Signature,[Hidden] (Hide now for 1 rune of any type to react with later for 0 energy.) [Action] (Play on your turn or in showdowns.) Kill any number of units at a battlefield with total Might 4 or less.,https://cmsassets.rgpub.io/sanity/images/dsfx7636/game_data_live/7ad9d6a46a1c54080d54950a0044da3a82e32b45-744x1039.png
ogn-257,Origins,OGN,257,"Lee Sin, Blind Monk",Legend,Rare,Calm|Body,,,,Lee Sin,,False,,,"1 energy, exhaust: Buff a friendly unit. (If it doesn't have a buff, it gets a +1 might buff.)",https://cmsassets.rgpub.io/sanity/images/dsfx7636/game_data_live/ffe064e002d3b9a366748eb85102a769b2545835-744x1039.png
ogn-258,Origins,OGN,258,Dragon's Rage,Spell,Epic,Calm|Body,4,1,,Lee Sin,,False,,Signature,Move an enemy unit. Then choose another enemy unit at its destination. They deal damage equal to their Mights to each other.,https://cmsassets.rgpub.io/sanity/images/dsfx7636/game_data_live/7f4cbd4fb340cc13b3fbe0ec0db706464d9b29f4-744x1039.png
ogn-259,Origins,OGN,259,"Yasuo, Unforgiven",Legend,Rare,Calm|Chaos,,,,Yasuo,,False,,Champion,"2 energy, exhaust: Move a friendly unit to or from its base.",https://cmsassets.rgpub.io/sanity/images/dsfx7636/game_data_live/68e4d3230b785738ae9d86f780f7f5607ef11807-744x1040.png
ogn-260,Origins,OGN,260,Last Breath,Spell,Epic,Calm|Chaos,3,2,,Yasuo,Action,False,,Signature,[Action] (Play on your turn or in showdowns.) Ready a friendly unit. It deals damage equal to its Might to an enemy unit at a battlefield.,https://cmsassets.rgpub.io/sanity/images/dsfx7636/game_data_live/e7e6dc840210124825f787095541a66ae5cea178-744x1039.png
ogn-261,Origins,OGN,261,"Leona, Radiant Dawn",Legend,Rare,Calm|Order,,,,Leona,,False,,,"When you stun one or more enemy units, buff a friendly unit. (If it doesn't have a buff, it gets a +1 might buff.)",https://cmsassets.rgpub.io/sanity/images/dsfx7636/game_data_live/822b8bc7987a47498550708b18ef166b121fd620-744x1039.png
ogn-262,Origins,OGN,262,Zenith Blade,Spell,Epic,Calm|Order,3,2,,Leona,Action,False,,Signature,[Action] (Play on your turn or in showdowns.) Stun an enemy unit at a battlefield. You may move a friendly unit to that enemy unit's battlefield. (A stunned unit doesn't deal combat damage this turn.),https://cmsassets.rgpub.io/sanity/images/dsfx7636/game_data_live/a572f0bc3ed1bd47c5759d36f5b951b15338e57e-744x1039.png
ogn-263,Origins,OGN,263,"Teemo, Swift Scout",Legend,Rare,Mind|Chaos,,,,Teemo,Hidden,False,,,"You may pay 1 energy to hide a card with [Hidden] instead of 1 rune of any type. 1 energy, exhaust: Put a Teemo unit you own into your hand from your Champion Zone or the board.",https://cmsassets.rgpub.io/sanity/images/dsfx7636/game_data_live/9723181e3392bb61c2aabc804a44f7b0558cedf1-744x1039.png
ogn-264,Origins,OGN,264,Guerilla Warfare,Spell,Epic,Mind|Chaos,2,1,,Teemo,Hidden,False,,Signature,Return up to two cards with [Hidden] from your trash to your hand. You can hide cards ignoring costs this turn.,https://cmsassets.rgpub.io/sanity/images/dsfx7636/game_data_live/3a1f70e49f1fdbac907a3395f517e96717e8afea-744x1039.png
ogn-265,Origins,OGN,265,"Viktor, Herald of the Arcane",Legend,Rare,Mind|Order,,,,Viktor,,False,,,"1 energy, exhaust: Play a 1 might Recruit unit token.",https://cmsassets.rgpub.io/sanity/images/dsfx7636/game_data_live/913236dabf1e4f71650bbba46870fff8163e2eff-744x1039.png
ogn-266,Origins,OGN,266,Siphon Power,Spell,Epic,Mind|Order,2,1,,Viktor,Reaction,False,,Signature,"[Reaction] (Play any time, even before spells and abilities resolve.) Choose a battlefield. Give friendly units there +1 might this turn and enemy units there -1 might this turn, to a minimum of 1 might.",https://cmsassets.rgpub.io/sanity/images/dsfx7636/game_data_live/b449170ba312711c82708d1fea2b044822ce5eaa-744x1039.png
ogn-267,Origins,OGN,267,"Miss Fortune, Bounty Hunter",Legend,Rare,Body|Chaos,,,,Miss Fortune,Ganking,False,,Champion,exhaust: Give a unit [Ganking] this turn. (It can move from battlefield to battlefield.),https://cmsassets.rgpub.io/sanity/images/dsfx7636/game_data_live/cc11261fcdbf0851525030bd9e835b718efad3bc-744x1040.png
ogn-268,Origins,OGN,268,Bullet Time,Spell,Epic,Body|Chaos,1,0,,Miss Fortune,Action,False,,Signature,[Action] (Play on your turn or in showdowns.) Pay any amount of 1 rune of any type to deal that much damage to all enemy units at a battlefield.,https://cmsassets.rgpub.io/sanity/images/dsfx7636/game_data_live/96ed7f6b121a7f46003534393350838efe2776f0-744x1039.png
ogn-269,Origins,OGN,269,"Sett, The Boss",Legend,Rare,Body|Order,,,,Sett,,False,,,"When a buffed unit you control would die, you may pay 1 rune of any type and exhaust me to spend its buff and recall it exhausted instead. (Send it to base. This isn't a move.) When you conquer, ready me.",https://cmsassets.rgpub.io/sanity/images/dsfx7636/game_data_live/b132becb843b2cf418cb110ead64758f49f51554-744x1039.png
ogn-270,Origins,OGN,270,Showstopper,Spell,Epic,Body|Order,1,1,,Sett,,False,,Signature,"Buff a friendly unit in your base, then move it to a battlefield. (If it doesn't have a buff, it gets a +1 might buff.)",https://cmsassets.rgpub.io/sanity/images/dsfx7636/game_data_live/c9b6f7a7cca1589fb53276f74ac8bc547b31e5ec-744x1039.png
ogn-271,Origins,OGN,271,Recruit (271) // Buff,Unit,Common,Colorless,,0,1,Recruit,,False,,Token,,https://cmsassets.rgpub.io/sanity/images/dsfx7636/game_data_live/7c3362dc6e6e6fb724ef31b061a44d2976f5b01f-744x1039.png
ogn-272,Origins,OGN,272,Recruit (272) // Buff,Unit,Common,Colorless,,0,1,Recruit,,False,,Token,,https://cmsassets.rgpub.io/sanity/images/dsfx7636/game_data_live/c168ca334739090a060710dfc440982c3462ac8c-744x1039.png
ogn-273,Origins,OGN,273,Recruit (273) // Buff,Unit,Common,Colorless,,0,1,Recruit,,False,,Token,,https://cmsassets.rgpub.io/sanity/images/dsfx7636/game_data_live/d93ec9a524a2989b9d7ef23c6fc02e8ce39959c2-744x1039.png
ogn-274,Origins,OGN,274,Sprite (274) // Buff,Unit,Common,Colorless,,0,3,Fae,Temporary,False,,Token,"[Temporary] (Kill me at the start of your Beginning Phase, before scoring.)",https://cmsassets.rgpub.io/sanity/images/dsfx7636/game_data_live/055892752559d2d3d32e76f491a7a0b540e1a669-744x1039.png
ogn-275,Origins,OGN,275,Altar to Unity,Battlefield,Uncommon,Colorless,,,,,,False,,,"When you hold here, play a 1 might Recruit unit token in your base.",https://cmsassets.rgpub.io/sanity/images/dsfx7636/game_data_live/2392529560dc9af72596c6fc65b4c0356bbc44d1-1038x744.png
ogn-276,Origins,OGN,276,Aspirant's Climb,Battlefield,Uncommon,Colorless,,,,,,False,2026-07-24,,Increase the points needed to win the game by 1.,https://cmsassets.rgpub.io/sanity/images/dsfx7636/game_data_live/9301593f3800e68427469d38181b578a672473c3-1038x744.png
ogn-277,Origins,OGN,277,Back-Alley Bar,Battlefield,Uncommon,Colorless,,,,,,False,,,"When a unit moves from here, give it +1 might this turn.",https://cmsassets.rgpub.io/sanity/images/dsfx7636/game_data_live/3e9f659a32e390b45bc87a01bdd6af4a8a3565f7-1038x744.png
ogn-278,Origins,OGN,278,Bandle Tree,Battlefield,Uncommon,Colorless,,,,,,False,,,You may hide an additional card here.,https://cmsassets.rgpub.io/sanity/images/dsfx7636/game_data_live/538f93a34006c4afaddb890cbc75b4db222f1783-1038x744.png
ogn-279,Origins,OGN,279,Fortified Position,Battlefield,Uncommon,Colorless,,,,,Shield,False,,,"When you defend here, choose a unit. It gains [Shield 2] this combat. (+2 might while it's a defender.)",https://cmsassets.rgpub.io/sanity/images/dsfx7636/game_data_live/45363bbd907f4f3717868cb04b3cfed814b3bb32-1038x744.png
ogn-027a,Origins,OGN,027a,"Darius, Trifarian",Unit,Showcase,Fury,5,1,5,Trifarian|Darius|Noxus,,True,,Champion,"When you play your second card in a turn, give me +2 might this turn and ready me.",https://cmsassets.rgpub.io/sanity/images/dsfx7636/game_data_live/df878ecc25160bb7e53b254a609ec243e133e8f1-744x1039.png
ogn-280,Origins,OGN,280,Grove of the God-Willow,Battlefield,Uncommon,Colorless,,,,,,False,,,"When you hold here, draw 1.",https://cmsassets.rgpub.io/sanity/images/dsfx7636/game_data_live/1574863000ab23d69cbd388a32b1a09f29f78d5f-1038x744.png
ogn-281,Origins,OGN,281,Hallowed Tomb,Battlefield,Uncommon,Colorless,,,,,,False,,,"When you hold here, you may return your Chosen Champion from your trash to your Champion Zone if it is empty.",https://cmsassets.rgpub.io/sanity/images/dsfx7636/game_data_live/3e37a8cafd836680f82c31894de7f84818ebd952-1038x744.png
ogn-282,Origins,OGN,282,Monastery of Hirana,Battlefield,Uncommon,Colorless,,,,,,False,,,"When you conquer here, you may spend a buff to draw 1.",https://cmsassets.rgpub.io/sanity/images/dsfx7636/game_data_live/8767d9ed30e2873d3fa1045f973be229da56175d-1038x744.png
ogn-283,Origins,OGN,283,Navori Fighting Pit,Battlefield,Uncommon,Colorless,,,,,,False,,,"When you hold here, buff a unit here. (If it doesn't have a buff, it gets a +1 might buff.)",https://cmsassets.rgpub.io/sanity/images/dsfx7636/game_data_live/c03ed3ddf8b764963e4b0745e86a12a5ebcef2a3-1038x744.png
ogn-284,Origins,OGN,284,Obelisk of Power,Battlefield,Uncommon,Colorless,,,,,,False,2026-03-31,,"At the start of each player's first Beginning Phase, that player channels 1 rune.",https://cmsassets.rgpub.io/sanity/images/dsfx7636/game_data_live/0ef4890cdc3145616fcf41290a13c63b1afe4e0d-1038x744.png
ogn-285,Origins,OGN,285,Reaver's Row,Battlefield,Uncommon,Colorless,,,,,,False,2026-03-31,,"When you defend here, you may move a friendly unit here to base.",https://cmsassets.rgpub.io/sanity/images/dsfx7636/game_data_live/7d99fe84c9b815463198b5dbad694759940cac12-1038x744.png
ogn-286,Origins,OGN,286,Reckoner's Arena,Battlefield,Uncommon,Colorless,,,,,,False,,,"When you hold here, activate the conquer effects of units here.",https://cmsassets.rgpub.io/sanity/images/dsfx7636/game_data_live/6b7d867487efcbefa8c3d67043a839497ec50388-1038x744.png
ogn-287,Origins,OGN,287,Sigil of the Storm,Battlefield,Uncommon,Colorless,,,,,,False,,,"When you conquer here, recycle one of your runes.",https://cmsassets.rgpub.io/sanity/images/dsfx7636/game_data_live/9b795e7a2af421aabc01dc6f35c0b5d547fe3c0e-1038x744.png
ogn-288,Origins,OGN,288,Startipped Peak,Battlefield,Uncommon,Colorless,,,,,,False,,,"When you hold here, you may channel 1 rune exhausted.",https://cmsassets.rgpub.io/sanity/images/dsfx7636/game_data_live/05adde1d8ab40e2a2f832a89ac5c9174ee78796f-1038x744.png
ogn-289,Origins,OGN,289,Targon's Peak,Battlefield,Uncommon,Colorless,,,,,,False,,,"When you conquer here, ready 2 runes at the end of this turn.",https://cmsassets.rgpub.io/sanity/images/dsfx7636/game_data_live/6ff1b34ad231645910f670496e1662de0b545a44-1038x744.png
ogn-290,Origins,OGN,290,The Arena's Greatest,Battlefield,Uncommon,Colorless,,,,,,False,2026-07-24,,"At the start of each player's first Beginning Phase, that player gains 1 point.",https://cmsassets.rgpub.io/sanity/images/dsfx7636/game_data_live/2afd8bdfdd42b1595af0746a6c6b92879ac770d6-1038x744.png
ogn-291,Origins,OGN,291,The Candlelit Sanctum,Battlefield,Uncommon,Colorless,,,,,,False,,,"When you conquer here, look at the top two cards of your Main Deck. You may recycle one or both of them. Put those you don't back in any order.",https://cmsassets.rgpub.io/sanity/images/dsfx7636/game_data_live/f14fe78f2b7f3909eadb07bce24bd582e190653d-1038x744.png
ogn-292,Origins,OGN,292,The Dreaming Tree,Battlefield,Uncommon,Colorless,,,,,,False,2026-03-31,,"When a player chooses a friendly unit here with a spell for the first time each turn, they draw 1.",https://cmsassets.rgpub.io/sanity/images/dsfx7636/game_data_live/f382c2c2442959f2a8905de2be7d202458918a04-1040x744.png
ogn-293,Origins,OGN,293,The Grand Plaza,Battlefield,Uncommon,Colorless,,,,,,False,,,"When you hold here, if you have 7+ units here, you win the game.",https://cmsassets.rgpub.io/sanity/images/dsfx7636/game_data_live/f9ca8d04cb269ad99bca7e6dae874cad1bec336a-1038x744.png
ogn-294,Origins,OGN,294,Trifarian War Camp,Battlefield,Uncommon,Colorless,,,,,,False,,,Units here have +1 might. (This includes attackers.),https://cmsassets.rgpub.io/sanity/images/dsfx7636/game_data_live/3788cf718e716e35a7fa20ec1dc56991644e6484-1038x744.png
ogn-295,Origins,OGN,295,Vilemaw's Lair,Battlefield,Uncommon,Colorless,,,,,,False,,,Units can't move from here to base.,https://cmsassets.rgpub.io/sanity/images/dsfx7636/game_data_live/f374b90a0bec11a5f423e7d4ebd869ab1a146471-1038x744.png
ogn-296,Origins,OGN,296,Void Gate,Battlefield,Uncommon,Colorless,,,,,,False,,,Spells and abilities affecting units here each deal 1 Bonus Damage. (Each instance of damage the spell deals is increased by 1.),https://cmsassets.rgpub.io/sanity/images/dsfx7636/game_data_live/14a52a367fd41fd84745e050e62d1f281f733467-1038x744.png
ogn-297,Origins,OGN,297,Windswept Hillock,Battlefield,Uncommon,Colorless,,,,,Ganking,False,,,Units here have [Ganking]. (They can move from battlefield to battlefield.),https://cmsassets.rgpub.io/sanity/images/dsfx7636/game_data_live/aba557a4053fd76c6aa95b2b907ec682bad70d9f-1038x744.png
ogn-298,Origins,OGN,298,Zaun Warrens,Battlefield,Uncommon,Colorless,,,,,,False,,,"When you conquer here, discard 1, then draw 1.",https://cmsassets.rgpub.io/sanity/images/dsfx7636/game_data_live/458ee40086c77b43b98c2decbaf33a4aa2359bb9-1038x744.png
ogn-299,Origins,OGN,299,"Kai'Sa, Daughter of the Void",Legend,Showcase,Fury|Mind,,,,Kai'Sa,Reaction|Add,True,,,exhaust: [Reaction] — [Add] 1 rune of any type. Use only to play spells. (Abilities that add resources can't be reacted to.),https://cmsassets.rgpub.io/sanity/images/dsfx7636/game_data_live/57e13462b8fea9a5cfa1b424d3ad3005f37b00ad-1488x2078.png
ogn-300,Origins,OGN,300,"Volibear, Relentless Storm",Legend,Showcase,Fury|Body,,,,Volibear,Mighty,True,,,"When you play a [Mighty] unit, you may exhaust me to channel 1 rune exhausted. (A unit is Mighty while it has 5+ might.)",https://cmsassets.rgpub.io/sanity/images/dsfx7636/game_data_live/34aa11c88735be28266dbc61486a557454fd6b4c-1488x2078.png
ogn-301,Origins,OGN,301,"Jinx, Loose Cannon",Legend,Showcase,Fury|Chaos,,,,Jinx,,True,,,"At start of your Beginning Phase, draw 1 if you have one or fewer cards in your hand.",https://cmsassets.rgpub.io/sanity/images/dsfx7636/game_data_live/8a7dbbed04133926e58843f1d586f51178ef2ebd-1488x2078.png
ogn-302,Origins,OGN,302,"Darius, Hand of Noxus",Legend,Showcase,Fury|Order,,,,Darius,Reaction|Legion|Add,True,,,"exhaust: [Reaction], [Legion] — [Add] 1 energy. (Abilities that add resources can't be reacted to. Get the effect if you've played a card this turn.)",https://cmsassets.rgpub.io/sanity/images/dsfx7636/game_data_live/37d43efe09ccfe5d72ce37fdc27599bd5ef736af-1488x2078.png
ogn-303,Origins,OGN,303,"Ahri, Nine-Tailed Fox",Legend,Showcase,Calm|Mind,,,,Ahri,,True,,,"When an enemy unit attacks a battlefield you control, give it -1 might this turn, to a minimum of 1 might.",https://cmsassets.rgpub.io/sanity/images/dsfx7636/game_data_live/dc89c6a2415debd5bf504ed46843f5dcc1d9b815-1488x2078.png
ogn-304,Origins,OGN,304,"Lee Sin, Blind Monk",Legend,Showcase,Calm|Body,,,,Lee Sin,,True,,,"1 energy, exhaust: Buff a friendly unit. (If it doesn't have a buff, it gets a +1 might buff.)",https://cmsassets.rgpub.io/sanity/images/dsfx7636/game_data_live/fb6316c39ad2a00d65f4b6cc823cbdd61cadda3b-1488x2078.png
ogn-305,Origins,OGN,305,"Yasuo, Unforgiven",Legend,Showcase,Calm|Chaos,,,,Yasuo,,True,,,"2 energy, exhaust: Move a friendly unit to or from its base.",https://cmsassets.rgpub.io/sanity/images/dsfx7636/game_data_live/2c804ec513085702763a9145fac93a8adb6c4783-1488x2078.png
ogn-306,Origins,OGN,306,"Leona, Radiant Dawn",Legend,Showcase,Calm|Order,,,,Leona,,True,,,"When you stun one or more enemy units, buff a friendly unit. (If it doesn't have a buff, it gets a +1 might buff.)",https://cmsassets.rgpub.io/sanity/images/dsfx7636/game_data_live/496d173b74d036a9e28ca1b4383551be0148f13d-1488x2078.png
ogn-307,Origins,OGN,307,"Teemo, Swift Scout",Legend,Showcase,Mind|Chaos,,,,Teemo,Hidden,True,,,"You may pay 1 energy to hide a card with [Hidden] instead of 1 rune of any type. 1 energy, exhaust: Put a Teemo unit you own into your hand from your Champion Zone or the board.",https://cmsassets.rgpub.io/sanity/images/dsfx7636/game_data_live/e2fbf10efaddbabe9241bd2c7b4d059accd1d5a7-1488x2078.png
ogn-308,Origins,OGN,308,"Viktor, Herald of the Arcane",Legend,Showcase,Mind|Order,,,,Viktor,,True,,,"1 energy, exhaust: Play a 1 might Recruit unit token.",https://cmsassets.rgpub.io/sanity/images/dsfx7636/game_data_live/a39902058db800a4318f3333dddb8a62a8751d7c-1488x2078.png
ogn-309,Origins,OGN,309,"Miss Fortune, Bounty Hunter",Legend,Showcase,Body|Chaos,,,,Miss Fortune,Ganking,True,,,exhaust: Give a unit [Ganking] this turn. (It can move from battlefield to battlefield.),https://cmsassets.rgpub.io/sanity/images/dsfx7636/game_data_live/f4b7f334f442d30ccea4743c641760c5533804b4-1488x2078.png
ogn-030a,Origins,OGN,030a,"Jinx, Demolitionist",Unit,Showcase,Fury,3,1,4,Jinx|Zaun,Accelerate|Assault,True,,Champion,"[Accelerate] (You may pay 1 energy and 1 fury rune as an additional cost to have me enter ready.) [Assault 2] (+2 might while I'm an attacker.) When you play me, discard 2.",https://cmsassets.rgpub.io/sanity/images/dsfx7636/game_data_live/60ff1aec7ecb1b11ff89fdb620c6182897a8b402-744x1039.png
ogn-310,Origins,OGN,310,"Sett, The Boss",Legend,Showcase,Body|Order,,,,Sett,,True,,,"When a buffed unit you control would die, you may pay 1 rune of any type and exhaust me to spend its buff and recall it exhausted instead. (Send it to base. This isn't a move.) When you conquer, ready me.",https://cmsassets.rgpub.io/sanity/images/dsfx7636/game_data_live/af042a5ee9ca9cca47b6f9736b33aaa599353516-1488x2078.png
ogn-039a,Origins,OGN,039a,"Kai'Sa, Survivor",Unit,Showcase,Fury,4,0,4,Kai'Sa|The Void,Accelerate,True,,Champion,"[Accelerate] (You may pay 1 energy and 1 fury rune as an additional cost to have me enter ready.) When I conquer, draw 1.",https://cmsassets.rgpub.io/sanity/images/dsfx7636/game_data_live/ad69bde670ce218adee1d2a618a7295d2fb7bd4c-744x1039.png
ogn-041a,Origins,OGN,041a,"Volibear, Furious",Unit,Showcase,Fury,10,2,9,Volibear|Freljord,Deflect,True,,Champion,"[Deflect 2] (Opponents must pay 2 runes of any type to choose me with a spell or ability.) When I attack, deal 5 damage split among any number of enemy units here.",https://cmsassets.rgpub.io/sanity/images/dsfx7636/game_data_live/744d1b950ae7ef1e6e5b244538a6afb9802e5e3d-744x1039.png
ogn-042a,Origins,OGN,042a,Calm Rune,Rune,Showcase,Calm,,,,,,True,,Basic,,https://cmsassets.rgpub.io/sanity/images/dsfx7636/game_data_live/88187b586b9b3cc2f48fd20c806dd5fc5e1bfc71-1488x2078.png
ogn-066a,Origins,OGN,066a,"Ahri, Alluring",Unit,Showcase,Calm,5,1,4,Ahri|Ionia,,True,,Champion,"When I hold, you score 1 point.",https://cmsassets.rgpub.io/sanity/images/dsfx7636/game_data_live/933f5d58cc0e27d017982306b9ae0f581c9c8d27-744x1039.png
ogn-076a,Origins,OGN,076a,"Yasuo, Remorseful",Unit,Showcase,Calm,6,2,6,Yasuo|Ionia,,True,,Champion,"When I attack, deal damage equal to my Might to an enemy unit here.",https://cmsassets.rgpub.io/sanity/images/dsfx7636/game_data_live/3f2cff3ff3b146c8bfe11594e37e9d8109884273-744x1039.png
ogn-078a,Origins,OGN,078a,"Lee Sin, Ascetic",Unit,Showcase,Calm,5,1,5,Lee Sin|Ionia,Shield,True,,Champion,[Shield] (+1 might while I'm a defender.) exhaust: Buff me. (I get a +1 might buff.) I can have any number of buffs.,https://cmsassets.rgpub.io/sanity/images/dsfx7636/game_data_live/d34a98faacd3f7d32afd6fad99c806f202aa9dad-744x1039.png
ogn-079a,Origins,OGN,079a,"Leona, Zealot",Unit,Showcase,Calm,6,1,6,Leona|Mount Targon,,True,,Champion,"If an opponent's score is within 3 points of the Victory Score, I enter ready. Stunned enemy units here have -8 might, to a minimum of 1 might.",https://cmsassets.rgpub.io/sanity/images/dsfx7636/game_data_live/451caa433b1fbe8e9d2b86548b82c3c5f2bac620-744x1039.png
ogn-089a,Origins,OGN,089a,Mind Rune,Rune,Showcase,Mind,,,,,,True,,Basic,,https://cmsassets.rgpub.io/sanity/images/dsfx7636/game_data_live/ecf8c8632c728520b51cd4bc79036677e96ebdfd-1488x2078.png
ogn-112a,Origins,OGN,112a,"Kai'Sa, Evolutionary",Unit,Showcase,Mind,6,1,6,Kai'Sa|The Void,Ganking,True,,Champion,"[Ganking] (I can move from battlefield to battlefield.) When I conquer, you may play a spell from your trash with Energy cost less than your points without paying its Energy cost. Then recycle it. (You must still pay its Power cost.)",https://cmsassets.rgpub.io/sanity/images/dsfx7636/game_data_live/2c8c9619d4afd081de548b511000f7c4b849ec1e-744x1039.png
ogn-117a,Origins,OGN,117a,"Viktor, Innovator",Unit,Showcase,Mind,4,1,3,Viktor|Zaun,,True,,Champion,"When you play a card on an opponent's turn, play a 1 might Recruit unit token in your base.",https://cmsassets.rgpub.io/sanity/images/dsfx7636/game_data_live/12dfa6b38edc9b23f216c0a1828474f7506d49c0-744x1039.png
ogn-119a,Origins,OGN,119a,"Ahri, Inquisitive",Unit,Showcase,Mind,3,1,3,Ahri|Ionia,,True,,Champion,"When I attack or defend, give an enemy unit here -2 might this turn, to a minimum of 1 might.",https://cmsassets.rgpub.io/sanity/images/dsfx7636/game_data_live/7adc5aa8dba66bf918b8140699cb3a74f7b0efb5-744x1039.png
ogn-121a,Origins,OGN,121a,"Teemo, Strategist",Unit,Showcase,Mind,2,1,2,Yordle|Teemo|Bandle City,Hidden,True,,Champion,"[Hidden] (Hide now for 1 rune of any type to react with later for 0 energy.) When I defend or I'm played from [Hidden], reveal the top 5 cards of your Main Deck. Deal 1 to an enemy unit here for each card with [Hidden], then recycle them.",https://cmsassets.rgpub.io/sanity/images/dsfx7636/game_data_live/0709ab02b75d9acc8f3c4037ec3a4140323150d8-744x1039.png
ogn-126a,Origins,OGN,126a,Body Rune,Rune,Showcase,Body,,,,,,True,,Basic,,https://cmsassets.rgpub.io/sanity/images/dsfx7636/game_data_live/011081f82cab36f8ec0d6874492512fd7859f59e-1488x2078.png
ogn-151a,Origins,OGN,151a,"Lee Sin, Centered",Unit,Showcase,Body,6,0,6,Lee Sin|Ionia,Accelerate,True,,Champion,[Accelerate] (You may pay 1 energy and 1 body rune as an additional cost to have me enter ready.) Other buffed friendly units at my battlefield have +2 might.,https://cmsassets.rgpub.io/sanity/images/dsfx7636/game_data_live/68d9364d3138e06a25724a0aaae0b7226472cd68-744x1039.png
ogn-158a,Origins,OGN,158a,"Volibear, Imposing",Unit,Showcase,Body,12,2,10,Volibear|Freljord,Shield|Tank,True,,Champion,"[Shield 3] (+3 might while I'm a defender.) [Tank] (I must be assigned combat damage first.) When an opponent moves to a battlefield other than mine, draw 1. (Bases are not battlefield.)",https://cmsassets.rgpub.io/sanity/images/dsfx7636/game_data_live/faceb90b6a46e79eadba43871b8cffe1ec5037a7-744x1039.png
ogn-162a,Origins,OGN,162a,"Miss Fortune, Captain",Unit,Showcase,Body,5,1,5,Pirate|Miss Fortune|Bilgewater,Accelerate|Ganking,True,,Champion,"[Accelerate] (You may pay 1 energy and 1 body rune as an additional cost to have me enter ready.) [Ganking] (I can move from battlefield to battlefield.) The first time I move each turn, you may ready something else that's exhausted.",https://cmsassets.rgpub.io/sanity/images/dsfx7636/game_data_live/6a7a0dfa952259993fa0d8998a820585ff4f81c6-744x1039.png
ogn-164a,Origins,OGN,164a,"Sett, Brawler",Unit,Showcase,Body,5,1,4,Sett|Ionia,,True,,Champion,"When I'm played and when I conquer, buff me. (If I don't have a buff, I get a +1 might buff.) Spend my buff: Give me +4 might this turn.",https://cmsassets.rgpub.io/sanity/images/dsfx7636/game_data_live/26e65c15e8a1ce1a9cd60d96345c7916e67e00ac-744x1039.png
ogn-166a,Origins,OGN,166a,Chaos Rune,Rune,Showcase,Chaos,,,,,,True,,Basic,,https://cmsassets.rgpub.io/sanity/images/dsfx7636/game_data_live/fbcde2f71fcc06fb8afc83855e24447a393f8943-1488x2078.png
ogn-193a,Origins,OGN,193a,"Miss Fortune, Buccaneer",Unit,Showcase,Chaos,4,1,4,Pirate|Miss Fortune|Bilgewater,,True,,Champion,You may play me to an open battlefield. Friendly units may be played to open battlefields.,https://cmsassets.rgpub.io/sanity/images/dsfx7636/game_data_live/8fde2eeb516af55b24467569aa982037f5b67b89-744x1039.png
ogn-197a,Origins,OGN,197a,"Teemo, Scout",Unit,Showcase,Chaos,2,0,1,Yordle|Teemo|Bandle City,Hidden,True,,Champion,"[Hidden] (Hide now for 1 rune of any type to react with later for 0 energy.) When you play me, give me +3 might this turn.",https://cmsassets.rgpub.io/sanity/images/dsfx7636/game_data_live/404a8aa0061b58611bd913b58dd01d99fdb8087d-744x1039.png
ogn-202a,Origins,OGN,202a,"Jinx, Rebel",Unit,Showcase,Chaos,5,1,5,Jinx|Zaun,,True,,Champion,"When you discard one or more cards, ready me and give me +1 might this turn.",https://cmsassets.rgpub.io/sanity/images/dsfx7636/game_data_live/da4c4f96081b4c0e151dba74a0ef6eae338478f0-744x1039.png
ogn-205a,Origins,OGN,205a,"Yasuo, Windrider",Unit,Showcase,Chaos,5,1,4,Yasuo|Ionia,Ganking,True,,Champion,"[Ganking] (I can move from battlefield to battlefield.) The third time I move in a turn, you score 1 point.",https://cmsassets.rgpub.io/sanity/images/dsfx7636/game_data_live/35f7ca6802af48585af55d23cf7675a8922d8535-744x1039.png
ogn-214a,Origins,OGN,214a,Order Rune,Rune,Showcase,Order,,,,,,True,,Basic,,https://cmsassets.rgpub.io/sanity/images/dsfx7636/game_data_live/0e4904221c3bbbfcfde1734bc414dbe97c67e295-1488x2078.png
ogn-238a,Origins,OGN,238a,"Leona, Determined",Unit,Showcase,Order,4,1,4,Leona|Mount Targon,Shield,True,,Champion,"[Shield] (+1 might while I'm a defender.) When I attack, stun an enemy unit here. (It doesn't deal combat damage this turn.)",https://cmsassets.rgpub.io/sanity/images/dsfx7636/game_data_live/1ed0250f1d3bbbbde49b3ce1fc2e744e4da64baa-744x1039.png
ogn-240a,Origins,OGN,240a,"Sett, Kingpin",Unit,Showcase,Order,4,1,5,Sett|Ionia,Tank,True,,Champion,[Tank] (I must be assigned combat damage first.) I get +1 might for each buffed friendly unit at my battlefield.,https://cmsassets.rgpub.io/sanity/images/dsfx7636/game_data_live/010bbd89c60c57dc508f6b22201d31bb188f84d6-744x1039.png
ogn-243a,Origins,OGN,243a,"Darius, Executioner",Unit,Showcase,Order,6,1,6,Trifarian|Darius|Noxus,Legion,True,,Champion,"[Legion] — When you play me, ready me. (Get the effect if you've played another card this turn) Other friendly units have +1 might here.",https://cmsassets.rgpub.io/sanity/images/dsfx7636/game_data_live/76a697f29d4fc3cd9a5e9a0ce79f229d26bc0c90-744x1039.png
ogn-246a,Origins,OGN,246a,"Viktor, Leader",Unit,Showcase,Order,4,1,4,Viktor|Zaun,,True,,Champion,"When another non-Recruit unit you control dies, play a 1 might Recruit unit token into your base.",https://cmsassets.rgpub.io/sanity/images/dsfx7636/game_data_live/19b66f8eccd6d6e9d41048f73e44660f1cf77068-744x1039.png
ogn-299*,Origins,OGN,299*,"Kai'Sa, Daughter of the Void",Legend,Showcase,Fury|Mind,,,,Kai'Sa,Reaction|Add,True,,,exhaust: [Reaction] — [Add] 1 rune of any type. Use only to play spells. (Abilities that add resources can't be reacted to.),https://cmsassets.rgpub.io/sanity/images/dsfx7636/game_data_live/ae8e68af43400f61f7391c0a6ee339fd718a7540-1488x2078.png
ogn-300*,Origins,OGN,300*,"Volibear, Relentless Storm",Legend,Showcase,Fury|Body,,,,Volibear,Mighty,True,,,"When you play a [Mighty] unit, you may exhaust me to channel 1 rune exhausted. (A unit is Mighty while it has 5+ might.)",https://cmsassets.rgpub.io/sanity/images/dsfx7636/game_data_live/d5a629ce373a6add09bfacc4b584e509c6332334-1488x2078.png
ogn-301*,Origins,OGN,301*,"Jinx, Loose Cannon",Legend,Showcase,Fury|Chaos,,,,Jinx,,True,,,"At start of your Beginning Phase, draw 1 if you have one or fewer cards in your hand.",https://cmsassets.rgpub.io/sanity/images/dsfx7636/game_data_live/30bed82f66ce9e4eae260d029d92c9d8cb1588ab-1488x2078.png
ogn-302*,Origins,OGN,302*,"Darius, Hand of Noxus",Legend,Showcase,Fury|Order,,,,Darius,Reaction|Legion|Add,True,,,"exhaust: [Reaction], [Legion] — [Add] 1 energy. (Abilities that add resources can't be reacted to. Get the effect if you've played a card this turn.)",https://cmsassets.rgpub.io/sanity/images/dsfx7636/game_data_live/31f3c975c6f5693f6567b0ebdb66bd4dd92d730b-744x1039.png
ogn-303*,Origins,OGN,303*,"Ahri, Nine-Tailed Fox",Legend,Showcase,Calm|Mind,,,,Ahri,,True,,,"When an enemy unit attacks a battlefield you control, give it -1 might this turn, to a minimum of 1 might.",https://cmsassets.rgpub.io/sanity/images/dsfx7636/game_data_live/e5fe571a8f09c0a9e76345ec32b446480f54617c-1488x2078.png
ogn-304*,Origins,OGN,304*,"Lee Sin, Blind Monk",Legend,Showcase,Calm|Body,,,,Lee Sin,,True,,,"1 energy, exhaust: Buff a friendly unit. (If it doesn't have a buff, it gets a +1 might buff.)",https://cmsassets.rgpub.io/sanity/images/dsfx7636/game_data_live/b4dfd543b1cfcdefba4568fe78146e0d6e46add7-1488x2078.png
ogn-305*,Origins,OGN,305*,"Yasuo, Unforgiven",Legend,Showcase,Calm|Chaos,,,,Yasuo,,True,,,"2 energy, exhaust: Move a friendly unit to or from its base.",https://cmsassets.rgpub.io/sanity/images/dsfx7636/game_data_live/6a06599a299b15175984c1e38d27a3be21258fbe-1488x2078.png
ogn-306*,Origins,OGN,306*,"Leona, Radiant Dawn",Legend,Showcase,Calm|Order,,,,Leona,,True,,,"When you stun one or more enemy units, buff a friendly unit. (If it doesn't have a buff, it gets a +1 might buff.)",https://cmsassets.rgpub.io/sanity/images/dsfx7636/game_data_live/bd526a0f9177aaa9ec575add7d02e72b46520070-744x1039.png
ogn-307*,Origins,OGN,307*,"Teemo, Swift Scout",Legend,Showcase,Mind|Chaos,,,,Teemo,Hidden,True,,,"You may pay 1 energy to hide a card with [Hidden] instead of 1 rune of any type. 1 energy, exhaust: Put a Teemo unit you own into your hand from your Champion Zone or the board.",https://cmsassets.rgpub.io/sanity/images/dsfx7636/game_data_live/4fd9e82cbd96010e2556430970d433022b541a51-1488x2078.png
ogn-308*,Origins,OGN,308*,"Viktor, Herald of the Arcane",Legend,Showcase,Mind|Order,,,,Viktor,,True,,,"1 energy, exhaust: Play a 1 might Recruit unit token.",https://cmsassets.rgpub.io/sanity/images/dsfx7636/game_data_live/e345a5fc347e6a5835f2afa33492058fdbfcb169-744x1039.png
ogn-309*,Origins,OGN,309*,"Miss Fortune, Bounty Hunter",Legend,Showcase,Body|Chaos,,,,Miss Fortune,Ganking,True,,,exhaust: Give a unit [Ganking] this turn. (It can move from battlefield to battlefield.),https://cmsassets.rgpub.io/sanity/images/dsfx7636/game_data_live/37153cce7f58b2fceb28ea9ff91deb0411f849e2-1488x2078.png
ogn-310*,Origins,OGN,310*,"Sett, The Boss",Legend,Showcase,Body|Order,,,,Sett,,True,,,"When a buffed unit you control would die, you may pay 1 rune of any type and exhaust me to spend its buff and recall it exhausted instead. (Send it to base. This isn't a move.) When you conquer, ready me.",https://cmsassets.rgpub.io/sanity/images/dsfx7636/game_data_live/6e8efcd343dfd37d9d108243a86c2a5a6412f698-744x1039.png
sfd-001,Spiritforged,SFD,001,Against the Odds,Spell,Common,Fury,2,0,,,Reaction,False,,,"[Reaction] (Play any time, even before spells and abilities resolve.) Give a friendly unit at a battlefield +2 might this turn for each enemy unit there.",https://cmsassets.rgpub.io/sanity/images/dsfx7636/game_data_live/4c4ab0c838854ccd5d5399a045835876450287e8-744x1039.png
sfd-002,Spiritforged,SFD,002,Armed Assailant,Unit,Common,Fury,6,1,6,Noxus,Accelerate|Weaponmaster|Equip,False,,,"[Accelerate] (You may pay 1 energy and 1 fury rune as an additional cost to have me enter ready.) [Weaponmaster] (When you play me, you may [Equip] one of your Equipment to me for 1 rune of any type less, even if it's already attached.)",https://cmsassets.rgpub.io/sanity/images/dsfx7636/game_data_live/1debdef1d45f7b2a452951db39674aeb01a8dc2b-744x1039.png
sfd-003,Spiritforged,SFD,003,Blood Rush,Spell,Common,Fury,1,0,,,Action|Repeat|Assault,False,,,[Action] (Play on your turn or in showdowns.) [Repeat] 1 energy (You may pay the additional cost to repeat this spell's effect.) Give a unit [Assault 2]. (+2 might while it's an attacker.),https://cmsassets.rgpub.io/sanity/images/dsfx7636/game_data_live/931b77b9ab56c3abc85686be4d2452c450f9b3e0-744x1039.png
sfd-004,Spiritforged,SFD,004,Bushwhack,Spell,Common,Fury,2,1,,,Hidden,False,,,[Hidden] (Hide now for 1 rune of any type to react with later for 0 energy.) Friendly units enter ready this turn. Play a Gold gear token exhausted.,https://cmsassets.rgpub.io/sanity/images/dsfx7636/game_data_live/f728959ad6d4ee6c507310000c3c9e02c0772a16-744x1039.png
sfd-005,Spiritforged,SFD,005,Detonate,Spell,Common,Fury,1,1,,,,False,,,Kill a gear. Its controller draws 2.,https://cmsassets.rgpub.io/sanity/images/dsfx7636/game_data_live/e837fbd6aeeb1293386dcfa284aae5a4baca10ef-744x1039.png
sfd-006,Spiritforged,SFD,006,Eager Drakehound,Unit,Common,Fury,3,1,3,Dog|Dragon|Noxus,,False,,,I enter ready.,https://cmsassets.rgpub.io/sanity/images/dsfx7636/game_data_live/ac0fac5af309842ba91b4b8d80e1abd47622e14a-744x1039.png
sfd-007,Spiritforged,SFD,007,Gem Jammer,Unit,Common,Fury,2,0,2,Mech|Bandle City,Ganking,False,,,"When you play me, give a unit [Ganking] this turn. (It can move from battlefield to battlefield.)",https://cmsassets.rgpub.io/sanity/images/dsfx7636/game_data_live/9f487e8a76e6e6b9f2e32de0c9c147be42f49e59-744x1039.png
sfd-008,Spiritforged,SFD,008,Sentinel Adept,Unit,Common,Fury,3,0,3,Shadow Isles|Sentinel,Weaponmaster|Equip,False,,,"[Weaponmaster] (When you play me, you may [Equip] one of your Equipment to me for 1 rune of any type less, even if it's already attached.)",https://cmsassets.rgpub.io/sanity/images/dsfx7636/game_data_live/94e213b77131d9a67e51743a35fc5dff80fd79ec-744x1039.png
sfd-009,Spiritforged,SFD,009,Serrated Dirk,Gear,Common,Fury,1,0,,Equipment,Equip,False,,,[Equip] 1 fury rune (1 fury rune: Attach this to a unit you control.),https://cmsassets.rgpub.io/sanity/images/dsfx7636/game_data_live/9498c8146745124fc45a7b55184854a9c9da21f5-744x1039.png
sfd-010,Spiritforged,SFD,010,Void Drone,Unit,Common,Fury,3,0,3,The Void,,False,,,I cost 2 energy less to play from anywhere other than your hand.,https://cmsassets.rgpub.io/sanity/images/dsfx7636/game_data_live/589dde45bc610eb83bc808803e4becf8a6d2da84-744x1039.png
sfd-011,Spiritforged,SFD,011,Angle Shot,Spell,Uncommon,Fury,2,0,,,Reaction,False,,,"[Reaction] (Play any time, even before spells and abilities resolve.) Choose a unit and an Equipment with the same controller. Attach that Equipment to that unit or detach that Equipment from that unit. Draw 1.",https://cmsassets.rgpub.io/sanity/images/dsfx7636/game_data_live/757d507b684e55e333bac0ecdf2ec9ff3ad6045c-744x1039.png
sfd-012,Spiritforged,SFD,012,Battering Ram,Unit,Uncommon,Fury,5,0,5,Trifarian|Noxus,,False,,,"I cost 1 energy less for each card you've played this turn, to a minimum of 1 energy.",https://cmsassets.rgpub.io/sanity/images/dsfx7636/game_data_live/5661f07778201b236b014a6078003cde9af57cdd-744x1039.png
sfd-013,Spiritforged,SFD,013,Blast Corps Cadet,Unit,Uncommon,Fury,2,0,2,Piltover,,False,,,"You may pay 1 energy and 1 fury rune as an additional cost to play me. When you play me, if you paid the additional cost, deal 2 to a unit at a battlefield.",https://cmsassets.rgpub.io/sanity/images/dsfx7636/game_data_live/9efe5a8322a90822650ff18578cd5e1a8561fac5-744x1039.png
sfd-014,Spiritforged,SFD,014,Minotaur Reckoner,Unit,Uncommon,Fury,5,0,5,Noxus,,False,,,Units can't move to base.,https://cmsassets.rgpub.io/sanity/images/dsfx7636/game_data_live/77bb46cd667e59f26310797ac99686f3a4d19af5-744x1039.png
sfd-015,Spiritforged,SFD,015,Perched Grimwyrm,Unit,Uncommon,Fury,4,0,5,Dragon|Shadow Isles,,False,,,Play me only to a battlefield you conquered this turn. (You can't play me anywhere else.),https://cmsassets.rgpub.io/sanity/images/dsfx7636/game_data_live/71af1587378c1c3feabd1b148fb776e42c7d27e8-744x1039.png
sfd-016,Spiritforged,SFD,016,Recurve Bow,Gear,Uncommon,Fury,2,0,,Equipment,Equip,False,,,[Equip] 1 fury rune (1 fury rune: Attach this to a unit you control.),https://cmsassets.rgpub.io/sanity/images/dsfx7636/game_data_live/763604237b4b59df5df98f61528be2233b850dd5-744x1039.png
sfd-017,Spiritforged,SFD,017,Sudden Storm,Spell,Uncommon,Fury,3,0,,,Hidden|Action,False,,,"[Hidden] (Hide now for 1 rune of any type to react with later for 0 energy.) [Action] (Play on your turn or in showdowns.) Deal 2 to a unit at a battlefield. If it's attacking, deal 4 to it instead.",https://cmsassets.rgpub.io/sanity/images/dsfx7636/game_data_live/ba3e8c3e95137a289dbdec88e96e5c5a9a45f2c7-744x1039.png
sfd-018,Spiritforged,SFD,018,Void Hatchling,Unit,Uncommon,Fury,2,0,2,The Void,,False,,,"If you would reveal cards from a deck, look at the top card first. You may recycle it. Then reveal those cards.",https://cmsassets.rgpub.io/sanity/images/dsfx7636/game_data_live/a909782d0a30f31f9414c99ba143fa570a3cb456-744x1039.png
sfd-019,Spiritforged,SFD,019,Assembly Rig,Gear,Rare,Fury,4,0,,,,False,,,"1 energy and 1 fury rune, Recycle a unit from your trash, exhaust: Play a 3 might Mech unit token to your base.",https://cmsassets.rgpub.io/sanity/images/dsfx7636/game_data_live/40ae6f61f1a0b5d65d91e3bb3fd2a0dad9148208-744x1039.png
sfd-020,Spiritforged,SFD,020,"Draven, Vanquisher",Unit,Rare,Fury,4,0,4,Draven|Noxus,,False,2026-03-31,Champion,"When I win a combat, play a Gold gear token exhausted. When I attack or defend, you may pay 1 fury rune. If you do, give me +2 might this turn.",https://cmsassets.rgpub.io/sanity/images/dsfx7636/game_data_live/8e49e0b83df68f37a15bf704b83475144fd9ef92-744x1039.png
sfd-021,Spiritforged,SFD,021,Ferrous Forerunner,Unit,Rare,Fury,6,1,6,Mech|Yordle|Bandle City,Deathknell,False,,,"[Deathknell] — Play two 3 might Mech unit tokens to your base. (When I die, get the effect.)",https://cmsassets.rgpub.io/sanity/images/dsfx7636/game_data_live/b2873a352c0158a677255894cec458d1c17709f7-744x1039.png
sfd-022,Spiritforged,SFD,022,Long Sword,Gear,Rare,Fury,2,1,,Equipment,Quick-Draw|Reaction|Equip,False,,,"[Quick-Draw] (This has [Reaction]. When you play it, attach it to a unit you control.) [Equip] 1 fury rune (1 fury rune: Attach this to a unit you control.)",https://cmsassets.rgpub.io/sanity/images/dsfx7636/game_data_live/48d798bf93afd1ef139dcafc6cd8705742b93169-744x1039.png
sfd-023,Spiritforged,SFD,023,Piercing Light,Spell,Rare,Fury,2,1,,,Repeat,False,,,"[Repeat] 2 energy and 1 fury rune (You may pay the additional cost to repeat this spell's effect.) Deal 2 to a unit at a battlefield, then deal 2 to up to one other unit.",https://cmsassets.rgpub.io/sanity/images/dsfx7636/game_data_live/7fb3283b11fb8e5b5b08f9ead9b98c695b75bff0-744x1039.png
sfd-024,Spiritforged,SFD,024,"Rell, Magnetic",Unit,Rare,Fury,4,0,4,Rell|Noxus,Tank,False,,Champion,"[Tank] (I must be assigned combat damage first.) When I attack, you may play an Equipment with Energy cost no more than 2 energy, ignoring its cost, and attach it to me.",https://cmsassets.rgpub.io/sanity/images/dsfx7636/game_data_live/8aa1a9cf0a91a9ab601d5e5d42a438d4217eddd7-744x1039.png
sfd-025,Spiritforged,SFD,025,"Rengar, Pouncing",Unit,Rare,Fury,3,1,3,Cat|Rengar|Ixtal,Reaction|Assault,False,,Champion,"[Reaction] (Play any time, even before spells and abilities resolve, including to a battlefield you control.) [Assault 2] (+2 might while I'm an attacker.) I can be played to a battlefield you're attacking.",https://cmsassets.rgpub.io/sanity/images/dsfx7636/game_data_live/e24eb3fb835c4762479da5608b018785ef22e02c-744x1039.png
sfd-026,Spiritforged,SFD,026,"Rumble, Hotheaded",Unit,Rare,Fury,4,0,4,Mech|Yordle|Rumble|Bandle City,Assault,False,,Champion,"Your Mechs each have [Assault]. (+1 might while we're attackers.) When I conquer, you may recycle another friendly unit to play a Mech from your trash. Reduce its Energy cost by the Might of the unit you recycled.",https://cmsassets.rgpub.io/sanity/images/dsfx7636/game_data_live/e211311ecb1475e87d3d94eba4a6774b4e900091-744x1039.png
sfd-027,Spiritforged,SFD,027,Dunebreaker,Unit,Epic,Fury,7,1,7,The Void,,False,,,"If you have two or fewer cards in your hand, I enter ready. When I hold, draw 2.",https://cmsassets.rgpub.io/sanity/images/dsfx7636/game_data_live/fa17369233dfc68e011d16b7b98971a6f8743c3e-744x1039.png
sfd-028,Spiritforged,SFD,028,"Lucian, Gunslinger",Unit,Epic,Fury,3,0,2,Lucian|Demacia|Sentinel,Assault,False,,Champion,"[Assault] (+1 might while I'm an attacker.) When I attack, deal damage equal to my [Assault] to an enemy unit here.",https://cmsassets.rgpub.io/sanity/images/dsfx7636/game_data_live/2dfb106d7c85235436d25261195a638e2ab15092-744x1039.png
sfd-029,Spiritforged,SFD,029,"Rek'Sai, Breacher",Unit,Epic,Fury,3,0,3,Rek'Sai|The Void,Accelerate|Assault,False,,Champion,[Accelerate] (You may pay 1 energy and 1 fury rune as an additional cost to have me enter ready.) [Assault] (+1 might while I'm an attacker.) Friendly units played from anywhere other than a player's hand have [Accelerate].,https://cmsassets.rgpub.io/sanity/images/dsfx7636/game_data_live/999e2d25ea32da971e7b99b6e75558286c17949e-744x1039.png
sfd-030,Spiritforged,SFD,030,Skyfall of Areion,Gear,Epic,Fury,3,0,,Equipment,Equip,False,,,[Equip] 1 energy and 1 fury rune (1 energy and 1 fury rune: Attach this to a unit you control.),https://cmsassets.rgpub.io/sanity/images/dsfx7636/game_data_live/bea8390beb651502413cf644319c8ca6a8db1102-744x1039.png
sfd-031,Spiritforged,SFD,031,Desert's Call,Spell,Common,Calm,2,0,,,Repeat,False,,,[Repeat] 2 energy (You may pay the additional cost to repeat this spell's effect.) Play a 2 might Sand Soldier unit token.,https://cmsassets.rgpub.io/sanity/images/dsfx7636/game_data_live/b38ab6c02238b5a8e456cdad9b5108bb30e718bc-744x1039.png
sfd-032,Spiritforged,SFD,032,Disarming Rake,Unit,Common,Calm,3,1,2,Demacia,,False,,,"When you play me, you may kill a gear.",https://cmsassets.rgpub.io/sanity/images/dsfx7636/game_data_live/523732db17d8cf3c7c55f57c5dfb397b73e2b116-744x1039.png
sfd-033,Spiritforged,SFD,033,Doran's Shield,Gear,Common,Calm,1,0,,Equipment,Equip,False,,,[Equip] 1 calm rune (1 calm rune: Attach this to a unit you control.),https://cmsassets.rgpub.io/sanity/images/dsfx7636/game_data_live/49a24d4c6d770ed233c4a69bf8d87385bfc997d8-744x1039.png
sfd-034,Spiritforged,SFD,034,Feral Strength,Spell,Common,Calm,2,0,,,Reaction|Repeat,False,,,"[Reaction] (Play any time, even before spells and abilities resolve.) [Repeat] 2 energy (You may pay the additional cost to repeat this spell's effect.) Give a unit +2 might this turn.",https://cmsassets.rgpub.io/sanity/images/dsfx7636/game_data_live/f07842b38914f6bc73235fe07788a3fce89b4785-744x1039.png
sfd-035,Spiritforged,SFD,035,Guardian of the Passage,Unit,Common,Calm,6,0,6,Spirit|Shadow Isles,,False,,,"When I hold, you may return a unit or gear from your trash to your hand.",https://cmsassets.rgpub.io/sanity/images/dsfx7636/game_data_live/f6b932aa510c92d014422d31e27b1505e54abe20-744x1039.png
sfd-036,Spiritforged,SFD,036,Lonely Poro,Unit,Common,Calm,2,0,2,Poro|Freljord,Deathknell,False,,,"[Deathknell] — If I died alone, draw 1. (When I die, get the effect. I'm alone if there are no other friendly units here.)",https://cmsassets.rgpub.io/sanity/images/dsfx7636/game_data_live/f5ab933035b7a6d6bb1d35c10c13f58c7fbf3398-744x1039.png
sfd-037,Spiritforged,SFD,037,Navori Scout,Unit,Common,Calm,4,0,4,Yordle|Ionia,Deflect,False,,,[Deflect] (Opponents must pay 1 rune of any type to choose me with a spell or ability.),https://cmsassets.rgpub.io/sanity/images/dsfx7636/game_data_live/038625518f5b46f5217d300d9dc9fbf507c4ae09-744x1039.png
sfd-038,Spiritforged,SFD,038,Ribbon Dancer,Unit,Common,Calm,3,0,3,Ionia,,False,,,"When I move to a battlefield, give another friendly unit +1 might this turn.",https://cmsassets.rgpub.io/sanity/images/dsfx7636/game_data_live/92550ab70647046115133c7547423bcf308906f6-744x1039.png
sfd-039,Spiritforged,SFD,039,Royal Entourage,Unit,Common,Calm,3,1,4,Shurima,,False,,,"When you play me, ready or exhaust a legend.",https://cmsassets.rgpub.io/sanity/images/dsfx7636/game_data_live/a6f3ce580860fe80fdf1b41533ba89b5060e946a-744x1039.png
sfd-040,Spiritforged,SFD,040,Thwonk!,Spell,Common,Calm,2,0,,,Action|Repeat,False,,,[Action] (Play on your turn or in showdowns.) [Repeat] 2 energy (You may pay the additional cost to repeat this spell's effect.) Stun an attacking unit. (It doesn't deal combat damage this turn.),https://cmsassets.rgpub.io/sanity/images/dsfx7636/game_data_live/c414fdba5e47db294b8364a07f1258bc3e204c51-744x1039.png
sfd-041,Spiritforged,SFD,041,Apprentice Smith,Unit,Uncommon,Calm,2,0,2,Freljord,,False,,,"When I move, reveal the top card of your Main Deck. If it's a gear, draw it. Otherwise, recycle it.",https://cmsassets.rgpub.io/sanity/images/dsfx7636/game_data_live/3998c6171ddc7a021560d9d9600c8eced9a8d628-744x1039.png
sfd-042,Spiritforged,SFD,042,Brutalizer,Gear,Uncommon,Calm,2,0,,Equipment,Equip,False,,,[Equip] 1 calm rune (1 calm rune: Attach this to a unit you control.),https://cmsassets.rgpub.io/sanity/images/dsfx7636/game_data_live/3a0de7eec3de501f79f33c09b43c7fe42721d10d-744x1039.png
sfd-043,Spiritforged,SFD,043,Emperor's Divide,Spell,Uncommon,Calm,2,0,,,Hidden|Action,False,,,[Hidden] (Hide now for 1 rune of any type to react with later for 0 energy.) [Action] (Play on your turn or in showdowns.) Move any number of friendly units at a battlefield to their base.,https://cmsassets.rgpub.io/sanity/images/dsfx7636/game_data_live/80f367f06549d597c7b5a77be73eb647eab34f59-744x1039.png
sfd-044,Spiritforged,SFD,044,Legion Quartermaster,Unit,Uncommon,Calm,3,0,4,Trifarian|Noxus,,False,,,"As an additional cost to play me, return a friendly gear to its owner's hand.",https://cmsassets.rgpub.io/sanity/images/dsfx7636/game_data_live/c09cc35ffc98b46f919c09e09a93b603d63eb73e-744x1039.png
sfd-045,Spiritforged,SFD,045,Not So Fast,Spell,Uncommon,Calm,2,1,,,Reaction,False,,,"[Reaction] (Play any time, even before spells and abilities resolve.) Counter an enemy spell or ability that chooses a friendly unit or gear.",https://cmsassets.rgpub.io/sanity/images/dsfx7636/game_data_live/e576fefdce72ad862a7e374bf8c0fd509f359da9-744x1039.png
sfd-046,Spiritforged,SFD,046,Poro Snax,Gear,Uncommon,Calm,1,1,,,,False,,,"When you play this, draw 1. 1 energy and 1 calm rune, exhaust, Kill this: Draw 1.",https://cmsassets.rgpub.io/sanity/images/dsfx7636/game_data_live/8caaa64513b5ba57d676c7b2b9ee64af61711539-744x1039.png
sfd-047,Spiritforged,SFD,047,Simian Ancestor,Unit,Uncommon,Calm,5,1,5,Ionia,,False,,,"When you buff me, ready me.",https://cmsassets.rgpub.io/sanity/images/dsfx7636/game_data_live/901a77a01e869f1f38f7a0b1ba5ae28f06b54a08-744x1039.png
sfd-048,Spiritforged,SFD,048,Stellacorn Herder,Unit,Uncommon,Calm,4,0,3,Mount Targon,,False,,,"When I move, draw 1.",https://cmsassets.rgpub.io/sanity/images/dsfx7636/game_data_live/1e7960a35d45dd55e934260ea23307853aa5afd4-744x1039.png
sfd-049,Spiritforged,SFD,049,"Aphelios, Exalted",Unit,Rare,Calm,4,1,4,Aphelios|Mount Targon,,False,,Champion,"When you attach an Equipment to me, choose one that hasn't been chosen this turn —Ready 2 runes.Channel 1 rune exhausted.Buff a friendly unit.",https://cmsassets.rgpub.io/sanity/images/dsfx7636/game_data_live/df9ccbba2501059e5781a44434745a1f0e33ecae-744x1039.png
sfd-050,Spiritforged,SFD,050,"Azir, Ascendant",Unit,Rare,Calm,6,1,6,Bird|Azir|Shurima,Action,False,,Champion,"1 calm rune: [Action] — Choose a unit you control. Move me to its location and it to my original location. If it's equipped, you may attach one of its Equipment to me. Use only once per turn.",https://cmsassets.rgpub.io/sanity/images/dsfx7636/game_data_live/3c42c02f6ebd2e4d4a640c2c6ac081231439888e-744x1039.png
sfd-051,Spiritforged,SFD,051,Guardian Angel,Gear,Rare,Calm,2,0,,Equipment,Equip,False,,,[Equip] 1 calm rune (1 calm rune: Attach this to a unit you control.),https://cmsassets.rgpub.io/sanity/images/dsfx7636/game_data_live/d09a797345659a1853d6d12910cf3c634990ea0c-744x1039.png
sfd-052,Spiritforged,SFD,052,Heart of Dark Ice,Gear,Rare,Calm,3,1,,,,False,,,exhaust: Give a unit +3 might this turn.,https://cmsassets.rgpub.io/sanity/images/dsfx7636/game_data_live/73d8251c3bd8f7cd77010e9628515cd7fa462386-744x1039.png
sfd-053,Spiritforged,SFD,053,"Janna, Savior",Unit,Rare,Calm,3,1,3,Janna|Zaun,Reaction,False,,Champion,"[Reaction] (Play any time, even before spells and abilities resolve, including to a battlefield you control.) When you play me, heal your units here, then move an enemy unit from here to its base.",https://cmsassets.rgpub.io/sanity/images/dsfx7636/game_data_live/191f04059bbfd69dfe63d36010586597bb3549b2-744x1039.png
sfd-054,Spiritforged,SFD,054,"Jax, Unmatched",Unit,Rare,Calm,5,1,5,Jax|Icathia,Deflect|Quick-Draw|Reaction,False,,Champion,"[Deflect] (Opponents must pay 1 rune of any type to choose me with a spell or ability.) Each Equipment in your hand has [Quick-Draw]. (It gains [Reaction]. When you play it, attach it to a unit you control.)",https://cmsassets.rgpub.io/sanity/images/dsfx7636/game_data_live/3d425589c74dbff818fa09db134fdd8bb7136420-744x1039.png
sfd-055,Spiritforged,SFD,055,Needlessly Large Yordle,Unit,Rare,Calm,10,3,5,Yordle|Bandle City,Shield|Tank,False,,,[Shield 5] (+5 might while I'm a defender.) [Tank] (I must be assigned combat damage first.) I cost 2 energy and 1 calm rune less for each point you scored from holding this turn.,https://cmsassets.rgpub.io/sanity/images/dsfx7636/game_data_live/952dcaf9fd4b5f3e8592d140c11d792175597da1-744x1039.png
sfd-056,Spiritforged,SFD,056,Sterak's Gage,Gear,Rare,Calm,3,2,,Equipment,Quick-Draw|Reaction|Equip,False,,,"[Quick-Draw] (This has [Reaction]. When you play it, attach it to a unit you control.) [Equip] 1 calm rune (1 calm rune: Attach this to a unit you control.)",https://cmsassets.rgpub.io/sanity/images/dsfx7636/game_data_live/df16e6b668fc6771ff657512deba1bf48363e23a-744x1039.png
sfd-057,Spiritforged,SFD,057,"Irelia, Fervent",Unit,Epic,Calm,5,0,4,Irelia|Ionia,Deflect,False,,Champion,"[Deflect] (Opponents must pay 1 rune of any type to choose me with a spell or ability.) When you choose or ready me, give me +1 might this turn.",https://cmsassets.rgpub.io/sanity/images/dsfx7636/game_data_live/fe05fa55781f8036f8bfc9c10bba94326a0c8cc9-744x1039.png
sfd-058,Spiritforged,SFD,058,"Ornn, Blacksmith",Unit,Epic,Calm,5,1,5,Ornn|Freljord,,False,,Champion,"When you play me or when I hold, look at the top 4 cards of your Main Deck. You may reveal a gear from among them and draw it. Then recycle the rest.",https://cmsassets.rgpub.io/sanity/images/dsfx7636/game_data_live/77b48a28f48f26714f4bcf860379945a2d7186aa-744x1039.png
sfd-059,Spiritforged,SFD,059,Svellsongur,Gear,Epic,Calm,3,1,,Equipment,Equip,False,,,"[Equip] 1 energy and 1 calm rune (1 energy and 1 calm rune: Attach this to a unit you control.) As this is attached to a unit, copy that unit's text to this Equipment's effect text for as long as this is attached to it.",https://cmsassets.rgpub.io/sanity/images/dsfx7636/game_data_live/bc254398dfb5db217327b56862011a2fd6020789-744x1039.png
sfd-060,Spiritforged,SFD,060,Tianna Crownguard,Unit,Epic,Calm,7,2,4,Elite|Demacia,Deflect,False,,,"[Deflect] (Opponents must pay 1 rune of any type to choose me with a spell or ability.) While I'm at a battlefield, opponents can't score points.",https://cmsassets.rgpub.io/sanity/images/dsfx7636/game_data_live/2a1876aeedae7310409d0eaaf453507188b0c82b-744x1039.png
sfd-061,Spiritforged,SFD,061,Aspiring Engineer,Unit,Common,Mind,3,1,3,Piltover,,False,,,"When you play me, return a gear from your trash to your hand.",https://cmsassets.rgpub.io/sanity/images/dsfx7636/game_data_live/5d61995ae384bcee56838beb0eb6d83bf5faefad-744x1039.png
sfd-062,Spiritforged,SFD,062,Bubble Bot,Unit,Common,Mind,3,0,3,Mech|Yordle|Bandle City,,False,,,"When you play me, ready another friendly Mech.",https://cmsassets.rgpub.io/sanity/images/dsfx7636/game_data_live/c0fe9df24ae4b8a5b4fb8276b1bd6c5a5f5f7b2b-744x1039.png
sfd-063,Spiritforged,SFD,063,Chemtech Cask,Gear,Common,Mind,1,0,,,,False,,,"When you play a spell on an opponent's turn, you may exhaust me to play a Gold gear token exhausted.",https://cmsassets.rgpub.io/sanity/images/dsfx7636/game_data_live/39071feea6d3739a834a83b1841f496bdfc3a59a-744x1039.png
sfd-064,Spiritforged,SFD,064,Cloth Armor,Gear,Common,Mind,1,0,,Equipment,Quick-Draw|Reaction|Equip,False,,,"[Quick-Draw] (This has [Reaction]. When you play it, attach it to a unit you control.) [Equip] 1 mind rune (1 mind rune: Attach this to a unit you control.)",https://cmsassets.rgpub.io/sanity/images/dsfx7636/game_data_live/fe02bf01609ff2e6cc6fa8fbd578fd596ab5cb84-744x1039.png
sfd-065,Spiritforged,SFD,065,Forecaster,Unit,Common,Mind,2,0,2,Mech|Yordle|Bandle City,Vision,False,,,"Your Mechs have [Vision]. (When you play us, look at the top card of your Main Deck. You may recycle it.)",https://cmsassets.rgpub.io/sanity/images/dsfx7636/game_data_live/3f58f0c58503e4f8caecb7ea7f77b478a1e92961-744x1039.png
sfd-066,Spiritforged,SFD,066,Frigid Touch,Spell,Common,Mind,2,0,,,Reaction|Repeat,False,,,"[Reaction] (Play any time, even before spells and abilities resolve.) [Repeat] 2 energy (You may pay the additional cost to repeat this spell's effect.) Give a unit -2 might this turn.",https://cmsassets.rgpub.io/sanity/images/dsfx7636/game_data_live/1caaf42d4cc12ab9acc57dc8c572448f8d8dd34d-744x1039.png
sfd-067,Spiritforged,SFD,067,Frostcoat Cub,Unit,Common,Mind,3,0,3,Dog|Freljord,,False,,,"You may pay 1 mind rune as an additional cost to play me. When you play me, if you paid the additional cost, give a unit -2 might this turn.",https://cmsassets.rgpub.io/sanity/images/dsfx7636/game_data_live/0b5f1f6ed65e070d2878b8aa21fd95e43688fc1d-744x1039.png
sfd-068,Spiritforged,SFD,068,Gearhead,Unit,Common,Mind,5,0,3,Zaun,Accelerate,False,,,[Accelerate] (You may pay 1 energy and 1 mind rune as an additional cost to have me enter ready.) Each Equipment attached to me gives double its base Might bonus.,https://cmsassets.rgpub.io/sanity/images/dsfx7636/game_data_live/355b97bf135b8c60afabca7e4c6ecbf1aa25b4d9-744x1039.png
sfd-069,Spiritforged,SFD,069,Plundering Poro,Unit,Common,Mind,2,0,2,Poro|Pirate|Bilgewater,,False,,,"When I conquer, play a Gold gear token exhausted.",https://cmsassets.rgpub.io/sanity/images/dsfx7636/game_data_live/4ff9e6c73f67b505e50ec2f5f513292fe5b20b95-744x1039.png
sfd-070,Spiritforged,SFD,070,Wages of Pain,Spell,Common,Mind,3,0,,,Hidden|Action,False,,,[Hidden] (Hide now for 1 rune of any type to react with later for 0 energy.) [Action] (Play on your turn or in showdowns.) Deal 3 to a unit at a battlefield. Play a Gold gear token exhausted.,https://cmsassets.rgpub.io/sanity/images/dsfx7636/game_data_live/aef5c891bd6f7cbc3a97b1e01688868316599929-744x1039.png
sfd-071,Spiritforged,SFD,071,Breakneck Mech,Unit,Uncommon,Mind,8,2,7,Mech|Yordle|Bandle City,Deflect|Ganking,False,,,Your Mechs have [Deflect] and [Ganking]. (Opponents must pay 1 rune of any type to choose us with a spell or ability. We can move from battlefield to battlefield.) I enter ready if you control another Mech.,https://cmsassets.rgpub.io/sanity/images/dsfx7636/game_data_live/8564fc233cfcb4fc774ac4bc4ee72085d7586163-744x1039.png
sfd-072,Spiritforged,SFD,072,Dropboarder,Unit,Uncommon,Mind,4,0,4,Zaun,,False,,,"When you play me, if you control two or more gear, ready me.",https://cmsassets.rgpub.io/sanity/images/dsfx7636/game_data_live/8572e4cb5af60dd548e3b87374ff1b12840d981a-744x1039.png
sfd-073,Spiritforged,SFD,073,Experimental Hexplate,Gear,Uncommon,Mind,1,0,,Equipment,Equip,False,,,[Equip] 1 mind rune (1 mind rune: Attach this to a unit you control.),https://cmsassets.rgpub.io/sanity/images/dsfx7636/game_data_live/940a5e9796d4ac10a238d9b2612545c04bd9a570-744x1039.png
sfd-074,Spiritforged,SFD,074,Pickpocket,Unit,Uncommon,Mind,3,0,3,Zaun,,False,,,"When you play me, you may kill a gear with Energy cost no more than 1 energy. If you do, play a Gold gear token exhausted.",https://cmsassets.rgpub.io/sanity/images/dsfx7636/game_data_live/ebf54af997e53079e1a476feb0411d1791b20f7e-744x1039.png
sfd-075,Spiritforged,SFD,075,Prize of Progress,Unit,Uncommon,Mind,4,1,3,Mech|Piltover,,False,,,"When you use an activated ability of a gear, give me +1 might this turn.",https://cmsassets.rgpub.io/sanity/images/dsfx7636/game_data_live/c08f0b6ed24415e6a440a17931c7e2a2db3ab2cc-744x1039.png
sfd-076,Spiritforged,SFD,076,Production Surge,Spell,Uncommon,Mind,4,1,,,,False,,,This costs 2 energy less if you control a Mech. Play a 3 might Mech unit token to your base. Draw 1.,https://cmsassets.rgpub.io/sanity/images/dsfx7636/game_data_live/78783854dd9372138e599affbe96a269d8908c29-744x1039.png
sfd-077,Spiritforged,SFD,077,Rocket Barrage,Spell,Uncommon,Mind,4,1,,,Repeat,False,,,"[Repeat] 4 energy and 1 mind rune (You may pay the additional cost to repeat this spell's effect, and may make different choices.) Choose one —Deal 4 to a unit in a base.Kill a gear.",https://cmsassets.rgpub.io/sanity/images/dsfx7636/game_data_live/0378f9adf9df08fed264fdd217ce0e94c3f611cb-744x1039.png
sfd-078,Spiritforged,SFD,078,Temporal Portal,Gear,Uncommon,Mind,3,0,,,Repeat,False,,,"1 rune of any type, exhaust: Give the next spell you play this turn [Repeat] equal to its cost. (You may pay the additional cost to repeat the spell's effect.)",https://cmsassets.rgpub.io/sanity/images/dsfx7636/game_data_live/a6b8167486d552cc41d10cb9321bae4cef338fa7-744x1039.png
sfd-079,Spiritforged,SFD,079,"Bard, Mercurial",Unit,Rare,Mind,4,1,4,Bard,,False,,Champion,"You may exhaust your legend as an additional cost to play me. When you play me, if you paid the additional cost, move any number of your units to an open battlefield.",https://cmsassets.rgpub.io/sanity/images/dsfx7636/game_data_live/edfefb81b8821f548a234d8e6d54fd072d7dc22c-744x1039.png
sfd-080,Spiritforged,SFD,080,Bellows Breath,Spell,Rare,Mind,1,1,,,Action|Repeat,False,,,[Action] (Play on your turn or in showdowns.) [Repeat] 1 energy and 1 mind rune (You may pay the additional cost to repeat this spell's effect.) Deal 1 to up to three units at the same location.,https://cmsassets.rgpub.io/sanity/images/dsfx7636/game_data_live/f0ae1c4bb788f6fadc251c9d9b36f3f92eef4c56-744x1039.png
sfd-081,Spiritforged,SFD,081,Card Sharp,Unit,Rare,Mind,3,0,3,Bilgewater,,False,,,"When you play me, you and each opponent may play a Gold gear token exhausted. For each opponent who did, you play a Gold gear token exhausted.",https://cmsassets.rgpub.io/sanity/images/dsfx7636/game_data_live/8bfd5dc22473d439cd78d5a3cb23ed03de66953d-744x1039.png
sfd-082,Spiritforged,SFD,082,"Ezreal, Dashing",Unit,Rare,Mind,4,1,3,Ezreal|Piltover,Action,False,,Champion,"When I attack or defend, deal damage equal to my Might to an enemy unit here. I don't deal combat damage. 1 mind rune: [Action] — Move me to your base.",https://cmsassets.rgpub.io/sanity/images/dsfx7636/game_data_live/3e040f7b7ca16009a2558674a911b8cc93122ba3-744x1039.png
sfd-083,Spiritforged,SFD,083,Hextech Anomaly,Gear,Rare,Mind,3,1,,,Reaction|Add,False,,,exhaust: [Reaction] — Pay any amount of 1 rune of any type to [Add] that much Energy. (Abilities that add resources can't be reacted to.),https://cmsassets.rgpub.io/sanity/images/dsfx7636/game_data_live/32a46943778755e2b6210e5adb4507780f08e2c8-744x1039.png
sfd-084,Spiritforged,SFD,084,"Jayce, Man of Progress",Unit,Rare,Mind,4,0,4,Jayce|Piltover,,False,,Champion,"When you play me, you may kill a friendly gear. If you do, you may play a gear with Energy cost no more than 7 energy from hand this turn, ignoring its Energy cost. (You must still pay its Power cost.)",https://cmsassets.rgpub.io/sanity/images/dsfx7636/game_data_live/b508fa4e52ebbd5f66e1fc7df28cfb70acdfe1f5-744x1039.png
sfd-085,Spiritforged,SFD,085,"Ornn, Forge God",Unit,Rare,Mind,6,0,4,Ornn|Freljord,Deflect|Weaponmaster|Equip,False,,Champion,"[Deflect 2] (Opponents must pay 2 runes of any type to choose me with a spell or ability.) [Weaponmaster] (When you play me, you may [Equip] one of your Equipment to me for 1 rune of any type less, even if it's already attached.) I have +1 might for each friendly gear.",https://cmsassets.rgpub.io/sanity/images/dsfx7636/game_data_live/f33c4ea9010ea5f440d4470554845c0ecae2c893-744x1039.png
sfd-086,Spiritforged,SFD,086,World Atlas,Gear,Rare,Mind,3,0,,Equipment,Equip,False,,,[Equip] 1 mind rune (1 mind rune: Attach this to a unit you control.),https://cmsassets.rgpub.io/sanity/images/dsfx7636/game_data_live/7b8d96e128c19c5ff368119a60759cffa644e942-744x1039.png
sfd-087,Spiritforged,SFD,087,Premonition,Spell,Epic,Mind,2,3,,,Reaction,False,,,"[Reaction] (Play any time, even before spells and abilities resolve.) Draw 3.",https://cmsassets.rgpub.io/sanity/images/dsfx7636/game_data_live/20ad2f42bcf9a0402e2a0d5a21d55eacee9ecf35-744x1039.png
sfd-088,Spiritforged,SFD,088,"Renata Glasc, Mastermind",Unit,Epic,Mind,5,0,4,Renata Glasc|Zaun,,False,,Champion,"1 energy and 1 mind rune: Draw 1. 4 energy and 4 mind runes, exhaust: Score 1 point. Use my abilities only while I'm at a battlefield.",https://cmsassets.rgpub.io/sanity/images/dsfx7636/game_data_live/be8f7e08562c076e8947aafc3ecd202051d17c02-744x1039.png
sfd-089,Spiritforged,SFD,089,"Rumble, Scrapper",Unit,Epic,Mind,5,1,4,Mech|Yordle|Rumble|Bandle City,,False,,Champion,"Your Mechs have +1 might (including me). When I hold, play a 3 might Mech unit token to your base.",https://cmsassets.rgpub.io/sanity/images/dsfx7636/game_data_live/6528aa0656cac59ff7299bc8bdac371238038080-744x1039.png
sfd-090,Spiritforged,SFD,090,The Zero Drive,Gear,Epic,Mind,3,0,,Equipment,Equip,False,,,"[Equip] 1 energy and 1 mind rune (1 energy and 1 mind rune: Attach this to a unit you control.) 3 energy and 1 mind rune, Banish this: Play all units banished with this, ignoring their costs. (Use only if unattached.)",https://cmsassets.rgpub.io/sanity/images/dsfx7636/game_data_live/cc80cbfa1a64ad22dc5f7df870e9206f6938f7f5-744x1039.png
sfd-091,Spiritforged,SFD,091,Buhru Captain,Unit,Common,Body,3,1,3,Bilgewater,,False,,,"When you play me, you may draw 1 or buff me. (To buff a unit, give it a +1 might buff if it doesn't already have one.)",https://cmsassets.rgpub.io/sanity/images/dsfx7636/game_data_live/9f5186bd42c23f75ea84186aa2cb945cc02a222e-744x1039.png
sfd-092,Spiritforged,SFD,092,Combat Chef,Unit,Common,Body,5,0,5,Demacia,Weaponmaster|Equip,False,,,"[Weaponmaster] (When you play me, you may [Equip] one of your Equipment to me for 1 rune of any type less, even if it's already attached.)",https://cmsassets.rgpub.io/sanity/images/dsfx7636/game_data_live/dffa05408c0b53f62dfbb9452986342ff2d4352d-744x1039.png
sfd-093,Spiritforged,SFD,093,Dauntless Vanguard,Unit,Common,Body,4,1,4,Elite|Demacia,,False,,,You may play me to an occupied enemy battlefield.,https://cmsassets.rgpub.io/sanity/images/dsfx7636/game_data_live/cb19a57b58370952cb37fff27375826d5c274129-744x1039.png
sfd-094,Spiritforged,SFD,094,Direwing,Unit,Common,Body,7,0,7,Dragon|Demacia,,False,,,I enter ready if you control another Dragon.,https://cmsassets.rgpub.io/sanity/images/dsfx7636/game_data_live/52edf5b0f045d7c65360a8eb3c21f0954750cd1a-744x1039.png
sfd-095,Spiritforged,SFD,095,Doran's Blade,Gear,Common,Body,2,0,,Equipment,Equip,False,,,[Equip] 1 body rune (1 body rune: Attach this to a unit you control.),https://cmsassets.rgpub.io/sanity/images/dsfx7636/game_data_live/53fc0c307c83871c9755a496764ef7d6aa11f510-744x1039.png
sfd-096,Spiritforged,SFD,096,Laurent Bladekeeper,Unit,Common,Body,3,0,3,Demacia,,False,,,Ganking (I can move from battlefield to battlefield.),https://cmsassets.rgpub.io/sanity/images/dsfx7636/game_data_live/d9dac8bbc898bfead8338ef387f2d144302e278f-744x1039.png
sfd-097,Spiritforged,SFD,097,Punch First,Spell,Common,Body,1,2,,,Action,False,,,[Action] (Play on your turn or in showdowns.) Give a unit +5 might this turn.,https://cmsassets.rgpub.io/sanity/images/dsfx7636/game_data_live/d124efad90ff61d4ac29ee69fe71e48a7cd6ece2-744x1039.png
sfd-098,Spiritforged,SFD,098,Sea Monkey,Unit,Common,Body,2,0,2,Pirate|Bilgewater,,False,,,"You may pay 1 energy as an additional cost to play me. When you play me, if you paid the additional cost, buff me. (Give me a +1 might buff if I don't already have one.)",https://cmsassets.rgpub.io/sanity/images/dsfx7636/game_data_live/0ef7f1de2bc7845f5e3dace1634c6c58a8765452-744x1039.png
sfd-099,Spiritforged,SFD,099,Veteran Poro,Unit,Common,Body,2,0,2,Poro|Freljord,Weaponmaster|Equip,False,,,"[Weaponmaster] (When you play me, you may [Equip] one of your Equipment to me for 1 rune of any type less, even if it's already attached.)",https://cmsassets.rgpub.io/sanity/images/dsfx7636/game_data_live/54b8aa5aa80e74e0c545d4c484353c5b9e78bdfc-744x1039.png
sfd-100,Spiritforged,SFD,100,Yordle Explorer,Unit,Common,Body,4,0,4,Yordle|Bandle City,,False,,,"When you play a card with Power cost 2 runes of any type or more, draw 1.",https://cmsassets.rgpub.io/sanity/images/dsfx7636/game_data_live/556b20c8c605545f13a8990dca36586a287ebb29-744x1039.png
sfd-101,Spiritforged,SFD,101,Fae Dragon,Unit,Uncommon,Body,7,1,7,Fae|Dragon|Bandle City,,False,,,"When you play me, buff up to four friendly units. (Give each a +1 might buff if it doesn't have one.) When you spend a buff, play a Gold gear token exhausted.",https://cmsassets.rgpub.io/sanity/images/dsfx7636/game_data_live/76aeda6bf59acee92b512f4a0272892673cfce90-744x1039.png
sfd-102,Spiritforged,SFD,102,Hexdrinker,Gear,Uncommon,Body,2,0,,Equipment,Equip,False,,,[Equip] 1 body rune (1 body rune: Attach this to a unit you control.),https://cmsassets.rgpub.io/sanity/images/dsfx7636/game_data_live/e7fdd555cbf9ef8c4ff8bd3ba38d187842de563d-744x1039.png
sfd-103,Spiritforged,SFD,103,Jaull-Fish,Unit,Uncommon,Body,7,2,6,Bilgewater,Accelerate|Mighty,False,,,[Accelerate] (You may pay 1 energy and 1 body rune as an additional cost to have me enter ready.) I cost 2 energy less for each of your [Mighty] units. (A unit is Mighty while it has 5+ might.),https://cmsassets.rgpub.io/sanity/images/dsfx7636/game_data_live/56a31630910179a1fb2f2ddf3e6e5c9627bddf5e-744x1039.png
sfd-104,Spiritforged,SFD,104,Petricite Monument,Gear,Uncommon,Body,2,0,,,Temporary|Deflect,False,,,"[Temporary] (Kill this at the start of its controller's Beginning Phase, before scoring.) Friendly units have [Deflect]. (Opponents must pay 1 rune of any type to choose them with a spell or ability.)",https://cmsassets.rgpub.io/sanity/images/dsfx7636/game_data_live/c994dcefe24e00f8033bc31327bf7dbe4a8703d1-744x1039.png
sfd-105,Spiritforged,SFD,105,Ruin Runner,Unit,Uncommon,Body,6,0,5,Shurima,,False,,,I can't be chosen by enemy spells and abilities.,https://cmsassets.rgpub.io/sanity/images/dsfx7636/game_data_live/08abcf17d3356325b0c1b83a78a87be855e5a71a-744x1039.png
sfd-106,Spiritforged,SFD,106,Show of Strength,Spell,Uncommon,Body,2,1,,,Reaction|Mighty,False,,,"[Reaction] (Play any time, even before spells and abilities resolve.) Draw 1 for each of your [Mighty] units. (A unit is Mighty while it has 5+ might.)",https://cmsassets.rgpub.io/sanity/images/dsfx7636/game_data_live/d04ac6687931018fd68368c65cc024155867cab4-744x1039.png
sfd-107,Spiritforged,SFD,107,Strike Down,Spell,Uncommon,Body,3,1,,,,False,,,Choose an equipped friendly unit. It deals damage equal to its Might to an enemy unit. Then detach an Equipment from it.,https://cmsassets.rgpub.io/sanity/images/dsfx7636/game_data_live/3570810e867d132fd5a60cc3462f53f42b245ad9-744x1039.png
sfd-108,Spiritforged,SFD,108,Warmog's Armor,Gear,Uncommon,Body,1,0,,Equipment,Equip,False,,,[Equip] 1 body rune (1 body rune: Attach this to a unit you control.),https://cmsassets.rgpub.io/sanity/images/dsfx7636/game_data_live/0d680867670dd75a66a632cd6f044a7f7e39b42b-744x1039.png
sfd-109,Spiritforged,SFD,109,"Akshan, Mischievous",Unit,Rare,Body,4,0,4,Akshan|Shurima|Sentinel,Weaponmaster,False,,Champion,"[Weaponmaster] You may pay 2 body runes as an additional cost to play me. When you play me, if you paid the additional cost, move an enemy gear to your base. You control it until I leave the board. If it's an Equipment, attach it to me.",https://cmsassets.rgpub.io/sanity/images/dsfx7636/game_data_live/f9e79f88463c1d516b9f1b053661937676e0e1f4-744x1039.png
sfd-110,Spiritforged,SFD,110,"Fiora, Peerless",Unit,Rare,Body,3,1,3,Fiora|Demacia,,False,,Champion,"When I attack or defend one on one, double my Might this combat.",https://cmsassets.rgpub.io/sanity/images/dsfx7636/game_data_live/3fb80fed6fb916f47b7cebd5b31a970f1d0d562a-744x1039.png
sfd-111,Spiritforged,SFD,111,Here to Help,Spell,Rare,Body,2,1,,,Hidden|Action,False,,,"[Hidden] (Hide now for 1 rune of any type to react with later for 0 energy.) [Action] (Play on your turn or in showdowns.) You may play a unit from hand to a battlefield you control, reducing its cost by 3 energy.",https://cmsassets.rgpub.io/sanity/images/dsfx7636/game_data_live/6daa8caf27f76f2b0bce189fb9df196129582afa-744x1039.png
sfd-112,Spiritforged,SFD,112,Kato the Arm,Unit,Rare,Body,4,1,3,Noxus,Deflect,False,,,"[Deflect] (Opponents must pay 1 rune of any type to choose me with a spell or ability.) When I move to a battlefield, give a friendly unit my keywords and +might equal to my Might this turn.",https://cmsassets.rgpub.io/sanity/images/dsfx7636/game_data_live/f4ea4f2f5169a3813d9eb7f0d3d2f41bdddebfc7-744x1039.png
sfd-113,Spiritforged,SFD,113,"Lucian, Merciless",Unit,Rare,Body,3,0,3,Lucian|Demacia|Sentinel,Weaponmaster|Equip,False,,Champion,"[Weaponmaster] (When you play me, you may [Equip] one of your Equipment to me for 1 rune of any type less, even if it's already attached.) The first time I conquer each turn, ready me.",https://cmsassets.rgpub.io/sanity/images/dsfx7636/game_data_live/bc192b6e22e7a277c53f035809c59db4548a0fd5-744x1039.png
sfd-114,Spiritforged,SFD,114,Marching Orders,Spell,Rare,Body,3,0,,,Action|Repeat,False,,,[Action] (Play on your turn or in showdowns.) [Repeat] 3 energy (You may pay the additional cost to repeat this spell's effect.) Choose a friendly unit anywhere and an enemy unit at a battlefield. They deal damage equal to their Mights to each other.,https://cmsassets.rgpub.io/sanity/images/dsfx7636/game_data_live/b553f8e16e0ff1aaa57f74121e68954fbe45a07b-744x1039.png
sfd-115,Spiritforged,SFD,115,Trinity Force,Gear,Rare,Body,4,0,,Equipment,Equip,False,,,[Equip] 1 body rune (1 body rune: Attach this to a unit you control.),https://cmsassets.rgpub.io/sanity/images/dsfx7636/game_data_live/e8b64985389e5792afc2a2fe0dc23ae7590d7709-744x1039.png
sfd-116,Spiritforged,SFD,116,"Yone, Blademaster",Unit,Rare,Body,5,1,5,Yone|Ionia|Demon,Weaponmaster|Equip,False,,Champion,"[Weaponmaster] (When you play me, you may [Equip] one of your Equipment to me for 1 rune of any type less, even if it's already attached.) When I conquer an open battlefield, deal damage equal to my Might to an enemy unit in a base.",https://cmsassets.rgpub.io/sanity/images/dsfx7636/game_data_live/0e8efd9af74b65170e04eed45844e6d7e2c4d70b-744x1039.png
sfd-117,Spiritforged,SFD,117,Ancient Henge,Gear,Epic,Body,2,1,,,Reaction|Add,False,,,exhaust: [Reaction] — Pay any amount of Energy to [Add] that much 1 rune of any type. (Abilities that add resources can't be reacted to.),https://cmsassets.rgpub.io/sanity/images/dsfx7636/game_data_live/c7c260b77b4174a61aed6243ed90f76594102193-744x1039.png
sfd-118,Spiritforged,SFD,118,Boneshiver,Gear,Epic,Body,3,0,,Equipment,Equip,False,,,[Equip] 1 energy and 1 body rune (1 energy and 1 body rune: Attach this to a unit you control.),https://cmsassets.rgpub.io/sanity/images/dsfx7636/game_data_live/c3e4d8c3f3975a7429428ac90e5ebcffa1f8e5a9-744x1039.png
sfd-119,Spiritforged,SFD,119,"Jax, Unrelenting",Unit,Epic,Body,4,1,3,Jax|Icathia,Weaponmaster|Equip,False,,Champion,"[Weaponmaster] (When you play me, you may [Equip] one of your Equipment to me for 1 rune of any type less, even if it's already attached.) When you attach an Equipment to me, you may pay 1 energy to draw 1.",https://cmsassets.rgpub.io/sanity/images/dsfx7636/game_data_live/e63ab3370a6e4ce4baddfba12ab92468f6cc9541-744x1039.png
sfd-120,Spiritforged,SFD,120,"Sivir, Ambitious",Unit,Epic,Body,6,3,7,Sivir|Shurima,Deflect,False,,Champion,"[Deflect 2] (Opponents must pay 2 runes of any type to choose me with a spell or Ability.) When I conquer after an attack, if you assigned 5 or more excess damage to enemy units, you may deal that much to an enemy unit.",https://cmsassets.rgpub.io/sanity/images/dsfx7636/game_data_live/bd3f242c9ca59cfc2d7dc5b146877c66bb310bb7-744x1039.png
sfd-121,Spiritforged,SFD,121,Black Market Broker,Unit,Common,Chaos,3,0,3,Zaun,,False,,,"When you play a card from face down, play a Gold gear token exhausted.",https://cmsassets.rgpub.io/sanity/images/dsfx7636/game_data_live/f167c95cea17981f20b767ff81c180aab8a383e2-744x1039.png
sfd-122,Spiritforged,SFD,122,Called Shot,Spell,Common,Chaos,0,1,,,Action|Repeat,False,2026-03-31,,[Action] (Play on your turn or in showdowns.) [Repeat] 1 chaos rune (You may pay the additional cost to repeat this spell's effect.) Look at the top 2 cards of your Main Deck. Draw one and recycle the other.,https://cmsassets.rgpub.io/sanity/images/dsfx7636/game_data_live/8fb07f0b3c0c697e324fb016f4cf7e4288aa4594-744x1039.png
sfd-123,Spiritforged,SFD,123,Corrupt Enforcer,Unit,Common,Chaos,3,1,4,Piltover,,False,,,"When I move to a battlefield, discard 1. When I win a combat, draw 1.",https://cmsassets.rgpub.io/sanity/images/dsfx7636/game_data_live/3c0a6bf40b629fa038299329c1d803fc9fc8e61e-744x1039.png
sfd-124,Spiritforged,SFD,124,Doran's Ring,Gear,Common,Chaos,1,0,,Equipment,Equip,False,,,[Equip] 1 chaos rune (1 chaos rune: Attach this to a unit you control.),https://cmsassets.rgpub.io/sanity/images/dsfx7636/game_data_live/054df5a11967b768430a2f763e1b5d4dbbac3b50-744x1039.png
sfd-125,Spiritforged,SFD,125,Fae Porter,Unit,Common,Chaos,4,0,4,Fae|Ionia,,False,,,"When I move to a battlefield, you may pay 1 chaos rune to move a unit you control to the same battlefield.",https://cmsassets.rgpub.io/sanity/images/dsfx7636/game_data_live/4d233b11d4efb2652d7ede556dd9f730903cdba9-744x1039.png
sfd-126,Spiritforged,SFD,126,Loyal Pup,Unit,Common,Chaos,3,0,3,Dog|Bandle City,,False,,,"When you defend at a battlefield, you may move me there.",https://cmsassets.rgpub.io/sanity/images/dsfx7636/game_data_live/2f15c4508900636e1560fa0e8832aff6b3160d0f-744x1039.png
sfd-127,Spiritforged,SFD,127,Master Bingwen,Unit,Common,Chaos,6,0,6,Ionia,Weaponmaster|Equip,False,,,"[Weaponmaster] (When you play me, you may [Equip] one of your Equipment to me for 1 rune of any type less, even if it's already attached.)",https://cmsassets.rgpub.io/sanity/images/dsfx7636/game_data_live/52c7f0fe49f24c29cb797613444f86a810292ec2-744x1039.png
sfd-128,Spiritforged,SFD,128,Overzealous Fan,Unit,Common,Chaos,2,0,2,Noxus,,False,,,"When I defend, you may kill me to move an attacking unit to its base.",https://cmsassets.rgpub.io/sanity/images/dsfx7636/game_data_live/922d7f337fbf14f0d62d43f69ca2a1e7480dd022-744x1039.png
sfd-129,Spiritforged,SFD,129,Temptation,Spell,Common,Chaos,2,0,,,Repeat,False,,,[Repeat] 2 energy (You may pay the additional cost to repeat this spell's effect.) Move an enemy unit to a location where there's a unit with the same controller.,https://cmsassets.rgpub.io/sanity/images/dsfx7636/game_data_live/4d5075a540ff5e4a2daec598cb6400fbb6570673-744x1039.png
sfd-130,Spiritforged,SFD,130,Treasure Hunter,Unit,Common,Chaos,2,0,1,Shurima,,False,,,"When I move, play a Gold gear token exhausted.",https://cmsassets.rgpub.io/sanity/images/dsfx7636/game_data_live/c4e1bf257379b4612a1c58f0480480d9b698196c-744x1039.png
sfd-131,Spiritforged,SFD,131,Ancient Warmonger,Unit,Uncommon,Chaos,5,0,4,Spirit|Noxus,Accelerate|Assault,False,,,[Accelerate] (You may pay 1 energy and 1 chaos rune as an additional cost to have me enter ready.) I have [Assault] equal to the number of enemy units here. (+1 might while I'm an attacker for each instance of Assault.),https://cmsassets.rgpub.io/sanity/images/dsfx7636/game_data_live/8ba05afcfbe6901fb4bdb736d5e61656a551f668-744x1039.png
sfd-132,Spiritforged,SFD,132,Beast Below,Unit,Uncommon,Chaos,7,2,8,Bilgewater,,False,,,"When you play me, return another friendly unit and an enemy unit to their owners' hands.",https://cmsassets.rgpub.io/sanity/images/dsfx7636/game_data_live/d27a56111c68c651099d7b73b22a54a825458857-744x1039.png
sfd-133,Spiritforged,SFD,133,Boots of Swiftness,Gear,Uncommon,Chaos,3,0,,Equipment,Equip,False,,,[Equip] 1 chaos rune (1 chaos rune: Attach this to a unit you control.),https://cmsassets.rgpub.io/sanity/images/dsfx7636/game_data_live/a8a8e977f7427227adac69b5d2db07f643d0df09-744x1039.png
sfd-134,Spiritforged,SFD,134,Cull,Gear,Uncommon,Chaos,1,0,,Equipment,Equip,False,,,[Equip] 1 chaos rune (1 chaos rune: Attach this to a unit you control.),https://cmsassets.rgpub.io/sanity/images/dsfx7636/game_data_live/885ee56a4153b4f9fd064e9d24c9d55400e1291f-744x1039.png
sfd-135,Spiritforged,SFD,135,Factory Recall,Spell,Uncommon,Chaos,1,0,,,Action,False,,,[Action] (Play on your turn or in showdowns.) Return a gear to its owner's hand.,https://cmsassets.rgpub.io/sanity/images/dsfx7636/game_data_live/86bd2be6d0750e3444355bce229f83930825e968-744x1039.png
sfd-136,Spiritforged,SFD,136,Hard Bargain,Spell,Uncommon,Chaos,2,0,,,Reaction|Repeat,False,,,"[Reaction] (Play any time, even before spells and abilities resolve.) [Repeat] 2 energy (You may pay the additional cost to repeat this spell's effect.) Counter a spell unless its controller pays 2 energy.",https://cmsassets.rgpub.io/sanity/images/dsfx7636/game_data_live/2b09887a6e0d2f109aefea62ca6744488794c233-744x1039.png
sfd-137,Spiritforged,SFD,137,Harpoon Squad,Unit,Uncommon,Chaos,4,0,4,Pirate|Bilgewater,,False,,,"When I move from a battlefield, give me +2 might this turn.",https://cmsassets.rgpub.io/sanity/images/dsfx7636/game_data_live/f50d32a202375bf09781ae578db107abe84937e0-744x1039.png
sfd-138,Spiritforged,SFD,138,Windsinger,Unit,Uncommon,Chaos,2,0,1,Ionia,,False,,,"Hidden (Hide now for 1 rune of any type to react with later for 0 energy.) When you play me, you may return another unit at a battlefield with 3 might or less to its owner's hand.",https://cmsassets.rgpub.io/sanity/images/dsfx7636/game_data_live/e47c9a3956f8fbb77daa5fdb2ee433dd1772f247-744x1039.png
sfd-139,Spiritforged,SFD,139,Edge of Night,Gear,Rare,Chaos,3,0,,Equipment,Hidden|Equip,False,,,"[Hidden] (Hide now for 1 rune of any type to react with later for 0 energy.) When you play this from face down, attach it to a unit you control here. [Equip] 1 chaos rune (1 chaos rune: Attach this to a unit you control.)",https://cmsassets.rgpub.io/sanity/images/dsfx7636/game_data_live/b3e385162bf3566618bb58b7a866eef846beefba-744x1039.png
sfd-140,Spiritforged,SFD,140,"Fizz, Trickster",Unit,Rare,Chaos,3,1,3,Yordle|Fizz|Bilgewater,,False,,Champion,"When you play me, you may play a spell from your trash with Energy cost no more than 3 energy, ignoring its Energy cost. Recycle that spell after you play it. (You must still pay its Power cost.)",https://cmsassets.rgpub.io/sanity/images/dsfx7636/game_data_live/6d1c6615fb6ef5fb520a35b2ce76f8feee9167dc-744x1039.png
sfd-141,Spiritforged,SFD,141,"Irelia, Graceful",Unit,Rare,Chaos,4,1,4,Irelia|Ionia,,False,,Champion,Your spells that choose me cost 1 energy or 1 rune of any type less.,https://cmsassets.rgpub.io/sanity/images/dsfx7636/game_data_live/03b9d73a7ef02447d7f4b67381a76616249061cc-744x1039.png
sfd-142,Spiritforged,SFD,142,Jae Medarda,Unit,Rare,Chaos,5,2,5,Noxus,,False,,,"When you choose me with a spell, draw 1.",https://cmsassets.rgpub.io/sanity/images/dsfx7636/game_data_live/92eac6bb020a068d9c1668b59ecaaeab05112b3f-744x1039.png
sfd-143,Spiritforged,SFD,143,"Sivir, Mercenary",Unit,Rare,Chaos,4,1,4,Sivir|Shurima,Accelerate|Ganking,False,,Champion,"[Accelerate] (You may pay 1 energy and 1 chaos rune as an additional cost to have me enter ready.) If you've spent at least 2 runes of any type this turn, I have +2 might and [Ganking]. (I can move from battlefield to battlefield.)",https://cmsassets.rgpub.io/sanity/images/dsfx7636/game_data_live/cb07b4adc6e301fae973ab13156028390facbad2-744x1039.png
sfd-144,Spiritforged,SFD,144,Spirit Wheel,Gear,Rare,Chaos,2,0,,,,False,,,"When you choose a friendly unit, you may pay 1 energy and exhaust this to draw 1.",https://cmsassets.rgpub.io/sanity/images/dsfx7636/game_data_live/d83d994e6dc7949eb783da16f4bbdb64342a8dfb-744x1039.png
sfd-145,Spiritforged,SFD,145,Switcheroo,Spell,Rare,Chaos,2,2,,,Hidden|Action,False,,,[Hidden] (Hide now for 1 rune of any type to react with later for 0 energy.) [Action] (Play on your turn or in showdowns.) Swap the Might of two units at the same battlefield this turn.,https://cmsassets.rgpub.io/sanity/images/dsfx7636/game_data_live/a4338f495feff5eee46d5349b5fded5e35e76176-744x1039.png
sfd-146,Spiritforged,SFD,146,"Vex, Cheerless",Unit,Rare,Chaos,5,1,5,Yordle|Vex|Shadow Isles,,False,,Champion,"While I'm in combat, friendly spells cost 1 energy and 1 rune of any type less to a minimum of 1 energy, and enemy spells cost 1 energy and 1 rune of any type more.",https://cmsassets.rgpub.io/sanity/images/dsfx7636/game_data_live/e9025578c7b5845a1a9c9a83e045bcbe71a76e71-744x1039.png
sfd-147,Spiritforged,SFD,147,Downwell,Spell,Epic,Chaos,8,2,,,,False,,,Return all units and gear to their owners' hands.,https://cmsassets.rgpub.io/sanity/images/dsfx7636/game_data_live/950eff0d07ef1e25be46fdb340fe8510c551c159-744x1039.png
sfd-148,Spiritforged,SFD,148,"Draven, Audacious",Unit,Epic,Chaos,6,1,6,Draven|Noxus,Deflect,False,,Champion,"[Deflect] (Opponents must pay 1 rune of any type to choose me with a spell or ability.) The first time I win a combat each turn, you score 1 point. When I die in combat, choose an opponent. They score 1 point.",https://cmsassets.rgpub.io/sanity/images/dsfx7636/game_data_live/8247622cbe90eadada8d0660ea31d146b1207a87-744x1039.png
sfd-149,Spiritforged,SFD,149,"Ezreal, Prodigy",Unit,Epic,Chaos,3,1,3,Ezreal|Piltover,,False,,Champion,"When you play me, discard 1, then draw 2. Optional additional costs you pay cost 1 energy or 1 rune of any type less.",https://cmsassets.rgpub.io/sanity/images/dsfx7636/game_data_live/b48d6242ceb84c3eae7109317d51efaf1e56c9c3-744x1039.png
sfd-150,Spiritforged,SFD,150,Last Rites,Gear,Epic,Chaos,3,0,,Equipment,Equip,False,,,"[Equip] — 1 chaos rune, Recycle 2 cards from your trash (Pay the cost: Attach this to a unit you control.)",https://cmsassets.rgpub.io/sanity/images/dsfx7636/game_data_live/6cfab85030bff454262794e4fa12f11b5dc45a74-744x1039.png
sfd-151,Spiritforged,SFD,151,Bonds of Strength,Spell,Common,Order,2,0,,,Reaction|Repeat,False,,,"[Reaction] (Play any time, even before spells and abilities resolve.) [Repeat] 2 energy (You may pay the additional cost to repeat this spell's effect.) Give two friendly units each +1 might this turn.",https://cmsassets.rgpub.io/sanity/images/dsfx7636/game_data_live/344034c00d9fad558e98a64efab0310ad4bac37c-744x1039.png
sfd-152,Spiritforged,SFD,152,Eminent Benefactor,Unit,Common,Order,6,0,5,Piltover,,False,,,"When I hold, play two Gold gear tokens exhausted.",https://cmsassets.rgpub.io/sanity/images/dsfx7636/game_data_live/8b1a3e89fc40bb81c44f0ee232a701d85a1f209f-744x1039.png
sfd-153,Spiritforged,SFD,153,Eye of the Herald,Gear,Common,Order,1,0,,Equipment,Equip,False,,,[Equip] 1 order rune (1 order rune: Attach this to a unit you control.),https://cmsassets.rgpub.io/sanity/images/dsfx7636/game_data_live/fc3e26e0e4ff94de360f1163c41641daf81c1900-744x1039.png
sfd-154,Spiritforged,SFD,154,Guards!,Spell,Common,Order,3,0,,,Hidden,False,,,[Hidden] (Hide now for 1 rune of any type to react with later for 0 energy.) Play a 2 might Sand Soldier unit token. You may pay 1 order rune to ready it.,https://cmsassets.rgpub.io/sanity/images/dsfx7636/game_data_live/1dc4fef81d018c6cf14f0344b51ebcdec968aab9-744x1039.png
sfd-155,Spiritforged,SFD,155,Honest Broker,Unit,Common,Order,2,0,2,Ionia,Deathknell,False,,,"[Deathknell] — Play a Gold gear token exhausted. (When I die, get the effect.)",https://cmsassets.rgpub.io/sanity/images/dsfx7636/game_data_live/b3cc9bb93888f6f276f674baa16a0e53c724ae99-744x1039.png
sfd-156,Spiritforged,SFD,156,Laurent Duelist,Unit,Common,Order,4,0,3,Demacia,Assault,False,,,[Assault 2] (+2 might while I'm an attacker.),https://cmsassets.rgpub.io/sanity/images/dsfx7636/game_data_live/7b3410a1d9ee175c4853453798bcd5f09d2e217c-744x1039.png
sfd-157,Spiritforged,SFD,157,Royal Guard,Unit,Common,Order,4,0,2,Shurima,,False,,,"When you play me, play a 2 might Sand Soldier unit token here.",https://cmsassets.rgpub.io/sanity/images/dsfx7636/game_data_live/919d79a3f5a38c78476e6414a898a0dc7b385629-744x1039.png
sfd-158,Spiritforged,SFD,158,Sandshifter,Unit,Common,Order,5,2,6,Shurima,,False,,,"When you play me, kill an enemy unit with 3 might or less.",https://cmsassets.rgpub.io/sanity/images/dsfx7636/game_data_live/57f72b30862074bb5d1f302e86ee3cec024cd980-744x1039.png
sfd-159,Spiritforged,SFD,159,Trusty Ramhound,Unit,Common,Order,2,0,2,Dog|Elite|Demacia,,False,,,"While you have another unit here, I have +1 might.",https://cmsassets.rgpub.io/sanity/images/dsfx7636/game_data_live/0bd3f82ebe45a4dc09204582d06900916e6c0480-744x1039.png
sfd-160,Spiritforged,SFD,160,Zaun Punk,Unit,Common,Order,3,0,3,Zaun,,False,,,"You may kill a friendly gear as an additional cost to play me. When you play me, if you paid the additional cost, kill a gear.",https://cmsassets.rgpub.io/sanity/images/dsfx7636/game_data_live/af4eec8bb065708bf790b940fa065ea3e735afa0-744x1039.png
sfd-161,Spiritforged,SFD,161,B.F. Sword,Gear,Uncommon,Order,4,0,,Equipment,Equip,False,,,[Equip] 1 order rune (1 order rune: Attach this to a unit you control.),https://cmsassets.rgpub.io/sanity/images/dsfx7636/game_data_live/97cd20e414c7282abb18cf7691eb1a5a2435af90-744x1039.png
sfd-162,Spiritforged,SFD,162,Blood Money,Spell,Uncommon,Order,2,0,,,Action,False,,,"[Action] (Play on your turn or in showdowns.) Kill a unit at a battlefield with 2 might or less. If it was an enemy unit, play a Gold gear token exhausted. If it was a friendly unit, play two Gold gear tokens exhausted.",https://cmsassets.rgpub.io/sanity/images/dsfx7636/game_data_live/0062fe2a96fc94bd8d85c01607a48e8619ed4e20-744x1039.png
sfd-163,Spiritforged,SFD,163,Deathgrip,Spell,Uncommon,Order,2,0,,,Reaction,False,,,"[Reaction] (Play any time, even before spells and abilities resolve.) Kill a friendly unit to give +might equal to its Might to another friendly unit this turn. Draw 1.",https://cmsassets.rgpub.io/sanity/images/dsfx7636/game_data_live/695304200c6fd3b287bd319ac564d31936b23d66-744x1039.png
sfd-164,Spiritforged,SFD,164,Drag Under,Spell,Uncommon,Order,5,1,,,Action,False,,,[Action] (Play on your turn or in showdowns.) I cost 2 energy less to play from anywhere other than your hand. Kill a unit at a battlefield.,https://cmsassets.rgpub.io/sanity/images/dsfx7636/game_data_live/2400881960412ada4c1d1066105f206b02f8998a-744x1039.png
sfd-165,Spiritforged,SFD,165,Glasc Mixologist,Unit,Uncommon,Order,5,1,5,Zaun,Deathknell,False,,,"[Deathknell] — You may play a unit with cost no more than 3 energy and no more than 1 rune of any type from your trash, ignoring its cost. (When I die, get the effect.)",https://cmsassets.rgpub.io/sanity/images/dsfx7636/game_data_live/e7422fee71796aa61f8d9691d07654b901fc20f2-744x1039.png
sfd-166,Spiritforged,SFD,166,Rally the Troops,Spell,Uncommon,Order,2,0,,,Action,False,,,"[Action] (Play on your turn or in showdowns.) When a friendly unit is played this turn, buff it. (If it doesn't have a buff, it gets a +1 might buff.) Draw 1.",https://cmsassets.rgpub.io/sanity/images/dsfx7636/game_data_live/952476dd51338ff97774946ded134a2072b2e6c9-744x1039.png
sfd-167,Spiritforged,SFD,167,Unsung Hero,Unit,Uncommon,Order,2,0,2,Elite|Demacia,Deathknell|Mighty,False,,,"[Deathknell] — If I was [Mighty], draw 2. (When I die, get the effect. I'm Mighty while I have 5+ might.)",https://cmsassets.rgpub.io/sanity/images/dsfx7636/game_data_live/2a227ef7494af6409000c13c4f3d1094cec3a3a8-744x1039.png
sfd-168,Spiritforged,SFD,168,Vanguard Armory,Gear,Uncommon,Order,7,1,,,,False,,,exhaust: Play three 1 might Recruit unit tokens. (You may play them to different locations.),https://cmsassets.rgpub.io/sanity/images/dsfx7636/game_data_live/4f4d735ff77ea599307e142196338d438fcedc05-744x1039.png
sfd-169,Spiritforged,SFD,169,Altar of Memories,Gear,Rare,Order,2,0,,,,False,,,"When a friendly unit dies, you may exhaust me to draw 1, then put a card from your hand on the top or bottom of your Main Deck.",https://cmsassets.rgpub.io/sanity/images/dsfx7636/game_data_live/3ddc94a035d793d48987c6fe5d65fa11ea25c808-744x1039.png
sfd-170,Spiritforged,SFD,170,"Rek'Sai, Swarm Queen",Unit,Rare,Order,5,1,5,Rek'Sai|The Void,,False,,Champion,"When I attack, you may reveal the top 2 cards of your Main Deck. You may play one. Then recycle the rest. If the played card is a unit, you may play it here.",https://cmsassets.rgpub.io/sanity/images/dsfx7636/game_data_live/5470aaad3bdb7ff5d2e605b07d93cedb7254c54d-744x1039.png
sfd-171,Spiritforged,SFD,171,"Renata Glasc, Industrialist",Unit,Rare,Order,4,1,4,Renata Glasc|Zaun,,False,,Champion,Your tokens enter ready.,https://cmsassets.rgpub.io/sanity/images/dsfx7636/game_data_live/edacb8a82d840f2fe46233de9157319a1dc6361a-744x1039.png
sfd-172,Spiritforged,SFD,172,Sacred Shears,Gear,Rare,Order,2,1,,Equipment,Equip,False,,,[Equip] 1 order rune (1 order rune: Attach this to a unit you control.),https://cmsassets.rgpub.io/sanity/images/dsfx7636/game_data_live/af1069aef68d413127dfa84e4e96b8d66a8720ca-744x1039.png
sfd-173,Spiritforged,SFD,173,"Soraka, Wanderer",Unit,Rare,Order,4,1,4,Soraka|Mount Targon,,False,,Champion,"I must be assigned combat damage last. If another unit you control here would die, if it has less Might than me, instead heal it, exhaust it, and recall it. (Send it to base. This isn't a move.)",https://cmsassets.rgpub.io/sanity/images/dsfx7636/game_data_live/91fd5050b8caded842ce22c1e473f237cd991efd-744x1039.png
sfd-174,Spiritforged,SFD,174,Trove Golem,Unit,Rare,Order,8,2,9,Freljord,,False,,,"When you play me, play four Gold gear tokens exhausted.",https://cmsassets.rgpub.io/sanity/images/dsfx7636/game_data_live/e5b0966cc00203db1036b6fa95360541f72ae131-744x1039.png
sfd-175,Spiritforged,SFD,175,Undertitan,Unit,Rare,Order,6,1,5,The Void,Add,False,,,"When you play me, give your other units +2 might this turn. As I'm revealed from your deck, [Add] 2 energy.",https://cmsassets.rgpub.io/sanity/images/dsfx7636/game_data_live/aa3bd795a1fa015b42bf64a2d588f527342c2a15-744x1039.png
sfd-176,Spiritforged,SFD,176,"Xin Zhao, Vigilant",Unit,Rare,Order,3,1,4,Demacia|Xin Zhao,Tank,False,,Champion,[Tank] (I must be assigned combat damage first.) I enter ready if you have two or more other units in your base.,https://cmsassets.rgpub.io/sanity/images/dsfx7636/game_data_live/ec694ac53a49fd4419434cb144daaaf0f38da574-744x1039.png
sfd-177,Spiritforged,SFD,177,"Azir, Sovereign",Unit,Epic,Order,4,0,4,Bird|Azir|Shurima,Accelerate,False,,Champion,"[Accelerate] (You may pay 1 energy and 1 order rune as an additional cost to have me enter ready.) When I attack, you may move any number of your token units to this battlefield.",https://cmsassets.rgpub.io/sanity/images/dsfx7636/game_data_live/088970936fc800bd2c4b36636734e16c83e1c8f9-744x1039.png
sfd-178,Spiritforged,SFD,178,Blade of the Ruined King,Gear,Epic,Order,3,1,,Equipment,Equip,False,,,"[Equip] — 1 order rune, Kill a friendly unit (Pay the cost: Attach this to a unit you control.)",https://cmsassets.rgpub.io/sanity/images/dsfx7636/game_data_live/26ab126258a15afd380c313e973f7469808ce55f-744x1039.png
sfd-179,Spiritforged,SFD,179,Corina Veraza,Unit,Epic,Order,7,1,6,Zaun,Accelerate,False,,,"[Accelerate] (You may pay 1 energy and 1 order rune as an additional cost to have me enter ready.) When I move to a battlefield, play three 1 might Recruit unit tokens here.",https://cmsassets.rgpub.io/sanity/images/dsfx7636/game_data_live/6b0f55aee4b4f9d0074c808e0fff00dcb7e35377-744x1039.png
sfd-180,Spiritforged,SFD,180,"Fiora, Worthy",Unit,Epic,Order,3,0,3,Fiora|Demacia,Mighty,False,,Champion,"When a unit you control becomes [Mighty], you may pay 1 order rune to ready it. (A unit is Mighty while it has 5+ might.)",https://cmsassets.rgpub.io/sanity/images/dsfx7636/game_data_live/7339e76b7796242a15e97cfddbe04c32d5a05063-744x1039.png
sfd-181,Spiritforged,SFD,181,"Rumble, Mechanized Menace",Legend,Rare,Fury|Mind,,,,Rumble,Shield,False,,,Your Mechs have [Shield]. (+1 might while they're defenders.),https://cmsassets.rgpub.io/sanity/images/dsfx7636/game_data_live/f311115e4c527ce82010596ce462d4050a9201b2-744x1039.png
sfd-182,Spiritforged,SFD,182,Danger Zone,Spell,Epic,Fury|Mind,1,1,,Rumble,Reaction|Repeat,False,,Signature,"[Reaction] (Play any time, even before spells and abilities resolve.) [Repeat] 1 energy and 1 rune of any type (You may pay the additional cost to repeat this spell's effect.) Give your Mechs +1 might this turn.",https://cmsassets.rgpub.io/sanity/images/dsfx7636/game_data_live/c4652150ba885dd346b8f3622fd0e4ada7cf767f-744x1039.png
sfd-183,Spiritforged,SFD,183,"Lucian, Purifier",Legend,Rare,Fury|Body,,,,Lucian,Assault,False,,,Your Equipment each give [Assault]. (+1 might while equipped unit is an attacker.),https://cmsassets.rgpub.io/sanity/images/dsfx7636/game_data_live/450cfb71b8890904d48b37a24bbdc78f8d849614-744x1039.png
sfd-184,Spiritforged,SFD,184,Relentless Pursuit,Spell,Epic,Fury|Body,2,1,,Lucian,Action,False,,Signature,"[Action] (Play on your turn or in showdowns.) Move a friendly unit. You may attach an Equipment with the same controller to it. This turn, that unit has ""When I conquer, you may move me to my base.""",https://cmsassets.rgpub.io/sanity/images/dsfx7636/game_data_live/48754730486abefdb56221d0760b9c963aae7c09-744x1039.png
sfd-185,Spiritforged,SFD,185,"Draven, Glorious Executioner",Legend,Rare,Fury|Chaos,,,,Draven,,False,,,"When you win a combat, draw 1. (You win if only your units remain after combat.)",https://cmsassets.rgpub.io/sanity/images/dsfx7636/game_data_live/b01b2d0454ceeffdc106c4c64a390b275ebf390b-744x1039.png
sfd-186,Spiritforged,SFD,186,Spinning Axe,Gear,Epic,Fury|Chaos,2,1,,Draven|Equipment,Quick-Draw|Reaction|Equip|Temporary,False,,Signature,"[Quick-Draw] (This has [Reaction]. When you play it, attach it to a unit you control.) [Equip] 1 rune of any type (1 rune of any type: Attach this to a unit you control.) [Temporary] (If this is unattached, kill it at the start of its controller's Beginning Phase, before scoring.)",https://cmsassets.rgpub.io/sanity/images/dsfx7636/game_data_live/e4e0328034e605d000e23ac5e820d233f0e3b520-744x1039.png
sfd-187,Spiritforged,SFD,187,"Rek'sai, Void Burrower",Legend,Rare,Fury|Order,,,,Rek'Sai,,False,,,"When you conquer, you may exhaust me to reveal the top 2 cards of your Main Deck. You may play one. Then recycle the rest.",https://cmsassets.rgpub.io/sanity/images/dsfx7636/game_data_live/2db78549c30d8f9012af797fe075c4dc2355ec5d-744x1039.png
sfd-188,Spiritforged,SFD,188,Void Rush,Spell,Epic,Fury|Order,2,1,,Rek'Sai,,False,,Signature,"Reveal the top 2 cards of your Main Deck. You may play one of them, reducing its cost by 2 energy. Draw any you did not play this way.",https://cmsassets.rgpub.io/sanity/images/dsfx7636/game_data_live/ce606f096ae76485cd8dd3cc337629b510f0d1e7-744x1039.png
sfd-189,Spiritforged,SFD,189,"Ornn, Fire Below the Mountain",Legend,Rare,Calm|Mind,,,,Ornn,Reaction|Add,False,,,exhaust: [Reaction] — [Add] 1 rune of any type. Use only to play gear or use gear abilities. (Abilities that add resources can't be reacted to.),https://cmsassets.rgpub.io/sanity/images/dsfx7636/game_data_live/ed58d654034d545e54c85d836f3a6552772dd75b-744x1039.png
sfd-190,Spiritforged,SFD,190,Forgefire Cape,Gear,Epic,Calm|Mind,4,2,,Ornn|Equipment,Unique|Equip,False,,Signature,[Unique] (Your deck can have only 1 card with this name.) [Equip] 1 rune of any type (1 rune of any type: Attach this to a unit you control.),https://cmsassets.rgpub.io/sanity/images/dsfx7636/game_data_live/9bc49433a6ec5a8f4f1b44351094523d51b6bc11-744x1039.png
sfd-191,Spiritforged,SFD,191,Rabadon's Deathcrown,Gear,Epic,Calm|Mind,4,2,,Ornn|Equipment,Unique|Equip,False,,Signature,[Unique] (Your deck can have only 1 card with this name.) [Equip] 1 rune of any type (1 rune of any type: Attach this to a unit you control.),https://cmsassets.rgpub.io/sanity/images/dsfx7636/game_data_live/e93d11bdae446762b1932f0327d2ffe489fa4481-744x1039.png
sfd-192,Spiritforged,SFD,192,Shurelya's Requiem,Gear,Epic,Calm|Mind,4,2,,Ornn|Equipment,Unique|Equip,False,,Signature,"[Unique] (Your deck can have only 1 card with this name.) [Equip] 1 rune of any type (1 rune of any type: Attach this to a unit you control.) When you play this, ready your units.",https://cmsassets.rgpub.io/sanity/images/dsfx7636/game_data_live/6f2f7175e61486859d7f5da804e41733d66b2254-744x1039.png
sfd-193,Spiritforged,SFD,193,"Jax, Grandmaster At Arms",Legend,Rare,Calm|Body,,,,Jax,,False,,,"1 energy, exhaust: Attach a detached Equipment you control to a unit you control. exhaust: Attach an attached Equipment you control to a unit you control.",https://cmsassets.rgpub.io/sanity/images/dsfx7636/game_data_live/c6ddf49d7249bc8ac194fd9b194bfcb8857a4466-744x1039.png
sfd-194,Spiritforged,SFD,194,Counter Strike,Spell,Epic,Calm|Body,2,1,,Jax,Reaction,False,,Signature,"[Reaction] (Play any time, even before spells and abilities resolve.) Choose a unit. The next time that unit would be dealt damage this turn, prevent it. Draw 1.",https://cmsassets.rgpub.io/sanity/images/dsfx7636/game_data_live/7c643b3da9a78518b1b92e3eeb0078b88d82bf79-744x1039.png
sfd-195,Spiritforged,SFD,195,"Irelia, Blade Dancer",Legend,Rare,Calm|Chaos,,,,Irelia,,False,,,"When you choose a friendly unit, you may exhaust me and pay 1 rune of any type to ready it. When you conquer, you may pay 1 energy to ready me.",https://cmsassets.rgpub.io/sanity/images/dsfx7636/game_data_live/656ef2d1724b818e9e737ec5dcce923de067a316-744x1039.png
sfd-196,Spiritforged,SFD,196,Defiant Dance,Spell,Epic,Calm|Chaos,1,1,,Irelia,Reaction,False,,Signature,"[Reaction] (Play any time, even before spells and abilities resolve.) Give a unit +2 might this turn and another unit -2 might this turn.",https://cmsassets.rgpub.io/sanity/images/dsfx7636/game_data_live/6f5bc5c9e321830337998a2b85e4fec3cd8251c9-744x1039.png
sfd-197,Spiritforged,SFD,197,"Azir, Emperor of the Sands",Legend,Rare,Calm|Order,,,,Azir,Weaponmaster,False,,,"Your Sand Soldiers have [Weaponmaster]. 1 energy, exhaust: Play a 2 might Sand Soldier unit token to your base. Use only if you've played an Equipment this turn.",https://cmsassets.rgpub.io/sanity/images/dsfx7636/game_data_live/0472274c49f6540858758ebf9bd2f107a601541a-744x1039.png
sfd-198,Spiritforged,SFD,198,Arise!,Spell,Epic,Calm|Order,6,1,,Azir,,False,,Signature,Play a 2 might Sand Soldier unit token for each Equipment you control. Then ready two of them.,https://cmsassets.rgpub.io/sanity/images/dsfx7636/game_data_live/346f4698fea2878dde88470c1793047140c981e3-744x1039.png
sfd-199,Spiritforged,SFD,199,"Ezreal, Prodigal Explorer",Legend,Rare,Mind|Chaos,,,,Ezreal,Reaction,False,,,exhaust: [Reaction] — Draw 1. Use only if you've chosen enemy units and/or gear twice this turn with spells or unit abilities.,https://cmsassets.rgpub.io/sanity/images/dsfx7636/game_data_live/d0e143d9edbc14971b2a7b463b3c25b2b6a0c098-744x1039.png
sfd-200,Spiritforged,SFD,200,Arcane Shift,Spell,Epic,Mind|Chaos,3,1,,Ezreal,Action,False,,Signature,"[Action] (Play on your turn or in showdowns.) Banish a friendly unit, then its owner plays it, ignoring its cost. Deal 3 to an enemy unit at a battlefield. Banish this.",https://cmsassets.rgpub.io/sanity/images/dsfx7636/game_data_live/a5d1d26dee01db24f32a1432639478753d22aa92-744x1039.png
sfd-201,Spiritforged,SFD,201,"Renata Glasc, Chem-Baroness",Legend,Rare,Mind|Order,,,,Renata Glasc,ADD,False,,,"When you or an ally hold, you may exhaust me to play a Gold gear token exhausted. While your score is within 3 points of the Victory Score, your Gold [ADD] an additional 1 energy.",https://cmsassets.rgpub.io/sanity/images/dsfx7636/game_data_live/4bd289c281ad64229061ff909abf88c12a574833-744x1039.png
sfd-202,Spiritforged,SFD,202,Hostile Takeover,Spell,Epic,Mind|Order,5,2,,Renata Glasc,Hidden,False,,Signature,"[Hidden] (Hide now for 1 rune of any type to react with later for 0 energy.) Take control of an enemy unit at a battlefield. Ready it. (Start a combat if other enemies are there. Otherwise, conquer.) Lose control of that unit and recall it at end of turn. (Send it to base. This isn't a move.)",https://cmsassets.rgpub.io/sanity/images/dsfx7636/game_data_live/56651a87166df7108ce9f945bd71390d4926770a-744x1039.png
sfd-203,Spiritforged,SFD,203,"Sivir, Battle Mistress",Legend,Rare,Body|Chaos,,,,Sivir,,False,,,"When you recycle a rune, you may exhaust me to play a Gold gear token exhausted. When one or more enemy units die, ready me.",https://cmsassets.rgpub.io/sanity/images/dsfx7636/game_data_live/fd060882c32a8deac04aea4241c6ab7b97236a05-744x1039.png
sfd-204,Spiritforged,SFD,204,On the Hunt,Spell,Epic,Body|Chaos,1,2,,Sivir,,False,,Signature,Ready your units.,https://cmsassets.rgpub.io/sanity/images/dsfx7636/game_data_live/3205df9cf3d12551c445a740889392264ec95b09-744x1039.png
sfd-205,Spiritforged,SFD,205,"Fiora, Grand Duelist",Legend,Rare,Body|Order,,,,Fiora,Mighty,False,,,"When one of your units becomes [Mighty], you may exhaust me to channel 1 rune exhausted. (A unit is Mighty while it has 5+ might.)",https://cmsassets.rgpub.io/sanity/images/dsfx7636/game_data_live/37064aa79c13316b5dd28f0a2b054821a43f6650-744x1039.png
sfd-206,Spiritforged,SFD,206,Riposte,Spell,Epic,Body|Order,2,2,,Fiora,Reaction,False,,Signature,"[Reaction] (Play any time, even before spells and abilities resolve.) Choose a friendly unit and a spell. Counter that spell and give that unit +might equal to that spell's Energy cost this turn.",https://cmsassets.rgpub.io/sanity/images/dsfx7636/game_data_live/07af52eada661904b467ca118c2715435f0a3b00-744x1039.png
sfd-207,Spiritforged,SFD,207,Emperor's Dais,Battlefield,Uncommon,Colorless,,,,,,False,,,"When you conquer here, you may pay 1 energy and return a unit you control here to its owner's hand. If you do, play a 2 might Sand Soldier unit token here.",https://cmsassets.rgpub.io/sanity/images/dsfx7636/game_data_live/c1ea4f6f58a62fc2b62647aa3459109e3d10297a-1039x744.png
sfd-208,Spiritforged,SFD,208,Forge of the Fluft,Battlefield,Uncommon,Colorless,,,,,,False,,,"While you control this battlefield, friendly legends have ""exhaust: Attach an Equipment you control to a unit you control.""",https://cmsassets.rgpub.io/sanity/images/dsfx7636/game_data_live/6ad10353e7fc1337d8cc79086f8eaac1c75f5598-1039x744.png
sfd-209,Spiritforged,SFD,209,Forgotten Monument,Battlefield,Uncommon,Colorless,,,,,,False,,,Players can't score here until their third turn.,https://cmsassets.rgpub.io/sanity/images/dsfx7636/game_data_live/b0c98558fccd68c9ac93cd5b3412c31c68b5ace9-1039x744.png
sfd-020a,Spiritforged,SFD,020a,"Draven, Vanquisher",Unit,Showcase,Fury,4,0,4,Draven|Noxus,,True,2026-03-31,Champion,"When I win a combat, play a Gold gear token exhausted. When I attack or defend, you may pay 1 fury rune. If you do, give me +2 might this turn.",https://cmsassets.rgpub.io/sanity/images/dsfx7636/game_data_live/9019c449004f246de6607bf1829f4f3cabcda200-744x1039.png
sfd-210,Spiritforged,SFD,210,Hall of Legends,Battlefield,Uncommon,Colorless,,,,,,False,,,"When you conquer here, you may pay 1 energy to ready your legend.",https://cmsassets.rgpub.io/sanity/images/dsfx7636/game_data_live/3b6438877bd2bd95e7a3a8921ddf6bca26d3fd95-1039x744.png
sfd-211,Spiritforged,SFD,211,Marai Spire,Battlefield,Uncommon,Colorless,,,,,Repeat,False,,,"While you control this battlefield, friendly [Repeat] costs cost 1 energy less.",https://cmsassets.rgpub.io/sanity/images/dsfx7636/game_data_live/ff64dcbac9b392d4f6930a7359114aa68aa14ebe-1039x744.png
sfd-212,Spiritforged,SFD,212,Minefield,Battlefield,Uncommon,Colorless,,,,,,False,,,"When you conquer here, put the top 2 cards of your Main Deck into your trash.",https://cmsassets.rgpub.io/sanity/images/dsfx7636/game_data_live/46614658b08563f07cc81a4f4fa4ec8a067710b9-1039x744.png
sfd-213,Spiritforged,SFD,213,Ornn's Forge,Battlefield,Uncommon,Colorless,,,,,,False,,,"While you control this battlefield, the first friendly non-token gear played each turn costs 1 energy less.",https://cmsassets.rgpub.io/sanity/images/dsfx7636/game_data_live/e228948bc7a6d8ee858fbc0bed3d93a53f467097-1039x744.png
sfd-214,Spiritforged,SFD,214,Power Nexus,Battlefield,Uncommon,Colorless,,,,,,False,,,"When you hold here, you may pay 4 runes of any type to score 1 point.",https://cmsassets.rgpub.io/sanity/images/dsfx7636/game_data_live/653db9a5f2aead0191c8d61da3d1876fb894b545-1039x744.png
sfd-215,Spiritforged,SFD,215,Ravenbloom Conservatory,Battlefield,Uncommon,Colorless,,,,,,False,,,"When you defend here, reveal the top card of your Main Deck. If it's a spell, put it in your hand. Otherwise, recycle it.",https://cmsassets.rgpub.io/sanity/images/dsfx7636/game_data_live/6d820754b197eb5fb2af7567b7a7573e9a076e51-1039x744.png
sfd-216,Spiritforged,SFD,216,Rockfall Path,Battlefield,Uncommon,Colorless,,,,,,False,,,Units can't be played here.,https://cmsassets.rgpub.io/sanity/images/dsfx7636/game_data_live/a1bde66bccf2786e7c0b9d44fcdcdaa6b59f0328-1039x744.png
sfd-217,Spiritforged,SFD,217,Seat of Power,Battlefield,Uncommon,Colorless,,,,,,False,,,"When you conquer here, draw 1 for each other battlefield you or allies control..",https://cmsassets.rgpub.io/sanity/images/dsfx7636/game_data_live/8b9db30f8eedd5e5463a0fceaeaf90069bce39ae-1039x744.png
sfd-218,Spiritforged,SFD,218,Sunken Temple,Battlefield,Uncommon,Colorless,,,,,Mighty,False,,,"When you conquer here with one or more [Mighty] units, you may pay 1 energy to draw 1. (A unit is Mighty while it has 5+ might.)",https://cmsassets.rgpub.io/sanity/images/dsfx7636/game_data_live/06f6d17929d19000006cf281d013ecbe1543af0e-1039x744.png
sfd-219,Spiritforged,SFD,219,The Papertree,Battlefield,Uncommon,Colorless,,,,,,False,,,"When you hold here, each player channels 1 rune exhausted.",https://cmsassets.rgpub.io/sanity/images/dsfx7636/game_data_live/c395b94a4f78b4e8b0590b56787c33600b18e358-1039x744.png
sfd-220,Spiritforged,SFD,220,Treasure Hoard,Battlefield,Uncommon,Colorless,,,,,,False,,,"When you conquer here, you may pay 1 energy to play a Gold gear token exhausted.",https://cmsassets.rgpub.io/sanity/images/dsfx7636/game_data_live/cb39bf9f8c30d1ed756ba1b83c975a89d3635159-1039x744.png
sfd-221,Spiritforged,SFD,221,Veiled Temple,Battlefield,Uncommon,Colorless,,,,,,False,,,"When you conquer here, you may ready a friendly gear. If it's an Equipment, you may detach it.",https://cmsassets.rgpub.io/sanity/images/dsfx7636/game_data_live/6f2b38874a09b3e3df3fe584ea77e84aa5423e37-1039x744.png
sfd-222,Spiritforged,SFD,222,Seal of Rage,Gear,Showcase,Fury,0,1,,,Reaction|Add,True,,,exhaust: [Reaction] — [Add] 1 fury rune. (Abilities that add resources can't be reacted to.),https://cmsassets.rgpub.io/sanity/images/dsfx7636/game_data_live/669d4dd94cf2d88ad58333c13a98cca2014e71aa-744x1039.png
sfd-223,Spiritforged,SFD,223,"Vayne, Hunter",Unit,Showcase,Fury,4,1,2,Vayne|Demacia|Sentinel,Assault,True,,Champion,"[Assault 3] (+3 might while I'm an attacker.) If an opponent controls a battlefield, I enter ready. When I conquer, you may pay 1 energy to return me to my owner's hand.",https://cmsassets.rgpub.io/sanity/images/dsfx7636/game_data_live/6f8caecc98cb5dae1b818677ef5baaaa4a5f7cb2-744x1039.png
sfd-224,Spiritforged,SFD,224,"Aphelios, Exalted",Unit,Showcase,Calm,4,1,4,Aphelios|Mount Targon,,True,,Champion,"When you attach an Equipment to me, choose one that hasn't been chosen this turn —Ready 2 runes.Channel 1 rune exhausted.Buff a friendly unit.",https://cmsassets.rgpub.io/sanity/images/dsfx7636/game_data_live/1da6ebc24ad6360186208ab70a0c43443c349bbe-744x1039.png
sfd-225,Spiritforged,SFD,225,"Irelia, Fervent",Unit,Showcase,Calm,5,0,4,Irelia|Ionia,Deflect,True,,Champion,"[Deflect] (Opponents must pay 1 rune of any type to choose me with a spell or ability.) When you choose or ready me, give me +1 might this turn.",https://cmsassets.rgpub.io/sanity/images/dsfx7636/game_data_live/40454a8534f7c9444bafd000ffbfc0e5bcc847f0-744x1039.png
sfd-226,Spiritforged,SFD,226,Seal of Focus,Gear,Showcase,Calm,0,1,,,Reaction|Add,True,,,exhaust: [Reaction] — [Add] 1 calm rune. (Abilities that add resources can't be reacted to.),https://cmsassets.rgpub.io/sanity/images/dsfx7636/game_data_live/8b6bb0da7d3b37dad51148b7914e7d2b840b6482-744x1039.png
sfd-227,Spiritforged,SFD,227,"Ahri, Inquisitive",Unit,Showcase,Mind,3,1,3,Ahri,,True,,Champion,"When I attack or defend, give an enemy unit here -2 might this turn, to a minimum of 1 might.",https://cmsassets.rgpub.io/sanity/images/dsfx7636/game_data_live/d4c332e90c97e5e70b996598cd4a0f731b77fdef-744x1039.png
sfd-228,Spiritforged,SFD,228,"Bard, Mercurial",Unit,Showcase,Mind,4,1,4,Bard,,True,,Champion,"You may exhaust your legend as an additional cost to play me. When you play me, if you paid the additional cost, move any number of your units to an open battlefield.",https://cmsassets.rgpub.io/sanity/images/dsfx7636/game_data_live/9c33fbc2dc78bb6af3d31fab0c0ca58e1141141d-744x1039.png
sfd-229,Spiritforged,SFD,229,Seal of Insight,Gear,Showcase,Mind,0,1,,,Reaction|Add,True,,,exhaust: [Reaction] — [Add] 1 mind rune. (Abilities that add resources can't be reacted to.),https://cmsassets.rgpub.io/sanity/images/dsfx7636/game_data_live/eb4559c507f09cabc3735973a1b20d83688d2f9d-744x1039.png
sfd-230,Spiritforged,SFD,230,"Teemo, Strategist",Unit,Showcase,Mind,2,1,2,Yordle|Teemo,Hidden,True,,Champion,"[Hidden] (Hide now for 1 rune of any type to react with later for 0 energy.) When I defend or I'm played from [Hidden], reveal the top 5 cards of your Main Deck. Deal 1 to an enemy unit here for each card with [Hidden], then recycle them.",https://cmsassets.rgpub.io/sanity/images/dsfx7636/game_data_live/7f0962b840d228ad551fb9334fe9bdf76d209e7d-744x1039.png
sfd-231,Spiritforged,SFD,231,Seal of Strength,Gear,Showcase,Body,0,1,,,Reaction|Add,True,,,exhaust: [Reaction] — [Add] 1 body rune. (Abilities that add resources can't be reacted to.),https://cmsassets.rgpub.io/sanity/images/dsfx7636/game_data_live/dd5c24995d5c6d327b5101da3d6426f1a75a49ef-744x1039.png
sfd-232,Spiritforged,SFD,232,"Sett, Brawler",Unit,Showcase,Body,5,1,4,Sett,,True,,Champion,"When I'm played and when I conquer, buff me. (If I don't have a buff, I get a +1 might buff.) Spend my buff: Give me +4 might this turn.",https://cmsassets.rgpub.io/sanity/images/dsfx7636/game_data_live/a13d5473e205cb9dd8123895c58ed6ac8f19e814-744x1039.png
sfd-233,Spiritforged,SFD,233,"Yone, Blademaster",Unit,Showcase,Body,5,1,5,Yone|Ionia|Demon,Weaponmaster|Equip,True,,Champion,"[Weaponmaster] (When you play me, you may [Equip] one of your Equipment to me for 1 rune of any type less, even if it's already attached.) When I conquer an open battlefield, deal damage equal to my Might to an enemy unit in a base.",https://cmsassets.rgpub.io/sanity/images/dsfx7636/game_data_live/0bb6fd6e7d1e6fefeeccc82059bdae2eaa000730-744x1039.png
sfd-234,Spiritforged,SFD,234,Seal of Discord,Gear,Showcase,Chaos,0,1,,,Reaction|Add,True,,,exhaust: [Reaction] — [Add] 1 chaos rune. (Abilities that add resources can't be reacted to.),https://cmsassets.rgpub.io/sanity/images/dsfx7636/game_data_live/9263b8f36725a4cec320c1049608824ae72f6237-744x1039.png
sfd-235,Spiritforged,SFD,235,"Yasuo, Windrider",Unit,Showcase,Chaos,5,1,4,Yasuo,Ganking,True,,Champion,"[Ganking] (I can move from battlefield to battlefield.) The third time I move in a turn, you score 1 point.",https://cmsassets.rgpub.io/sanity/images/dsfx7636/game_data_live/74021c17acc45cf743609a825490a0e6dd7466b5-744x1039.png
sfd-236,Spiritforged,SFD,236,"Darius, Executioner",Unit,Showcase,Order,6,1,6,Trifarian|Darius,Legion,True,,Champion,"[Legion] — When you play me, ready me. (Get the effect if you've played another card this turn) Other friendly units have +1 might here.",https://cmsassets.rgpub.io/sanity/images/dsfx7636/game_data_live/4f550f321dce06bb09bb47682d5bf2981280ea16-744x1039.png
sfd-237,Spiritforged,SFD,237,"Karma, Channeler",Unit,Showcase,Order,6,1,6,Karma,Vision,True,,Champion,"[Vision] (When you play me, look at the top card of your Main Deck. You may recycle it.) When you recycle one or more cards, buff a friendly unit. (If it doesn't have a buff, it gets a +1 might buff. Runes aren't cards.)",https://cmsassets.rgpub.io/sanity/images/dsfx7636/game_data_live/ba0113d449813c94534ae0e74f3ef38f9b8010c2-744x1039.png
sfd-238,Spiritforged,SFD,238,Seal of Unity,Gear,Showcase,Order,0,1,,,Reaction|Add,True,,,exhaust: [Reaction] — [Add] 1 order rune. (Abilities that add resources can't be reacted to.),https://cmsassets.rgpub.io/sanity/images/dsfx7636/game_data_live/228dbde67ec37f9a0b28f81e40fce5a8fa7af56b-744x1039.png
sfd-239,Spiritforged,SFD,239,"Soraka, Wanderer",Unit,Showcase,Order,4,1,4,Soraka|Mount Targon,,True,,Champion,"I must be assigned combat damage last. If another unit you control here would die, if it has less Might than me, instead heal it, exhaust it, and recall it. (Send it to base. This isn't a move.)",https://cmsassets.rgpub.io/sanity/images/dsfx7636/game_data_live/fc329097625a1f98a564134945950bd3bd3610a3-744x1039.png
sfd-240,Spiritforged,SFD,240,"Rumble, Mechanized Menace",Legend,Showcase,Fury|Mind,,,,Rumble,Shield,True,,,Your Mechs have [Shield]. (+1 might while they're defenders.),https://cmsassets.rgpub.io/sanity/images/dsfx7636/game_data_live/0234cad3663d52d3120e78f2adbe8a253102a7a3-744x1039.png
sfd-241,Spiritforged,SFD,241,"Lucian, Purifier",Legend,Showcase,Fury|Body,,,,Lucian,Assault,True,,,Your Equipment each give [Assault]. (+1 might while equipped unit is an attacker.),https://cmsassets.rgpub.io/sanity/images/dsfx7636/game_data_live/eb2a5262da6044c041ba87becae1dc71d58b2bf7-744x1039.png
sfd-242,Spiritforged,SFD,242,"Draven, Glorious Executioner",Legend,Showcase,Fury|Chaos,,,,Draven,,True,,,"When you win a combat, draw 1. (You win if only your units remain after combat.)",https://cmsassets.rgpub.io/sanity/images/dsfx7636/game_data_live/5a06fcd2cadbdb574d34d210ca97441ec33c9277-744x1039.png
sfd-243,Spiritforged,SFD,243,"Rek'sai, Void Burrower",Legend,Showcase,Fury|Order,,,,Rek'Sai,,True,,,"When you conquer, you may exhaust me to reveal the top 2 cards of your Main Deck. You may banish one, then play it. Recycle the rest.",https://cmsassets.rgpub.io/sanity/images/dsfx7636/game_data_live/968eb5c484a25bbebd162f31736024b4ff3b0d07-744x1039.png
sfd-244,Spiritforged,SFD,244,"Ornn, Fire Below the Mountain",Legend,Showcase,Calm|Mind,,,,Ornn,Reaction|Add,True,,,exhaust: [Reaction] — [Add] 1 rune of any type. Use only to play gear or use gear abilities. (Abilities that add resources can't be reacted to.),https://cmsassets.rgpub.io/sanity/images/dsfx7636/game_data_live/883dab66da8ed5ab39d968ed7fcaebd5ebaf3d43-744x1039.png
sfd-245,Spiritforged,SFD,245,"Jax, Grandmaster At Arms",Legend,Showcase,Calm|Body,,,,Jax,,True,,,"1 energy, exhaust: Attach a detached Equipment you control to a unit you control. exhaust: Attach an attached Equipment you control to a unit you control.",https://cmsassets.rgpub.io/sanity/images/dsfx7636/game_data_live/941f72a422e0143524b3dd0cba1fd87e4286ecb4-744x1039.png
sfd-246,Spiritforged,SFD,246,"Irelia, Blade Dancer",Legend,Showcase,Calm|Chaos,,,,Irelia,,True,,,"When you choose a friendly unit, you may exhaust me and pay 1 rune of any type to ready it. When you conquer, you may pay 1 energy to ready me.",https://cmsassets.rgpub.io/sanity/images/dsfx7636/game_data_live/8258072391bbb8d24e9d6e603c3ba1434979a911-744x1039.png
sfd-247,Spiritforged,SFD,247,"Azir, Emperor of the Sands",Legend,Showcase,Calm|Order,,,,Azir,Weaponmaster|Equip,True,,,"Sand Soldiers you play have [Weaponmaster]. (When they're played, you may [Equip] one of your Equipment to them for 1 rune of any type less.) 1 energy, exhaust: Play a 2 might Sand Soldier unit token to your base. Use only if you've played an Equipment this turn.",https://cmsassets.rgpub.io/sanity/images/dsfx7636/game_data_live/42c04e4d7ef5d7395494587c2e15ac945b37b71e-744x1039.png
sfd-248,Spiritforged,SFD,248,"Ezreal, Prodigal Explorer",Legend,Showcase,Mind|Chaos,,,,Ezreal,Reaction,True,,,exhaust: [Reaction] — Draw 1. Use only if you've chosen enemy units and/or gear twice this turn with spells or unit abilities.,https://cmsassets.rgpub.io/sanity/images/dsfx7636/game_data_live/3ba4f1d3d61d80e7becc9d046e1974f17bff4b10-744x1039.png
sfd-249,Spiritforged,SFD,249,"Renata Glasc, Chem-Baroness",Legend,Showcase,Mind|Order,,,,Renata Glasc,ADD,True,,,"When you or an ally hold, you may exhaust me to play a Gold gear token exhausted. While your score is within 3 points of the Victory Score, your Gold [ADD] an additional 1 energy.",https://cmsassets.rgpub.io/sanity/images/dsfx7636/game_data_live/5df25d5a1351d0a97e103ef8e155991297b86ca9-744x1039.png
sfd-250,Spiritforged,SFD,250,"Sivir, Battle Mistress",Legend,Showcase,Body|Chaos,,,,Sivir,,True,,,"When you recycle a rune, you may exhaust me to play a Gold gear token exhausted. When one or more enemy units die, ready me.",https://cmsassets.rgpub.io/sanity/images/dsfx7636/game_data_live/743887bce0027f549b85bf023475c3587a005581-744x1039.png
sfd-251,Spiritforged,SFD,251,"Fiora, Grand Duelist",Legend,Showcase,Body|Order,,,,Fiora,Mighty,True,,,"When one of your units becomes [Mighty], you may exhaust me to channel 1 rune exhausted. (A unit is Mighty while it has 5+ might.)",https://cmsassets.rgpub.io/sanity/images/dsfx7636/game_data_live/720df5a56619a6b53aa1217cb84446f2469b40e5-744x1039.png
sfd-026a,Spiritforged,SFD,026a,"Rumble, Hotheaded",Unit,Showcase,Fury,4,0,4,Mech|Yordle|Rumble|Bandle City,Assault,True,,Champion,"Your Mechs each have [Assault]. (+1 might while we're attackers.) When I conquer, you may recycle another friendly unit to play a Mech from your trash. Reduce its Energy cost by the Might of the unit you recycled.",https://cmsassets.rgpub.io/sanity/images/dsfx7636/game_data_live/dfeef09dacae683e39013902d77b3398fdcd5db8-744x1039.png
sfd-028a,Spiritforged,SFD,028a,"Lucian, Gunslinger",Unit,Showcase,Fury,3,0,2,Lucian|Demacia|Sentinel,Assault,True,,Champion,"[Assault] (+1 might while I'm an attacker.) When I attack, deal damage equal to my [Assault] to an enemy unit here.",https://cmsassets.rgpub.io/sanity/images/dsfx7636/game_data_live/3982de5a4aee53471ca589179f5cf8617169fb52-744x1039.png
sfd-029a,Spiritforged,SFD,029a,"Rek'Sai, Breacher",Unit,Showcase,Fury,3,0,3,Rek'Sai|The Void,Accelerate|Assault,True,,Champion,[Accelerate] (You may pay 1 energy and 1 fury rune as an additional cost to have me enter ready.) [Assault] (+1 might while I'm an attacker.) Friendly units played from anywhere other than a player's hand have [Accelerate].,https://cmsassets.rgpub.io/sanity/images/dsfx7636/game_data_live/8ef898e761ab44c43cb1cba11109a02d9cb5ce10-744x1039.png
sfd-050a,Spiritforged,SFD,050a,"Azir, Ascendant",Unit,Showcase,Calm,6,1,6,Bird|Azir|Shurima,Action,True,,Champion,"1 calm rune: [Action] — Choose a unit you control. Move me to its location and it to my original location. If it's equipped, you may attach one of its Equipment to me. Use only once per turn.",https://cmsassets.rgpub.io/sanity/images/dsfx7636/game_data_live/3a0859ca50e71c69b22e4dab93e840b6d30e3d50-744x1039.png
sfd-054a,Spiritforged,SFD,054a,"Jax, Unmatched",Unit,Showcase,Calm,5,1,5,Jax|Icathia,Deflect|Quick-Draw|Reaction,True,,Champion,"[Deflect] (Opponents must pay 1 rune of any type to choose me with a spell or ability.) Each Equipment in your hand has [Quick-Draw]. (It gains [Reaction]. When you play it, attach it to a unit you control.)",https://cmsassets.rgpub.io/sanity/images/dsfx7636/game_data_live/1d2eae793e415c5f53d7b11c335b5f0ed08c2086-744x1039.png
sfd-057a,Spiritforged,SFD,057a,"Irelia, Fervent",Unit,Showcase,Calm,5,0,4,Irelia|Ionia,Deflect,True,,Champion,"[Deflect] (Opponents must pay 1 rune of any type to choose me with a spell or ability.) When you choose or ready me, give me +1 might this turn.",https://cmsassets.rgpub.io/sanity/images/dsfx7636/game_data_live/cef4f73541e0623b4024b483d141d0396f1dddcb-744x1039.png
sfd-058a,Spiritforged,SFD,058a,"Ornn, Blacksmith",Unit,Showcase,Calm,5,1,5,Ornn|Freljord,,True,,Champion,"When you play me or when I hold, look at the top 4 cards of your Main Deck. You may reveal a gear from among them and draw it. Then recycle the rest.",https://cmsassets.rgpub.io/sanity/images/dsfx7636/game_data_live/e0621bba6475425d93191677b2b120c07a8efe20-744x1039.png
sfd-082a,Spiritforged,SFD,082a,"Ezreal, Dashing",Unit,Showcase,Mind,4,1,3,Ezreal|Piltover,Action,True,,Champion,"When I attack or defend, deal damage equal to my Might to an enemy unit here. I don't deal combat damage. 1 mind rune: [Action] — Move me to your base.",https://cmsassets.rgpub.io/sanity/images/dsfx7636/game_data_live/83da64e39d838d2fee68c319c03fbff0d4c7035f-744x1039.png
sfd-085a,Spiritforged,SFD,085a,"Ornn, Forge God",Unit,Showcase,Mind,6,0,4,Ornn|Freljord,Deflect|Weaponmaster|Equip,True,,Champion,"[Deflect 2] (Opponents must pay 2 runes of any type to choose me with a spell or ability.) [Weaponmaster] (When you play me, you may [Equip] one of your Equipment to me for 1 rune of any type less, even if it's already attached.) I have +1 might for each friendly gear.",https://cmsassets.rgpub.io/sanity/images/dsfx7636/game_data_live/22af72b06cb92d4a0078dddfb87cc9c21c92231d-744x1039.png
sfd-088a,Spiritforged,SFD,088a,"Renata Glasc, Mastermind",Unit,Showcase,Mind,5,0,4,Renata Glasc|Zaun,,True,,Champion,"1 energy and 1 mind rune: Draw 1. 4 energy and 4 mind runes, exhaust: Score 1 point. Use my abilities only while I'm at a battlefield.",https://cmsassets.rgpub.io/sanity/images/dsfx7636/game_data_live/b2b269d8ec274f3869ba42982f5710b160c4c43f-744x1039.png
sfd-089a,Spiritforged,SFD,089a,"Rumble, Scrapper",Unit,Showcase,Mind,5,1,4,Mech|Yordle|Rumble|Bandle City,,True,,Champion,"Your Mechs have +1 might (including me). When I hold, play a 3 might Mech unit token to your base.",https://cmsassets.rgpub.io/sanity/images/dsfx7636/game_data_live/1acbb906fba20f4e5d60f7a82566ca9a19e1a6ea-744x1039.png
sfd-r01,Spiritforged,SFD,r01,Fury Rune,Rune,Common,Fury,,,,,,True,,Basic,,https://cmsassets.rgpub.io/sanity/images/dsfx7636/game_data_live/12bcd0cde5d9ff4640e82945001e9fef863530f1-744x1039.png
sfd-r02,Spiritforged,SFD,r02,Calm Rune,Rune,Common,Calm,,,,,,True,,Basic,,https://cmsassets.rgpub.io/sanity/images/dsfx7636/game_data_live/0a0e8c3d16c2595e2f8efcc2b1466226539b506c-744x1039.png
sfd-r03,Spiritforged,SFD,r03,Mind Rune,Rune,Common,Mind,,,,,,True,,Basic,,https://cmsassets.rgpub.io/sanity/images/dsfx7636/game_data_live/f99aa4874baaebd2e81798c8a3aa01c5900f6d30-744x1039.png
sfd-r04,Spiritforged,SFD,r04,Body Rune,Rune,Common,Body,,,,,,True,,Basic,,https://cmsassets.rgpub.io/sanity/images/dsfx7636/game_data_live/3b3c3c07626d6180457c849047e0228dc0d19539-744x1039.png
sfd-r05,Spiritforged,SFD,r05,Chaos Rune,Rune,Common,Chaos,,,,,,True,,Basic,,https://cmsassets.rgpub.io/sanity/images/dsfx7636/game_data_live/daf23b0deaa5e1a5a5d310b59e9ad25d1bd70363-744x1039.png
sfd-r06,Spiritforged,SFD,r06,Order Rune,Rune,Common,Order,,,,,,True,,Basic,,https://cmsassets.rgpub.io/sanity/images/dsfx7636/game_data_live/35ec6fdd2124324bb7052cba31c8c44f2e98f3ae-744x1039.png
sfd-t03,Spiritforged,SFD,t03,Gold // Buff,Gear,Common,Colorless,,0,,,Reaction|Add,True,,Token,"Kill this, exhaust: [Reaction] — [Add] 1 rune of any type. (Abilities that add resources can't be reacted to.)",https://cmsassets.rgpub.io/sanity/images/dsfx7636/game_data_live/e878c39b562a4e870e93b819c6d85cdf3fdc5238-744x1039.png
sfd-110a,Spiritforged,SFD,110a,"Fiora, Peerless",Unit,Showcase,Body,3,1,3,Fiora|Demacia,,True,,Champion,"When I attack or defend one on one, double my Might this combat.",https://cmsassets.rgpub.io/sanity/images/dsfx7636/game_data_live/9081906c24455218d9fef8c0faa04ecc85dc462c-744x1039.png
sfd-113a,Spiritforged,SFD,113a,"Lucian, Merciless",Unit,Showcase,Body,3,0,3,Lucian|Demacia|Sentinel,Weaponmaster|Equip,True,,Champion,"[Weaponmaster] (When you play me, you may [Equip] one of your Equipment to me for 1 rune of any type less, even if it's already attached.) The first time I conquer each turn, ready me.",https://cmsassets.rgpub.io/sanity/images/dsfx7636/game_data_live/e05478b8081b3694a795ab0308b1e2c2a7748715-744x1039.png
sfd-119a,Spiritforged,SFD,119a,"Jax, Unrelenting",Unit,Showcase,Body,4,1,3,Jax|Icathia,Weaponmaster|Equip,True,,Champion,"[Weaponmaster] (When you play me, you may [Equip] one of your Equipment to me for 1 rune of any type less, even if it's already attached.) When you attach an Equipment to me, you may pay 1 energy to draw 1.",https://cmsassets.rgpub.io/sanity/images/dsfx7636/game_data_live/a5796125bdb0af8ceb60cd0c5c273c6417e0f7da-744x1039.png
sfd-120a,Spiritforged,SFD,120a,"Sivir, Ambitious",Unit,Showcase,Body,6,3,7,Sivir|Shurima,Deflect,True,,Champion,"[Deflect 2] (Opponents must pay 2 runes of any type to choose me with a spell or Ability.) When I conquer after an attack, if you assigned 5 or more excess damage to enemy units, you may deal that much to an enemy unit.",https://cmsassets.rgpub.io/sanity/images/dsfx7636/game_data_live/484adbe28bafadf0ac37d7787c916013bd106793-744x1039.png
sfd-141a,Spiritforged,SFD,141a,"Irelia, Graceful",Unit,Showcase,Chaos,4,1,4,Irelia|Ionia,,True,,Champion,Your spells that choose me cost 1 energy or 1 rune of any type less.,https://cmsassets.rgpub.io/sanity/images/dsfx7636/game_data_live/08419c2b5b7aa7e5f63854e324d5dabe0b5997a2-744x1039.png
sfd-143a,Spiritforged,SFD,143a,"Sivir, Mercenary",Unit,Showcase,Chaos,4,1,4,Sivir|Shurima,Accelerate|Ganking,True,,Champion,"[Accelerate] (You may pay 1 energy and 1 chaos rune as an additional cost to have me enter ready.) If you've spent at least 2 runes of any type this turn, I have +2 might and [Ganking]. (I can move from battlefield to battlefield.)",https://cmsassets.rgpub.io/sanity/images/dsfx7636/game_data_live/6c0eeb81da597528625d458cb4c560298b5bea50-744x1039.png
sfd-148a,Spiritforged,SFD,148a,"Draven, Audacious",Unit,Showcase,Chaos,6,1,6,Draven|Noxus,Deflect,True,,Champion,"[Deflect] (Opponents must pay 1 rune of any type to choose me with a spell or ability.) The first time I win a combat each turn, you score 1 point. When I die in combat, choose an opponent. They score 1 point.",https://cmsassets.rgpub.io/sanity/images/dsfx7636/game_data_live/2b2c2a20cd22c8799b211dd4d7f95c95a8be33ea-744x1039.png
sfd-149a,Spiritforged,SFD,149a,"Ezreal, Prodigy",Unit,Showcase,Chaos,3,1,3,Ezreal|Piltover,,True,,Champion,"When you play me, discard 1, then draw 2. Optional additional costs you pay cost 1 energy or 1 rune of any type less.",https://cmsassets.rgpub.io/sanity/images/dsfx7636/game_data_live/b371832f41cd8b15cd4f29828081dd030c48d7ac-744x1039.png
sfd-170a,Spiritforged,SFD,170a,"Rek'Sai, Swarm Queen",Unit,Showcase,Order,5,1,5,Rek'Sai|The Void,,True,,Champion,"When I attack, you may reveal the top 2 cards of your Main Deck. You may play one. Then recycle the rest. If the played card is a unit, you may play it here.",https://cmsassets.rgpub.io/sanity/images/dsfx7636/game_data_live/a268cef6d06080055575bed86aca6db9d75359ac-744x1039.png
sfd-171a,Spiritforged,SFD,171a,"Renata Glasc, Industrialist",Unit,Showcase,Order,4,1,4,Renata Glasc|Zaun,,True,,Champion,Your tokens enter ready.,https://cmsassets.rgpub.io/sanity/images/dsfx7636/game_data_live/358df43d50a3fc018a6e092acd5fbb3031e0033d-744x1039.png
sfd-177a,Spiritforged,SFD,177a,"Azir, Sovereign",Unit,Showcase,Order,4,0,4,Bird|Azir|Shurima,Accelerate,True,,Champion,"[Accelerate] (You may pay 1 energy and 1 order rune as an additional cost to have me enter ready.) When I attack, you may move any number of your token units to this battlefield.",https://cmsassets.rgpub.io/sanity/images/dsfx7636/game_data_live/62c75543213df186d3f05236fda6abe8992c948e-744x1039.png
sfd-180a,Spiritforged,SFD,180a,"Fiora, Worthy",Unit,Showcase,Order,3,0,3,Fiora|Demacia,Mighty,True,,Champion,"When a unit you control becomes [Mighty], you may pay 1 order rune to ready it. (A unit is Mighty while it has 5+ might.)",https://cmsassets.rgpub.io/sanity/images/dsfx7636/game_data_live/e38428b921717edf676bd7f9628fc61b1355814c-744x1039.png
sfd-223*,Spiritforged,SFD,223*,"Vayne, Hunter",Unit,Showcase,Fury,4,1,2,Vayne|Demacia|Sentinel,Assault,True,,Champion,"[Assault 3] (+3 might while I'm an attacker.) If an opponent controls a battlefield, I enter ready. When I conquer, you may pay 1 energy to return me to my owner's hand.",https://cmsassets.rgpub.io/sanity/images/dsfx7636/game_data_live/75f9eac062e43105ee602b6050fe230fb8d2dce5-744x1039.png
sfd-224*,Spiritforged,SFD,224*,"Aphelios, Exalted",Unit,Showcase,Calm,4,1,4,Aphelios|Mount Targon,,True,,Champion,"When you attach an Equipment to me, choose one that hasn't been chosen this turn —Ready 2 runes.Channel 1 rune exhausted.Buff a friendly unit.",https://cmsassets.rgpub.io/sanity/images/dsfx7636/game_data_live/58bb3f7a73a8aa38159cc63439e0483ca2574157-744x1039.png
sfd-225*,Spiritforged,SFD,225*,"Irelia, Fervent",Unit,Showcase,Calm,5,0,4,Irelia|Ionia,Deflect,True,,Champion,"[Deflect] (Opponents must pay 1 rune of any type to choose me with a spell or ability.) When you choose or ready me, give me +1 might this turn.",https://cmsassets.rgpub.io/sanity/images/dsfx7636/game_data_live/e064a9017b5d6bf0e18c4452acfca4ed8c279657-744x1039.png
sfd-227*,Spiritforged,SFD,227*,"Ahri, Inquisitive",Unit,Showcase,Mind,3,1,3,Ahri,,True,,Champion,"When I attack or defend, give an enemy unit here -2 might this turn, to a minimum of 1 might.",https://cmsassets.rgpub.io/sanity/images/dsfx7636/game_data_live/608f786c30a7e80db87d3c2d45bc0c26b0840c5e-744x1039.png
sfd-228*,Spiritforged,SFD,228*,"Bard, Mercurial",Unit,Showcase,Mind,4,1,4,Bard,,True,,Champion,"You may exhaust your legend as an additional cost to play me. When you play me, if you paid the additional cost, move any number of your units to an open battlefield.",https://cmsassets.rgpub.io/sanity/images/dsfx7636/game_data_live/1b7d48edee47c3eec4e5b554e47359a395777c70-744x1039.png
sfd-230*,Spiritforged,SFD,230*,"Teemo, Strategist",Unit,Showcase,Mind,2,1,2,Yordle|Teemo,Hidden,True,,Champion,"[Hidden] (Hide now for 1 rune of any type to react with later for 0 energy.) When I defend or I'm played from [Hidden], reveal the top 5 cards of your Main Deck. Deal 1 to an enemy unit here for each card with [Hidden], then recycle them.",https://cmsassets.rgpub.io/sanity/images/dsfx7636/game_data_live/5e31f0ea037604aa531d84c1d56d26f255210b7c-744x1039.png
sfd-232*,Spiritforged,SFD,232*,"Sett, Brawler",Unit,Showcase,Body,5,1,4,Sett,,True,,Champion,"When I'm played and when I conquer, buff me. (If I don't have a buff, I get a +1 might buff.) Spend my buff: Give me +4 might this turn.",https://cmsassets.rgpub.io/sanity/images/dsfx7636/game_data_live/ea35315d12a86cff8e37fa716c92dc76d9edceb8-744x1039.png
sfd-233*,Spiritforged,SFD,233*,"Yone, Blademaster",Unit,Showcase,Body,5,1,5,Yone|Ionia|Demon,Weaponmaster|Equip,True,,Champion,"[Weaponmaster] (When you play me, you may [Equip] one of your Equipment to me for 1 rune of any type less, even if it's already attached.) When I conquer an open battlefield, deal damage equal to my Might to an enemy unit in a base.",https://cmsassets.rgpub.io/sanity/images/dsfx7636/game_data_live/8b190a0e419af24797408f0df4c17b48e8d86e5f-744x1039.png
sfd-235*,Spiritforged,SFD,235*,"Yasuo, Windrider",Unit,Showcase,Chaos,5,1,4,Yasuo,Ganking,True,,Champion,"[Ganking] (I can move from battlefield to battlefield.) The third time I move in a turn, you score 1 point.",https://cmsassets.rgpub.io/sanity/images/dsfx7636/game_data_live/40575a59f02c431223ef484edabdf7bd8cb28381-744x1039.png
sfd-236*,Spiritforged,SFD,236*,"Darius, Executioner",Unit,Showcase,Order,6,1,6,Trifarian|Darius,Legion,True,,Champion,"[Legion] — When you play me, ready me. (Get the effect if you've played another card this turn) Other friendly units have +1 might here.",https://cmsassets.rgpub.io/sanity/images/dsfx7636/game_data_live/46fc840c17925406d22703b82ad02f5eb2ab62cf-744x1039.png
sfd-237*,Spiritforged,SFD,237*,"Karma, Channeler",Unit,Showcase,Order,6,1,6,Karma,Vision,True,,Champion,"[Vision] (When you play me, look at the top card of your Main Deck. You may recycle it.) When you recycle one or more cards, buff a friendly unit. (If it doesn't have a buff, it gets a +1 might buff. Runes aren't cards.)",https://cmsassets.rgpub.io/sanity/images/dsfx7636/game_data_live/2e2c1cb4016543e3288da2dac3ecc3faf8a98927-744x1039.png
sfd-239*,Spiritforged,SFD,239*,"Soraka, Wanderer",Unit,Showcase,Order,4,1,4,Soraka|Mount Targon,,True,,Champion,"I must be assigned combat damage last. If another unit you control here would die, if it has less Might than me, instead heal it, exhaust it, and recall it. (Send it to base. This isn't a move.)",https://cmsassets.rgpub.io/sanity/images/dsfx7636/game_data_live/956c7e0ae3d68327c5e822321841c5bf3c96269a-744x1039.png
sfd-r01a,Spiritforged,SFD,r01a,Fury Rune,Rune,Showcase,Fury,,,,,,True,,Basic,,https://tcgplayer-cdn.tcgplayer.com/product/678224_in_1000x1000.jpg
sfd-r01b,Spiritforged,SFD,r01b,Fury Rune,Rune,Promo,Fury,,,,,,True,,Basic,,https://tcgplayer-cdn.tcgplayer.com/product/680274_in_1000x1000.jpg
sfd-r02a,Spiritforged,SFD,r02a,Calm Rune,Rune,Showcase,Calm,,,,,,True,,Basic,,https://tcgplayer-cdn.tcgplayer.com/product/678227_in_1000x1000.jpg
sfd-r02b,Spiritforged,SFD,r02b,Calm Rune,Rune,Promo,Calm,,,,,,True,,Basic,,https://tcgplayer-cdn.tcgplayer.com/product/680304_in_1000x1000.jpg
sfd-r03a,Spiritforged,SFD,r03a,Mind Rune,Rune,Showcase,Mind,,,,,,True,,Basic,,https://tcgplayer-cdn.tcgplayer.com/product/678229_in_1000x1000.jpg
sfd-r03b,Spiritforged,SFD,r03b,Mind Rune,Rune,Promo,Mind,,,,,,True,,Basic,,https://tcgplayer-cdn.tcgplayer.com/product/680331_in_1000x1000.jpg
sfd-r04a,Spiritforged,SFD,r04a,Body Rune,Rune,Showcase,Body,,,,,,True,,Basic,,https://tcgplayer-cdn.tcgplayer.com/product/678231_in_1000x1000.jpg
sfd-r04b,Spiritforged,SFD,r04b,Body Rune,Rune,Promo,Body,,,,,,True,,Basic,,https://tcgplayer-cdn.tcgplayer.com/product/680347_in_1000x1000.jpg
sfd-r05a,Spiritforged,SFD,r05a,Chaos Rune,Rune,Showcase,Chaos,,,,,,True,,Basic,,https://tcgplayer-cdn.tcgplayer.com/product/678232_in_1000x1000.jpg
sfd-r05b,Spiritforged,SFD,r05b,Chaos Rune,Rune,Promo,Chaos,,,,,,True,,Basic,,https://tcgplayer-cdn.tcgplayer.com/product/680392_in_1000x1000.jpg
sfd-r06a,Spiritforged,SFD,r06a,Order Rune,Rune,Showcase,Order,,,,,,True,,Basic,,https://tcgplayer-cdn.tcgplayer.com/product/678233_in_1000x1000.jpg
sfd-r06b,Spiritforged,SFD,r06b,Order Rune,Rune,Promo,Order,,,,,,True,,Basic,,https://tcgplayer-cdn.tcgplayer.com/product/680432_in_1000x1000.jpg
unl-001,Unleashed,UNL,001,Arena Kingpin,Unit,Common,Fury,5,0,3,Yordle|Noxus,,False,,,I enter ready. exhaust: Give a unit +3 might this turn.,https://cmsassets.rgpub.io/sanity/images/dsfx7636/game_data_live/db48f8c1da0e4f9804ae94398f0864859db0002a-744x1039.png
unl-002,Unleashed,UNL,002,Inferna,Unit,Common,Fury,2,0,1,Bilgewater,Ambush|Reaction|Assault,False,,,[Ambush] (You may play me as a [Reaction] to a battlefield where you have units.) [Assault 2] (+2 might while I'm an attacker.),https://cmsassets.rgpub.io/sanity/images/dsfx7636/game_data_live/5db9d66fc22887e8686a13ffdfe480106cbd3b35-744x1039.png
unl-003,Unleashed,UNL,003,Mischievous Marai,Unit,Common,Fury,2,0,2,Bilgewater,Hidden,False,,,"[Hidden] (Hide now for 1 rune of any type to react with later for 0 energy.) When you play me to a battlefield, deal 2 to an enemy unit here.",https://cmsassets.rgpub.io/sanity/images/dsfx7636/game_data_live/fb2e82cca7aa93c857ed1fe54de7344016779520-744x1039.png
unl-004,Unleashed,UNL,004,Prepared Neophyte,Unit,Common,Fury,3,0,1,Shadow Isles,,False,,,"If you've spent 4 energy or more to play a spell this turn, I have +4 might.",https://cmsassets.rgpub.io/sanity/images/dsfx7636/game_data_live/ad993e451437950e56935a7ecff44fea09e522b2-744x1039.png
unl-005,Unleashed,UNL,005,Revna the Lorekeeper,Unit,Common,Fury,7,1,7,Freljord,Ganking,False,,,"[Ganking] (I can move from battlefield to battlefield.) When you play a spell, if you spent 4 energy or more, ready me.",https://cmsassets.rgpub.io/sanity/images/dsfx7636/game_data_live/8e251eed411d614de504480181b357df3f78b133-744x1039.png
unl-006,Unleashed,UNL,006,Sharkling,Unit,Common,Fury,3,0,1,Bilgewater,Accelerate|Assault,False,,,[Accelerate] (You may pay 1 energy and 1 fury rune as an additional cost to have me enter ready.) [Assault 4] (+4 might while I'm an attacker.),https://cmsassets.rgpub.io/sanity/images/dsfx7636/game_data_live/f2aa213fe1e54d0d6f1507c7ed8829c8ba2bc610-744x1039.png
unl-007,Unleashed,UNL,007,Smite,Spell,Common,Fury,2,1,,,Action,False,,,"[Action] (Play on your turn or in showdowns.) Deal 3 to a unit at a battlefield. If it would die this turn, banish it instead.",https://cmsassets.rgpub.io/sanity/images/dsfx7636/game_data_live/f46252e8c65a2eb3f476ea51f214af7651d0622d-744x1039.png
unl-008,Unleashed,UNL,008,Towering Pairofant,Unit,Common,Fury,6,0,6,Shurima,Assault,False,,,"[Assault] (+1 might while I'm an attacker.) If a unit died this turn, I enter ready.",https://cmsassets.rgpub.io/sanity/images/dsfx7636/game_data_live/47ac3971efe67f7910771709b8bb9a5df5b63952-744x1039.png
unl-009,Unleashed,UNL,009,Upstage Comedy,Spell,Common,Fury,2,0,,,Repeat,False,,,[Repeat] 2 energy (You may pay the additional cost to repeat this spell's effect.) Ready a unit.,https://cmsassets.rgpub.io/sanity/images/dsfx7636/game_data_live/4a636fcd682b32b41a4886c7383e781414139adb-744x1039.png
unl-010,Unleashed,UNL,010,Vault Breaker,Spell,Common,Fury,1,1,,,Action|Assault|Ganking,False,,,[Action] (Play on your turn or in showdowns.) Give a unit [Assault 2] and [Ganking] this turn. (+2 might while it's an attacker. It can move from battlefield to battlefield.),https://cmsassets.rgpub.io/sanity/images/dsfx7636/game_data_live/8046c9f133be83268d7dc9788abea58f461914d8-744x1039.png
unl-011,Unleashed,UNL,011,Fresh Beans,Gear,Uncommon,Fury,2,0,,,,False,,,"When you play a unit during a showdown, you may exhaust this to draw 1.",https://cmsassets.rgpub.io/sanity/images/dsfx7636/game_data_live/1737d7d02cd0619a520aba258d1b40fdbb5d1129-744x1039.png
unl-012,Unleashed,UNL,012,Lord Broadmane,Unit,Uncommon,Fury,5,1,5,Noxus,Ambush|Reaction|Assault,False,,,"[Ambush] (You may play me as a [Reaction] to a battlefield where you have units.) When you play me, give your other units here [Assault] this turn. (+1 might while they're attackers.)",https://cmsassets.rgpub.io/sanity/images/dsfx7636/game_data_live/f564001228383a27372c0ddc4d8c0ed4e4843dc7-744x1039.png
unl-013,Unleashed,UNL,013,Lotus Trap,Spell,Uncommon,Fury,2,0,,,Hidden|Reaction,False,,,"[Hidden] (Hide now for 1 rune of any type to react with later for 0 energy.) [Reaction] (Play any time, even before spells and abilities resolve.) Choose a unit. Double all damage that would be dealt to it this turn.",https://cmsassets.rgpub.io/sanity/images/dsfx7636/game_data_live/9490f8c80da1bf4467e14c39b66ae4262e5f7f7b-744x1039.png
unl-014,Unleashed,UNL,014,Monster Harpoon,Spell,Uncommon,Fury,1,1,,,Action,False,,,"[Action] (Play on your turn or in showdowns.) Deal 2 to a unit at a battlefield. If you control a facedown card, deal 4 to it instead.",https://cmsassets.rgpub.io/sanity/images/dsfx7636/game_data_live/ed51ed36ad0938048ee50894d75d299c29d17759-744x1039.png
unl-015,Unleashed,UNL,015,Right of Conquest,Spell,Uncommon,Fury,3,1,,,,False,,,"Draw 1, then draw 1 for each battlefield you or allies control.",https://cmsassets.rgpub.io/sanity/images/dsfx7636/game_data_live/2467e43f316e8700ad43b66e3b5d490f3f9d3cea-744x1039.png
unl-016,Unleashed,UNL,016,Scorchclaw,Unit,Uncommon,Fury,3,1,3,Dog|Noxus,Hunt|Level,False,,,"[Hunt 2] (When I conquer or hold, gain 2 XP.) [Level 3][>] I have +1 might and enter ready. (While you have 3+ XP, get the effect.)",https://cmsassets.rgpub.io/sanity/images/dsfx7636/game_data_live/f69940824f8ce62a479df28988dcbdf6ea6d3960-744x1039.png
unl-017,Unleashed,UNL,017,Square Up,Spell,Uncommon,Fury,4,0,,,Repeat|Assault,False,,,[Repeat] — Discard 1 (You may pay the additional cost to repeat this spell's effect.) Give a unit [Assault 4] this turn. (+4 might while it's an attacker.),https://cmsassets.rgpub.io/sanity/images/dsfx7636/game_data_live/5e14c09db2f064e5f6986f500a04335d73d459dd-744x1039.png
unl-018,Unleashed,UNL,018,Yeti Brawler,Unit,Uncommon,Fury,6,0,6,Noxus,Reaction|Add,False,,,"When I conquer, if you assigned 3 or more excess damage, play two Gold gear tokens exhausted. (They have ""[Reaction][>] Kill this, exhaust: [Add] 1 rune of any type."")",https://cmsassets.rgpub.io/sanity/images/dsfx7636/game_data_live/38b59ae384ef6df8c94d5c51418101b2630b43a7-744x1039.png
unl-019,Unleashed,UNL,019,Blighted Battleaxe,Gear,Rare,Fury,4,0,,Equipment,Equip,False,,,[Equip] 1 energy and 1 fury rune (1 energy and 1 fury rune: Attach this to a unit you control.),https://cmsassets.rgpub.io/sanity/images/dsfx7636/game_data_live/a6425462180dc6bc3396397cd491c0abae58f616-744x1039.png
unl-020,Unleashed,UNL,020,Dancing Grenade,Spell,Rare,Fury,2,1,,,,False,,,"Deal 2 to a unit. Its controller may play this spell again for 1 rune of any type. If they do, this deals 1 additional Bonus Damage for each time this spell has dealt damage this turn.",https://cmsassets.rgpub.io/sanity/images/dsfx7636/game_data_live/8afc30b1bc7cc1841dfe11cfa29adbcc02257845-744x1039.png
unl-021,Unleashed,UNL,021,Grim Apothecary,Unit,Rare,Fury,3,0,3,Noxus,Ambush|Reaction,False,,,"[Ambush] (You may play me as a [Reaction] to a battlefield where you have units.) When you play me, you may return a friendly unit at a battlefield to its owner's hand.",https://cmsassets.rgpub.io/sanity/images/dsfx7636/game_data_live/af548bbfc856e306c5feefb34eb6bd9a4e442904-744x1039.png
unl-022,Unleashed,UNL,022,"Jhin, Murderous Artist",Unit,Rare,Fury,4,1,4,Jhin|Ionia,Deflect|Ganking|Add,False,,Champion,"[Deflect] (Opponents must pay 1 rune of any type to choose me with a spell or ability.) [Ganking] (I can move from battlefield to battlefield.) When I move, [Add] 1 energy and 1 rune of any type. (Abilities that add resources can't be reacted to.)",https://cmsassets.rgpub.io/sanity/images/dsfx7636/game_data_live/8da724a842cf61cb24c3c02dd99adc93a9222e06-744x1039.png
unl-023,Unleashed,UNL,023,"Katarina, Reckless",Unit,Rare,Fury,5,1,5,Katarina|Noxus,,False,,Champion,"When you hide a card, ready me. When you play a card from face down, deal 2 to an enemy unit.",https://cmsassets.rgpub.io/sanity/images/dsfx7636/game_data_live/12da73cb78a9cfa052749f317ed56a27106908c6-744x1039.png
unl-024,Unleashed,UNL,024,"Rengar, Unseen",Unit,Rare,Fury,4,1,4,Cat|Rengar|Ixtal,Accelerate|Assault|Deflect|Ganking,False,,Champion,[Accelerate] (You may pay 1 energy and 1 fury rune as an additional cost to have me enter ready.) [Assault 2] (+2 might while I'm an attacker.) [Deflect] (Opponents must pay 1 rune of any type to choose me with a spell or ability.) [Ganking] (I can move from battlefield to battlefield.),https://cmsassets.rgpub.io/sanity/images/dsfx7636/game_data_live/80c7d1c62301dd6e3ced910156f3fdeb8d34a621-744x1039.png
unl-025,Unleashed,UNL,025,Undying Legion,Unit,Rare,Fury,3,0,3,Spirit|Shadow Isles,Legion,False,,,[Legion][>] You may play me from your trash for 3 energy and 1 fury rune. (Get the effect if you've played another card this turn.),https://cmsassets.rgpub.io/sanity/images/dsfx7636/game_data_live/3a6955daff2982e0ba4417533052d5ea334232fb-744x1039.png
unl-026,Unleashed,UNL,026,"Xerath, Freed",Unit,Rare,Fury,5,0,5,Shurima|Xerath,,False,,Champion,"1 fury rune, exhaust: Deal 3 to a unit. Use this ability only while I'm at a battlefield.",https://cmsassets.rgpub.io/sanity/images/dsfx7636/game_data_live/ef52e66a137a80cf5df862f31a114bfc00914a93-744x1039.png
unl-027,Unleashed,UNL,027,Inviolus Vox,Unit,Epic,Fury,8,2,8,Dragon|Mount Targon,,False,,,"When I conquer, give a friendly unit +8 might this turn.",https://cmsassets.rgpub.io/sanity/images/dsfx7636/game_data_live/9b742ef3dc17f5da03d41e3349839037183b5ea9-744x1039.png
unl-028,Unleashed,UNL,028,"Pyke, Dockside Butcher",Unit,Epic,Fury,3,0,2,Pyke|Bilgewater,Hidden|Ganking,False,,Champion,"[Hidden] (Hide now for 1 rune of any type to react with later for 0 energy.) [Ganking] (I can move from battlefield to battlefield.) You may pay 1 fury rune as an additional cost to play me. When you play me, if you paid the additional cost, ready me and give me +2 might this turn.",https://cmsassets.rgpub.io/sanity/images/dsfx7636/game_data_live/e0ce05148d7368070bcc8c0a43f66ece0834653a-744x1039.png
unl-029,Unleashed,UNL,029,Red Brambleback,Unit,Epic,Fury,4,1,4,Ionia,Accelerate|Buff,False,,,"[Accelerate] (You may pay 1 energy and 1 fury rune as an additional cost to have me enter ready.) Your conquer effects for conquering here trigger an additional time. When I conquer, [Buff] a friendly unit. (Give it a +1 might buff if it doesn't have one.)",https://cmsassets.rgpub.io/sanity/images/dsfx7636/game_data_live/14e9d009985f6a0d8ab63416aee7570ede42c657-744x1039.png
unl-030,Unleashed,UNL,030,"Vi, Hotheaded",Unit,Epic,Fury,4,0,3,Vi|Zaun,Deflect,False,,Champion,[Deflect] (Opponents must pay 1 rune of any type to choose me with a spell or ability.) 2 energy and 1 fury rune: Double my Might this turn.,https://cmsassets.rgpub.io/sanity/images/dsfx7636/game_data_live/03a55e8d494d7efe20da792365161f5c43c20779-744x1039.png
unl-031,Unleashed,UNL,031,Combat Experience,Spell,Common,Calm,1,0,,,Reaction|Level,False,,,"[Reaction] (Play any time, even before spells and abilities resolve.) Give a unit +1 might this turn. [Level 6][>] Give it +3 might this turn instead. (While you have 6+ XP, get the effect.)",https://cmsassets.rgpub.io/sanity/images/dsfx7636/game_data_live/537b66b5f0259f80bf25b1aafb78558f4db6886a-744x1039.png
unl-032,Unleashed,UNL,032,Double Trouble,Spell,Common,Calm,2,0,,,Repeat,False,,,[Repeat] 2 energy (You may pay the additional cost to repeat this spell's effect.) Look at the top 3 cards of your Main Deck. You may reveal a unit from among them and draw it. Recycle the rest.,https://cmsassets.rgpub.io/sanity/images/dsfx7636/game_data_live/64e977213f50471ad7b6e8664488fb9017693f71-744x1039.png
unl-033,Unleashed,UNL,033,Frisky Hunter,Unit,Common,Calm,4,0,3,Cat|Zaun,Deflect,False,,,"When you play me, play a 1 might Bird unit token with [Deflect] here. (Opponents must pay 1 rune of any type to choose it with a spell or ability.)",https://cmsassets.rgpub.io/sanity/images/dsfx7636/game_data_live/6bf8978ca42fa50a60067e74364b3caf78b3e928-744x1039.png
unl-034,Unleashed,UNL,034,Herald of Spring,Unit,Common,Calm,4,1,4,Ionia,Hunt,False,,,"[Hunt] (When I conquer or hold, gain 1 XP.) When you play me, gain 2 XP.",https://cmsassets.rgpub.io/sanity/images/dsfx7636/game_data_live/5bf7ba27b809d22296deb755b6f5324ac46a5a20-744x1039.png
unl-035,Unleashed,UNL,035,Monch,Unit,Common,Calm,6,0,6,Bandle City,,False,,,"If an opponent controls a stunned unit, I cost 2 energy less and enter ready.",https://cmsassets.rgpub.io/sanity/images/dsfx7636/game_data_live/ef10724add3b6d9e69415cb194e895f6ea9969b7-744x1039.png
unl-036,Unleashed,UNL,036,Mutated Mouser,Unit,Common,Calm,2,0,1,Cat|Bilgewater,Shield|Tank,False,,,[Shield 2] (+2 might while I'm a defender.) [Tank] (I must be assigned combat damage first.),https://cmsassets.rgpub.io/sanity/images/dsfx7636/game_data_live/20276519677a4d1ebe230aaad7692588e1e8d046-744x1039.png
unl-037,Unleashed,UNL,037,Shadow Watcher,Unit,Common,Calm,4,1,5,Ionia,,False,,,"If a friendly unit died during your Beginning Phase this turn, I enter ready.",https://cmsassets.rgpub.io/sanity/images/dsfx7636/game_data_live/f6f5ff413efc57d7948b4b9a46a4bba6eebd39d2-744x1039.png
unl-038,Unleashed,UNL,038,Skyward Strike,Spell,Common,Calm,2,1,,,Level|Stun,False,,,"Move an enemy unit. [Level 6][>] [Stun] an enemy unit. (While you have 6+ XP, get the effect. A stunned unit doesn't deal combat damage this turn.)",https://cmsassets.rgpub.io/sanity/images/dsfx7636/game_data_live/998740e590fec024f204ad26ed7e2dad2a0c8d66-744x1039.png
unl-039,Unleashed,UNL,039,Soul Sword,Gear,Common,Calm,1,0,,Equipment,Equip,False,,,[Equip] 1 calm rune (1 calm rune: Attach this to a unit you control.),https://cmsassets.rgpub.io/sanity/images/dsfx7636/game_data_live/519361230cb8554cdf0f5dd795e115ffbb5bb932-744x1039.png
unl-040,Unleashed,UNL,040,Wuju Apprentice,Unit,Common,Calm,2,0,2,Ionia,Hunt|Level,False,,,"[Hunt] (When I conquer or hold, gain 1 XP.) [Level 6][>] When you play me, draw 1. (While you have 6+ XP, get the effect.)",https://cmsassets.rgpub.io/sanity/images/dsfx7636/game_data_live/543789dd1b4b2654392a151d4bb1b0c6263c47dc-744x1039.png
unl-041,Unleashed,UNL,041,"Allay, Eager Admirer",Unit,Uncommon,Calm,3,0,3,Yordle|Bandle City,Deflect,False,,,"[Deflect] (Opponents must pay 1 rune of any type to choose me with a spell or ability.) While I'm at a battlefield, your other units here have [Deflect].",https://cmsassets.rgpub.io/sanity/images/dsfx7636/game_data_live/bf1045b559b20d3e86383a07de54cd1893e5a94b-744x1039.png
unl-042,Unleashed,UNL,042,Back Off,Spell,Uncommon,Calm,3,0,,,Hidden|Action|Stun,False,,,"[Hidden] (Hide now for 1 rune of any type to react with later for 0 energy.) [Action] (Play on your turn or in showdowns.) [Stun] a unit. (It doesn't deal combat damage this turn.) If you played this from your hand, draw 1.",https://cmsassets.rgpub.io/sanity/images/dsfx7636/game_data_live/a0e7f7fa55ae618f94fe48920f92406ddd7e3512-744x1039.png
unl-043,Unleashed,UNL,043,Enthusiastic Promoter,Unit,Uncommon,Calm,3,0,2,Yordle|Bandle City,Backline|Buff,False,,,"[Backline] (I must be assigned combat damage last.) When I hold, [Buff] all units here. (Give each a +1 might buff if it doesn't have one.)",https://cmsassets.rgpub.io/sanity/images/dsfx7636/game_data_live/c03bdc371440cbf6de773b0b39010808bfdecea1-744x1039.png
unl-044,Unleashed,UNL,044,Flurry of Feathers,Spell,Uncommon,Calm,4,2,,,Reaction|Deflect,False,,,[Reaction] Choose one —Counter a spell.Play four 1 might Bird unit tokens with [Deflect]. (Opponents must pay 1 rune of any type to choose them with a spell or ability.),https://cmsassets.rgpub.io/sanity/images/dsfx7636/game_data_live/77bd864b29f4975868e557e31a39b94d06a4ecb2-744x1039.png
unl-045,Unleashed,UNL,045,Forgotten Signpost,Gear,Uncommon,Calm,2,0,,,Action,False,,,"[Action][>] Exhaust a unit you control, exhaust: Move a different unit you control to the location of the unit you exhausted to pay for this ability.",https://cmsassets.rgpub.io/sanity/images/dsfx7636/game_data_live/edf248974d1d97ff5ff1c6745f663fa059dbc82d-744x1039.png
unl-046,Unleashed,UNL,046,Friendship,Spell,Uncommon,Calm,1,0,,,Reaction,False,,,"[Reaction] (Play any time, even before spells and abilities resolve.) Choose a unit. Give it +1 might this turn for each of the following tags among your units — Bird, Cat, Dog, and Poro.",https://cmsassets.rgpub.io/sanity/images/dsfx7636/game_data_live/4a1a08ec8c23a2663babd2fc683481888347407a-744x1039.png
unl-047,Unleashed,UNL,047,Mosstomper,Unit,Uncommon,Calm,3,1,3,Dog|Ixtal,Hunt|Level|Deflect,False,,,"[Hunt 2] (When I conquer or hold, gain 2 XP.) [Level 3][>] I have +1 might and [Deflect]. (While you have 3+ XP, get the effect. Opponents must pay 1 rune of any type to choose a [Deflect] unit with a spell or ability.)",https://cmsassets.rgpub.io/sanity/images/dsfx7636/game_data_live/0ea32d0f6f49c0b48b1ea2cc98fe0a3c540bc9db-744x1039.png
unl-048,Unleashed,UNL,048,Trevor Snoozebottom,Unit,Uncommon,Calm,3,0,3,Yordle|Ionia,Shield|Temporary,False,,,"[Shield] (+1 might while I'm a defender.) When I hold, play a ready 3 might Sprite unit token with [Temporary] here. (Kill it at the start of its controller's next Beginning Phase, before scoring.)",https://cmsassets.rgpub.io/sanity/images/dsfx7636/game_data_live/fa843ee80d1a35416d61482bc1602279955a2c7f-744x1039.png
unl-049,Unleashed,UNL,049,Honeyfruit,Gear,Rare,Calm,2,0,,,Reaction|Add|Level,False,,,This enters exhausted. [Reaction][>] exhaust: [Add] 1 rune of any type. (Abilities that add resources can't be reacted to.) [Level 6][>] [>>][Reaction][>] exhaust: [Add] 1 energy and 1 rune of any type. (Use this ability only while you have 6+ XP.),https://cmsassets.rgpub.io/sanity/images/dsfx7636/game_data_live/4794052d16d88b12861b348a466673ace098c32e-744x1039.png
unl-050,Unleashed,UNL,050,Iascylla,Unit,Rare,Calm,7,1,6,Bilgewater,,False,,,"When I hold, at the start of your next Main Phase, you may move an enemy unit to this battlefield.",https://cmsassets.rgpub.io/sanity/images/dsfx7636/game_data_live/debdbfa22e4e75822fe1fbf0e7ab14bccbbdf191-744x1039.png
unl-051,Unleashed,UNL,051,"Ivern, Nurturer",Unit,Rare,Calm,5,1,4,Ivern|Ionia,Buff,False,,Champion,"When you play me or when I hold, look at the top 3 cards of your Main Deck. You may reveal a unit from among them and draw it. Recycle the rest. Then if you revealed a Bird, Cat, Dog, or Poro, do this: [Buff] a friendly unit. (Give it a +1 might buff if it doesn't have one.)",https://cmsassets.rgpub.io/sanity/images/dsfx7636/game_data_live/a72b08dd57422d3441df88eb61c000cdb4ac688a-744x1039.png
unl-052,Unleashed,UNL,052,"Nami, Headstrong",Unit,Rare,Calm,3,0,3,Mount Targon|Nami,Stun|Buff,False,,Champion,"You may pay 1 calm rune as an additional cost to play me. When you play me, if you paid the additional cost, [Stun] an enemy unit. (It doesn't deal combat damage this turn.) When I hold, the next time you play a unit this turn, ready it and [Buff] it.",https://cmsassets.rgpub.io/sanity/images/dsfx7636/game_data_live/c65521065700f308689608fc6c4fa8963f3264c0-744x1039.png
unl-053,Unleashed,UNL,053,Scuttle Crab,Unit,Rare,Calm,2,0,0,Bilgewater,Deathknell,False,,,"(Units with 0 might can conquer and hold.) When you play me, draw 1. [Deathknell][>] Choose an opponent. They reveal their hand. You can look at their facedown cards this turn. Gain 1 XP. (When I die, get the effects.)",https://cmsassets.rgpub.io/sanity/images/dsfx7636/game_data_live/8c9a251b2deb21716fba0ac83c6aac96563fa19d-744x1039.png
unl-054,Unleashed,UNL,054,Tricksy Tentacles,Spell,Rare,Calm,4,1,,,,False,,,Move any number of enemy units with the same controller and a total Might of 8 or less to a single location.,https://cmsassets.rgpub.io/sanity/images/dsfx7636/game_data_live/7e1e77df44c076599fa780f7fd01a4550f67af45-744x1039.png
unl-055,Unleashed,UNL,055,"Vex, Mocking",Unit,Rare,Calm,5,1,5,Yordle|Vex|Shadow Isles,Shield|Tank|Stun,False,,Champion,"[Shield] (+1 might while I'm a defender.) [Tank] (I must be assigned combat damage first.) When you [Stun] an enemy unit at a battlefield, you may move me to that battlefield.",https://cmsassets.rgpub.io/sanity/images/dsfx7636/game_data_live/ed2c20de6ceb7ff23f62ccb28a49fd305c5b15b7-744x1039.png
unl-056,Unleashed,UNL,056,"Yuumi, Magical Cat",Unit,Rare,Calm,3,1,1,Fae|Cat|Bandle City|Yuumi,Tank,False,,Champion,"When I attack or defend, give one of your other units here +3 might and [Tank] this turn. (It must be assigned combat damage first.)",https://cmsassets.rgpub.io/sanity/images/dsfx7636/game_data_live/588ddfeb01ab7b37110d8a7e656cf9f35530ce4e-744x1039.png
unl-057,Unleashed,UNL,057,Alpha Wildclaw,Unit,Epic,Calm,6,2,7,Cat|Freljord,Tank,False,,,[Tank] (I must be assigned combat damage first.) Your units here with less Might than me can't be chosen by enemy spells and abilities.,https://cmsassets.rgpub.io/sanity/images/dsfx7636/game_data_live/39ec974dae18bf82fcc18a95044d8df04cc14d3c-744x1039.png
unl-058,Unleashed,UNL,058,"Lillia, Protector of Dreams",Unit,Epic,Calm,5,0,4,Fae|Lillia|Ionia,Tank,False,,Champion,"When you play a token unit, give me +1 might this turn. Your token units have [Tank]. (They must be assigned combat damage first.)",https://cmsassets.rgpub.io/sanity/images/dsfx7636/game_data_live/daa5fe15e0a1c14c8dbb8f858d8a6d444ea6096e-744x1039.png
unl-059,Unleashed,UNL,059,"Master Yi, Unstoppable",Unit,Epic,Calm,12,3,12,Master Yi|Ionia,Level,False,,Champion,"[Level 3][>] I cost 2 energy and 1 calm rune less. (While you have 3+ XP, get the effect.) [Level 6][>] I cost 4 energy and 2 calm runes less instead. [Level 11][>] I cost 6 energy and 3 calm runes less instead. [Level 16][>] I can't be chosen by enemy spells and abilities.",https://cmsassets.rgpub.io/sanity/images/dsfx7636/game_data_live/8a6d46d701eebaff0850a5b7400816517006d7e9-744x1039.png
unl-060,Unleashed,UNL,060,Vilemaw,Unit,Epic,Calm,8,2,8,Shadow Isles|Spider,Ambush|Reaction,False,,,"[Ambush] (You may play me as a [Reaction] to a battlefield where you have units.) Enemy units here with less Might than me don't deal combat damage. When I hold, draw 1.",https://cmsassets.rgpub.io/sanity/images/dsfx7636/game_data_live/cb6dde0284f9ef84cbc9c0f07d2e7aac2fe6f919-744x1039.png
unl-061,Unleashed,UNL,061,Downstage Dramatics,Spell,Common,Mind,2,0,,,Reaction|Repeat,False,,,"[Reaction] (Play any time, even before spells and abilities resolve.) [Repeat] 2 energy (You may pay the additional cost to repeat this spell's effect.) Draw 1.",https://cmsassets.rgpub.io/sanity/images/dsfx7636/game_data_live/d76418eabcddbea148f3331913223b79a39aabda-744x1039.png
unl-062,Unleashed,UNL,062,Dramatic Visionary,Unit,Common,Mind,4,0,4,Ionia,Deathknell|Predict,False,,,"[Deathknell][>] [Predict 2]. (When I die, look at the top two cards of your Main Deck. Recycle any of them and put the rest back in any order.)",https://cmsassets.rgpub.io/sanity/images/dsfx7636/game_data_live/3153c05a8c3fb4d8f945a95fad54ea25e087ad47-744x1039.png
unl-063,Unleashed,UNL,063,Eclipse,Spell,Common,Mind,3,0,,,Reaction|Predict,False,,,"[Reaction] (Play any time, even before spells and abilities resolve.) Give a unit -4 might this turn. [Predict]. (Look at the top card of your Main Deck. You may recycle it.)",https://cmsassets.rgpub.io/sanity/images/dsfx7636/game_data_live/9fcef3d1d7de3c219aabcab88d0550c9d8cd4311-744x1039.png
unl-064,Unleashed,UNL,064,Fate Weaver,Unit,Common,Mind,5,0,4,Ionia,,False,,,"When you play me, look at the top 4 cards of your Main Deck. You may reveal a spell with Energy cost 4 energy or more from among them and draw it. Recycle the rest.",https://cmsassets.rgpub.io/sanity/images/dsfx7636/game_data_live/ab713d332b48a7526585b0be3718fea9e9f93622-744x1039.png
unl-065,Unleashed,UNL,065,Icevale Archer,Unit,Common,Mind,2,0,2,Freljord,,False,,,"When I attack, you may pay 1 energy to give a unit here -1 might this turn.",https://cmsassets.rgpub.io/sanity/images/dsfx7636/game_data_live/c14db2ae064ccee80d8ec373f9fe9b4f44776e3e-744x1039.png
unl-066,Unleashed,UNL,066,Moonlight Affliction,Spell,Common,Mind,7,0,,,Reaction,False,,,"[Reaction] (Play any time, even before spells and abilities resolve.) Give a unit -10 might this turn.",https://cmsassets.rgpub.io/sanity/images/dsfx7636/game_data_live/8f75280599fdb4d3b6191cf8e8443aadf33ad11e-744x1039.png
unl-067,Unleashed,UNL,067,Ruined Rex,Unit,Common,Mind,6,1,6,Bilgewater,Deathknell,False,,,"[Deathknell][>] Deal 4 to an enemy unit. (When I die, get the effect.)",https://cmsassets.rgpub.io/sanity/images/dsfx7636/game_data_live/05fc9613bd3a3c3c5002ff1d7d665b37fd18dcb7-744x1039.png
unl-068,Unleashed,UNL,068,Spectral Centaur,Unit,Common,Mind,6,0,5,Spirit|Shadow Isles,,False,,,"When another friendly unit dies, give me +2 might this turn.",https://cmsassets.rgpub.io/sanity/images/dsfx7636/game_data_live/60fb267f2d0cd16714d35a0eefd0d5864304102b-744x1039.png
unl-069,Unleashed,UNL,069,Sprite Burst,Spell,Common,Mind,5,0,,,Temporary,False,,,"Play two ready 3 might Sprite unit tokens with [Temporary]. (Kill each at the start of its controller's Beginning Phase, before scoring.)",https://cmsassets.rgpub.io/sanity/images/dsfx7636/game_data_live/4427ceffae1c3e7b012167461ce7c080bb2c1fe4-744x1039.png
unl-070,Unleashed,UNL,070,Turn to Dust,Spell,Common,Mind,2,0,,,Temporary,False,,,"Give a gear [Temporary]. (Kill it at the start of its controller's Beginning Phase, before scoring.)",https://cmsassets.rgpub.io/sanity/images/dsfx7636/game_data_live/4986c0c2fea96d9a88d736789d604374a64d03fb-744x1039.png
unl-071,Unleashed,UNL,071,Chakram Dancer,Unit,Uncommon,Mind,3,0,3,Bilgewater,Ambush|Reaction|Shield,False,,,"[Ambush] (You may play me as a [Reaction] to a battlefield where you have units.) When you play me, give your other units here [Shield] this turn. (+1 might while they're defenders.)",https://cmsassets.rgpub.io/sanity/images/dsfx7636/game_data_live/29abe06f1c16a9eed622a5060330116268b73b8c-744x1039.png
unl-072,Unleashed,UNL,072,Crescent Strike,Spell,Uncommon,Mind,3,1,,,Action,False,,,[Action] (Play on your turn or in showdowns.) Choose a battlefield and an enemy unit there. Deal 4 to that unit and 1 to each other enemy unit there.,https://cmsassets.rgpub.io/sanity/images/dsfx7636/game_data_live/34ab7eff1eb8833ab8b9978eac18c4fb18b1ac81-744x1039.png
unl-073,Unleashed,UNL,073,Deadly Flourish,Spell,Uncommon,Mind,4,0,,,Reaction|Add,False,,,"Deal 3 to an enemy unit. When it dies this turn, play a Gold gear token exhausted. (It has ""[Reaction][>] Kill this, exhaust: [Add] 1 rune of any type."")",https://cmsassets.rgpub.io/sanity/images/dsfx7636/game_data_live/81195df7122beaba38ebc8b8212ceb0e7593afe9-744x1039.png
unl-074,Unleashed,UNL,074,Frigid Jewel,Gear,Uncommon,Mind,2,0,,,,False,,,"When you draw your second card each turn, give a friendly unit +2 might this turn.",https://cmsassets.rgpub.io/sanity/images/dsfx7636/game_data_live/f1a6c28649bf4478b4728379b6d548058739f0e9-744x1039.png
unl-075,Unleashed,UNL,075,Gustwalker,Unit,Uncommon,Mind,3,1,3,Dog|Ionia,Hunt|Level|Ganking,False,,,"[Hunt 2] (When I conquer or hold, gain 2 XP.) [Level 3][>] I have +1 might and [Ganking]. (While you have 3+ XP, get the effect. A [Ganking] unit can move from battlefield to battlefield.)",https://cmsassets.rgpub.io/sanity/images/dsfx7636/game_data_live/3f314cea0c05d2ea274a81d723299e4e20b2ebde-744x1039.png
unl-076,Unleashed,UNL,076,Petal Pixie,Unit,Uncommon,Mind,2,0,2,Fae|Ionia,Temporary,False,,,I have +1 might for each of your units with [Temporary] at my battlefield.,https://cmsassets.rgpub.io/sanity/images/dsfx7636/game_data_live/68189fb5a6b3193e8925969ac0c545bc78b210c9-744x1039.png
unl-077,Unleashed,UNL,077,Soul Shepherd,Unit,Uncommon,Mind,5,0,3,Shadow Isles,,False,,,Your token units have +1 might.,https://cmsassets.rgpub.io/sanity/images/dsfx7636/game_data_live/cb2a157e715ef103e688e094c21f772003775e45-744x1039.png
unl-078,Unleashed,UNL,078,Sprite Fountain,Gear,Uncommon,Mind,2,1,,,Temporary|Deathknell,False,,,"[Temporary] (Kill this at the start of its controller's Beginning Phase, before scoring.) When you play this, play a ready 3 might Sprite unit token with [Temporary] to your base. [Deathknell][>] Repeat this gear's play effect. (When this dies, get the effect.)",https://cmsassets.rgpub.io/sanity/images/dsfx7636/game_data_live/fcb3ea3e8f829b8dc845fbf49080552d635bb47b-744x1039.png
unl-079,Unleashed,UNL,079,"Diana, Lunari",Unit,Rare,Mind,3,0,3,Diana|Mount Targon,Predict,False,,Champion,"When a showdown begins here, you may pay 1 energy. If you do, [Predict], then reveal the top card of your Main Deck. If it's a spell, draw it. (To Predict, look at the top card of your Main Deck. You may recycle it.)",https://cmsassets.rgpub.io/sanity/images/dsfx7636/game_data_live/3e284397713abb21d2c8d9b85202ab65d21689e9-744x1039.png
unl-080,Unleashed,UNL,080,"Hwei, Brooding Painter",Unit,Rare,Mind,5,1,5,Ionia|Hwei,,False,,Champion,"When I move, draw 1, then discard 1. Then, do the following based on the discarded card's type:Spell — Draw 1.Gear — Ready up to 2 runes.Unit — Give me +3 might this turn.",https://cmsassets.rgpub.io/sanity/images/dsfx7636/game_data_live/ddbb13ba5617cc443b9a3a51485b1697da570121-744x1039.png
unl-081,Unleashed,UNL,081,Keeper of Masks,Unit,Rare,Mind,2,0,1,Ionia,Hidden|Temporary,False,,,"[Hidden] (Hide now for 1 rune of any type to react with later for 0 energy.) [Temporary] (Kill me at the start of my controller's Beginning Phase, before scoring.) When you play me, play two Reflection unit tokens here. They become copies of me.",https://cmsassets.rgpub.io/sanity/images/dsfx7636/game_data_live/67606d98bd3d8816e686dacacb91a56627d4b5f5-744x1039.png
unl-082,Unleashed,UNL,082,"Lillia, Fae Fawn",Unit,Rare,Mind,3,0,3,Fae|Lillia|Ionia,Accelerate|Temporary,False,,Champion,"[Accelerate] (You may pay 1 energy and 1 mind rune as an additional cost to have me enter ready.) When I move from a location, play a 3 might Sprite unit token with [Temporary] there. (Kill it at the start of its controller's Beginning Phase, before scoring.)",https://cmsassets.rgpub.io/sanity/images/dsfx7636/game_data_live/65d0af5361b335a7e65c7aa03a099fc0de3431e6-744x1039.png
unl-083,Unleashed,UNL,083,Smoke and Mirrors,Spell,Rare,Mind,2,0,,,Hidden|Action|Temporary,False,,,"[Hidden] (Hide now for 1 rune of any type to react with later for 0 energy.) [Action] (Play on your turn or in showdowns.) Choose a unit you control and another unit you control at a different location. If at least one of them has [Temporary], move each to the other's location. Draw 1.",https://cmsassets.rgpub.io/sanity/images/dsfx7636/game_data_live/38886634ee8646707d9c26020f977f14c934a4c0-744x1039.png
unl-084,Unleashed,UNL,084,Sprite Queen,Unit,Rare,Mind,7,1,6,Fae|Ionia,Temporary,False,,,"When you play me or at the start of your Beginning Phase, play a ready 3 might Sprite unit token with [Temporary] to your base. (Kill them at the start of their controller's next Beginning Phase, before scoring.)",https://cmsassets.rgpub.io/sanity/images/dsfx7636/game_data_live/64b7debe0dd3d7b644f627eba562187bc45dd313-744x1039.png
unl-085,Unleashed,UNL,085,Sumpworks Map,Gear,Rare,Mind,2,0,,,Reaction|Temporary,False,,,"[Reaction] (Play any time, even before spells and abilities resolve.) [Temporary] (Kill this at the start of its controller's Beginning Phase, before scoring.) When an opponent scores, draw 1.",https://cmsassets.rgpub.io/sanity/images/dsfx7636/game_data_live/87c3d5007aa3c3e2c4ff3d5bf78a92a2bee58db3-744x1039.png
unl-086,Unleashed,UNL,086,"Zilean, Time Mage",Unit,Rare,Mind,5,1,5,Icathia|Zilean,,False,,Champion,"Once each turn, if you would play a token unit while I'm at a battlefield, you may play that token and an additional copy of it instead.",https://cmsassets.rgpub.io/sanity/images/dsfx7636/game_data_live/2a3165b43bd9878c0eb519bc25d370064aacac35-744x1039.png
unl-087,Unleashed,UNL,087,Blue Sentinel,Unit,Epic,Mind,4,1,4,Mount Targon,Shield|Add,False,,,"[Shield 2] (+2 might while I'm a defender.) Your hold effects for holding here trigger an additional time. When I hold, [Add] 1 rune of any type at the start of your next Main Phase. (Abilities that add resources can't be reacted to.)",https://cmsassets.rgpub.io/sanity/images/dsfx7636/game_data_live/bec7e8f108fac2d9c94db01c85cf143133d13325-744x1039.png
unl-088,Unleashed,UNL,088,Gutter Palace,Gear,Epic,Mind,4,0,,,Deflect,False,,,"At the start of your Beginning Phase, if you have exactly 4 cards in hand and exactly 4 units at battlefields, you win the game. Discard 1, exhaust: Play a 1 might Bird unit token with [Deflect]. (Opponents must pay 1 rune of any type to choose it with a spell or ability.)",https://cmsassets.rgpub.io/sanity/images/dsfx7636/game_data_live/f1addf7bb3925871cbcf4615f5a449dc61f762da-744x1039.png
unl-089,Unleashed,UNL,089,"Jhin, Meticulous Killer",Unit,Epic,Mind,4,0,4,Jhin|Ionia,Vision,False,,Champion,"[Vision] (When you play me, look at the top card of your Main Deck. You may recycle it.) If you've spent 4 energy or more to play a spell this turn, you may play me for 1 mind rune.",https://cmsassets.rgpub.io/sanity/images/dsfx7636/game_data_live/88fb6023ee9bd90fef3f36995ca27615dcd669f7-744x1039.png
unl-090,Unleashed,UNL,090,"LeBlanc, Everywhere At Once",Unit,Epic,Mind,4,0,4,Noxus|LeBlanc,Backline|Temporary,False,,Champion,[Backline] (I must be assigned combat damage last.) Your [Temporary] effects at my battlefield don't trigger.,https://cmsassets.rgpub.io/sanity/images/dsfx7636/game_data_live/a0389576206b1e750a0852c6ff46efd2646d47da-744x1039.png
unl-091,Unleashed,UNL,091,Concentrate,Spell,Common,Body,5,0,,,Level,False,,,"Draw 2. [Level 6][>] This costs 2 energy less. (While you have 6+ XP, get the effect.) [Level 11][>] This costs 4 energy less instead.",https://cmsassets.rgpub.io/sanity/images/dsfx7636/game_data_live/5e032420b6dcbdd96dca122b4d7875868feb82ed-744x1039.png
unl-092,Unleashed,UNL,092,Demacian Diplomat,Unit,Common,Body,2,0,2,Demacia,,False,,,"When you play me, gain 1 XP.",https://cmsassets.rgpub.io/sanity/images/dsfx7636/game_data_live/dabc873f161248d3c959932ee54b5cf550c471b9-744x1039.png
unl-093,Unleashed,UNL,093,Dragonsoul Sage,Unit,Common,Body,2,0,1,Ionia,Reaction|Add,False,,,[Reaction][>] exhaust: [Add] 1 energy. (Abilities that add resources can't be reacted to.),https://cmsassets.rgpub.io/sanity/images/dsfx7636/game_data_live/2065a3b0fef9779fed8a3d42202606a31acf59ff-744x1039.png
unl-094,Unleashed,UNL,094,Gemhand Hunter,Unit,Common,Body,2,0,2,Yordle|Mount Targon,Hunt|Level,False,,,"[Hunt] (When I conquer or hold, gain 1 XP.) [Level 6][>] I have +1 might. (While you have 6+ XP, get the effect.)ambush",https://cmsassets.rgpub.io/sanity/images/dsfx7636/game_data_live/d824d666dc5f50c3c513c3f9722f6eafe21c6289-744x1039.png
unl-095,Unleashed,UNL,095,Grim Resolve,Spell,Common,Body,2,0,,,Action,False,,,"[Action] (Play on your turn or in showdowns.) Give a friendly unit +3 might this turn. When it wins a combat this turn, gain 2 XP.",https://cmsassets.rgpub.io/sanity/images/dsfx7636/game_data_live/4705a4ef2589f2a82021f1b70dcdb7e289a88fdf-744x1039.png
unl-096,Unleashed,UNL,096,Hunter's Machete,Gear,Common,Body,3,0,,Equipment,Equip,False,,,[Equip] 1 body rune (1 body rune: Attach this to a unit you control.),https://cmsassets.rgpub.io/sanity/images/dsfx7636/game_data_live/374fd9220c204810c2b1abd48217b4d233362753-744x1039.png
unl-097,Unleashed,UNL,097,Kinkou Initiate,Unit,Common,Body,3,0,3,Ionia,,False,,,"When you play me, draw 1 if your other units have total Might 5 or more.",https://cmsassets.rgpub.io/sanity/images/dsfx7636/game_data_live/358c56479ff4a02df622827092265fe4e8373fc2-744x1039.png
unl-098,Unleashed,UNL,098,Targonian Visionary,Unit,Common,Body,6,0,6,Mount Targon,Level,False,,,"[Level 11][>] I have +4 might. (While you have 11+ XP, get the effect.)",https://cmsassets.rgpub.io/sanity/images/dsfx7636/game_data_live/fe645cecdd1f251218f5bf33225cde6c1e12b67e-744x1039.png
unl-099,Unleashed,UNL,099,Towering Combatant,Unit,Common,Body,4,0,3,Shurima,Shield|Tank,False,,,[Shield 2] (+2 might while I'm a defender.) [Tank] (I must be assigned combat damage first.),https://cmsassets.rgpub.io/sanity/images/dsfx7636/game_data_live/2a2eefa9b85684489e97870145eb2f94b20b60ed-744x1039.png
unl-100,Unleashed,UNL,100,Voracious Gromp,Unit,Common,Body,5,0,5,Freljord,Hunt,False,,,"[Hunt 3] (When I conquer or hold, gain 3 XP.)",https://cmsassets.rgpub.io/sanity/images/dsfx7636/game_data_live/3c006b8c9aa4581ad90c258cc6cfac9098d3c296-744x1039.png
unl-101,Unleashed,UNL,101,Call to Battle,Spell,Uncommon,Body,3,0,,,,False,,,"Move a unit you control to a battlefield you control. Then, choose an opponent. They move a unit they control to the same battlefield.",https://cmsassets.rgpub.io/sanity/images/dsfx7636/game_data_live/3c7e0f93c72654f786f5df37895c6e95fa9d4d60-744x1039.png
unl-102,Unleashed,UNL,102,Crowd Favorite,Unit,Uncommon,Body,3,0,3,Noxus,Hunt|Buff,False,,,"[Hunt] (When I conquer or hold, gain 1 XP.) Spend 2 XP: [Buff] me. (Give me a +1 might buff if I don't have one.)",https://cmsassets.rgpub.io/sanity/images/dsfx7636/game_data_live/0031569ff123a8317e1be753f0bd895501bf838b-744x1039.png
unl-103,Unleashed,UNL,103,Disposal Order,Spell,Uncommon,Body,2,0,,,Reaction,False,,,"[Reaction] (Play any time, even before spells and abilities resolve.) Choose one —Choose up to 3 cards from opponents' trashes. Their owners recycle them.Draw 1.",https://cmsassets.rgpub.io/sanity/images/dsfx7636/game_data_live/de7b7c683f16a297418bc9a326178c520f17ef2b-744x1039.png
unl-104,Unleashed,UNL,104,Gentle Gemdragon,Unit,Uncommon,Body,8,0,8,Dragon|Mount Targon,,False,,,"When you play me or another Dragon, ready up to 2 runes.",https://cmsassets.rgpub.io/sanity/images/dsfx7636/game_data_live/65fcaff267b7f27cbda09ad23f2449188195d28e-744x1039.png
unl-105,Unleashed,UNL,105,Imposing Challenger,Unit,Uncommon,Body,5,0,5,Ionia,,False,,,"When I move, you may move an enemy unit here with less Might than me to a different battlefield.",https://cmsassets.rgpub.io/sanity/images/dsfx7636/game_data_live/01596f6039ef5618fae686e1c7df291e1c570fc3-744x1039.png
unl-106,Unleashed,UNL,106,Repulse,Spell,Uncommon,Body,1,1,,,Reaction,False,,,"[Reaction] (Play any time, even before spells and abilities resolve.) Choose a friendly unit at a battlefield. Counter an enemy spell or ability that chooses it and no other friendly unit.",https://cmsassets.rgpub.io/sanity/images/dsfx7636/game_data_live/ca56ad44ec24db67e10a4ee18f5c7f3756c83d94-744x1039.png
unl-107,Unleashed,UNL,107,Stare Down,Spell,Uncommon,Body,2,0,,,,False,,,Choose a friendly unit and a battlefield. Move all enemy units at that battlefield with less Might than the chosen unit to their base. Gain 1 XP.,https://cmsassets.rgpub.io/sanity/images/dsfx7636/game_data_live/58d0353a966bb0ca292855a0a55de5769e28d155-744x1039.png
unl-108,Unleashed,UNL,108,Wily Newtfish,Unit,Uncommon,Body,4,0,4,Bilgewater,Ganking,False,,,"If you've gained XP this turn, I have +1 might and [Ganking]. (I can move from battlefield to battlefield.)",https://cmsassets.rgpub.io/sanity/images/dsfx7636/game_data_live/4a0b0ebe9f47dadeb3b5f0520ec566a528df9c94-744x1039.png
unl-109,Unleashed,UNL,109,Blood Rose,Gear,Rare,Body,1,0,,,,False,,,"When you play a unit, you may pay 1 energy to gain 1 XP. Spend 3 XP, exhaust: Ready a unit.",https://cmsassets.rgpub.io/sanity/images/dsfx7636/game_data_live/64067ebdbe3140e9a458da7ecf7253a5fae9a31b-744x1039.png
unl-110,Unleashed,UNL,110,Clash of Giants,Spell,Rare,Body,6,2,,,,False,,,Choose two units. They deal damage equal to their Mights to each other.,https://cmsassets.rgpub.io/sanity/images/dsfx7636/game_data_live/afe7cbde874003db673925275a13614d5f35266b-744x1039.png
unl-111,Unleashed,UNL,111,Determined Sentry,Unit,Rare,Body,1,0,1,Yordle|Bandle City,,False,,,I can't move to base.,https://cmsassets.rgpub.io/sanity/images/dsfx7636/game_data_live/b491c050b8505c52000c5ad7bb5a0b7855fa4ad1-744x1039.png
unl-112,Unleashed,UNL,112,Irresistible Faefolk,Unit,Rare,Body,2,0,1,Fae|Ionia,,False,,,"When I move to a battlefield, you may move an enemy unit to that battlefield.",https://cmsassets.rgpub.io/sanity/images/dsfx7636/game_data_live/6834e4b00a22dd6d7476d36884b43cf59b60c611-744x1039.png
unl-113,Unleashed,UNL,113,"Master Yi, Tempered",Unit,Rare,Body,4,0,4,Master Yi|Ionia,Hunt|Level|Deflect|Ganking,False,,Champion,"[Hunt 2] (When I conquer or hold, gain 2 XP.) [Level 6][>] I have [Deflect] and [Ganking]. (While you have 6+ XP, opponents must pay 1 rune of any type to choose me with a spell or ability and I can move from battlefield to battlefield.)",https://cmsassets.rgpub.io/sanity/images/dsfx7636/game_data_live/a21feb3555825392fdb98f868840db3827ad0389-744x1039.png
unl-114,Unleashed,UNL,114,"Nidalee, Cat Form",Unit,Rare,Body,3,1,4,Cat|Ixtal|Nidalee,Ambush|Reaction,False,,Champion,"[Ambush] (You may play me as a [Reaction] to a battlefield where you have units.) When I win a combat, draw 1. (I win if I remain after combat.)",https://cmsassets.rgpub.io/sanity/images/dsfx7636/game_data_live/0e51e39dfe4f922b2c8c9bff785d170350e9b803-744x1039.png
unl-115,Unleashed,UNL,115,"Nilah, Joyful Ascetic",Unit,Rare,Body,3,1,4,Nilah|Kathkan|Demon,Accelerate|Ganking,False,,Champion,"[Accelerate] (You may pay 1 energy and 1 body rune as an additional cost to have me enter ready.) [Ganking] (I can move from battlefield to battlefield.) When I move, gain 1 XP.",https://cmsassets.rgpub.io/sanity/images/dsfx7636/game_data_live/6138c519310f917461e09d90fe3f2a9480914947-744x1039.png
unl-116,Unleashed,UNL,116,"Poppy, Paragon",Unit,Rare,Body,5,0,5,Yordle|Demacia|Poppy,Deflect,False,,Champion,"[Deflect] (Opponents must pay 1 rune of any type to choose me with a spell or ability.) When you play me, if an opponent's score is within 3 points of the Victory Score, ready me and gain 3 XP.",https://cmsassets.rgpub.io/sanity/images/dsfx7636/game_data_live/ef8a8434e1a4c4262dd97213741a4b126cb1449b-744x1039.png
unl-117,Unleashed,UNL,117,Arachnoid Horror,Unit,Epic,Body,6,1,6,Shadow Isles|Spider,Hunt,False,,,"[Hunt 2] (When I conquer or hold, gain 2 XP.) I can be played to an occupied battlefield if an enemy unit is alone there. Friendly units can be played to an occupied battlefield if an enemy unit is alone there.",https://cmsassets.rgpub.io/sanity/images/dsfx7636/game_data_live/ae2ec829a6714ac75e8b203631af08c0c1e1565f-744x1039.png
unl-118,Unleashed,UNL,118,Elder Dragon,Unit,Epic,Body,12,4,10,Dragon|Demacia,,False,,,"Any amount of your damage is enough to kill enemy units. When you play me, choose up to one enemy unit at each location. Deal 1 to them.",https://cmsassets.rgpub.io/sanity/images/dsfx7636/game_data_live/fcf578e447d4e2785c8b25f3c39928b98e7b44ca-744x1039.png
unl-119,Unleashed,UNL,119,"Kha'Zix, Evolving Hunter",Unit,Epic,Body,5,1,5,Kha'Zix|The Void,Hunt,False,,Champion,"[Hunt] (When I conquer or hold, gain 1 XP.) When I attack, you may spend 3 XP to deal damage equal to my Might to an enemy unit here.",https://cmsassets.rgpub.io/sanity/images/dsfx7636/game_data_live/ac07031af5b35881d781b7a7d7b78c59a0fb2cd4-744x1039.png
unl-120,Unleashed,UNL,120,"Rengar, Trophy Hunter",Unit,Epic,Body,5,1,6,Cat|Rengar|Ixtal,Ambush|Reaction,False,,Champion,[Ambush] (You may play me as a [Reaction] to a battlefield where you have units.) I can be played to a battlefield where there are enemy units (even if you don't have units there).,https://cmsassets.rgpub.io/sanity/images/dsfx7636/game_data_live/8e159fd8aa9bb349e32bda6a10b0178cc28ca8dd-744x1039.png
unl-121,Unleashed,UNL,121,Bewitching Spirit,Unit,Common,Chaos,3,0,2,Spirit|Shadow Isles,,False,,,"When you play me, choose a player. They discard 1.",https://cmsassets.rgpub.io/sanity/images/dsfx7636/game_data_live/a771917dea98b137c3f4a13e4967dccf9ee445e5-744x1039.png
unl-122,Unleashed,UNL,122,Crescent Guardian,Unit,Common,Chaos,4,0,4,Mount Targon,,False,,,"If you've played a spell this turn, you may pay 1 chaos rune as an additional cost to play me. If you do, I enter ready.",https://cmsassets.rgpub.io/sanity/images/dsfx7636/game_data_live/0ff22e9a517d029fd17cfbbbc93ca2f90c2c676c-744x1039.png
unl-123,Unleashed,UNL,123,Evershade Stalker,Unit,Common,Chaos,3,0,3,Shadow Isles,,False,,,"When you play me, discard 1, then draw 1.",https://cmsassets.rgpub.io/sanity/images/dsfx7636/game_data_live/d8fb687ecdb22d7497ac55a1be0db0ba33596b43-744x1039.png
unl-124,Unleashed,UNL,124,Isolate,Spell,Common,Chaos,2,0,,,,False,,,"Move an enemy unit from a battlefield to its base. Then, if there's an enemy unit alone at that battlefield, draw 1.",https://cmsassets.rgpub.io/sanity/images/dsfx7636/game_data_live/bde23f07e4869fa96b14fcab329e782894b1e1e3-744x1039.png
unl-125,Unleashed,UNL,125,Lunar Boon,Spell,Common,Chaos,3,0,,,Reaction,False,,,"[Reaction] (Play any time, even before spells and abilities resolve.) Discard 1, then draw 2.",https://cmsassets.rgpub.io/sanity/images/dsfx7636/game_data_live/7dc31cec93a355ba52b8cf2ca0b232a0edd57586-744x1039.png
unl-126,Unleashed,UNL,126,Megatusk,Unit,Common,Chaos,6,0,6,Bilgewater,Ganking,False,,,Spend 3 XP: Give your units here [Ganking] this turn. (We can move from battlefield to battlefield.),https://cmsassets.rgpub.io/sanity/images/dsfx7636/game_data_live/d073247bc2437443d8a9901f089632a15d11e7a0-744x1039.png
unl-127,Unleashed,UNL,127,Mister Root,Unit,Common,Chaos,2,0,1,Fae|Ionia,Accelerate,False,,,"[Accelerate] (You may pay 1 energy and 1 chaos rune as an additional cost to have me enter ready.) When I move to a battlefield, gain 2 XP.",https://cmsassets.rgpub.io/sanity/images/dsfx7636/game_data_live/c9bb7a8f5a1426a4af9843f2473ee6cc37dd24bd-744x1039.png
unl-128,Unleashed,UNL,128,Star-Crossed,Spell,Common,Chaos,3,1,,,Reaction,False,,,"[Reaction] (Play any time, even before spells and abilities resolve.) Return a friendly unit and an enemy unit to their owners' hands.",https://cmsassets.rgpub.io/sanity/images/dsfx7636/game_data_live/0bfa45e6e86dfc256de0163f96273b761e9592fb-744x1039.png
unl-129,Unleashed,UNL,129,Vicious Snapjaws,Unit,Common,Chaos,5,0,5,Bilgewater,,False,,,"When another friendly unit dies, gain 1 XP.",https://cmsassets.rgpub.io/sanity/images/dsfx7636/game_data_live/99845de971eb165c7a6bb424050cd9a29b45b548-744x1039.png
unl-130,Unleashed,UNL,130,Walking Roost,Unit,Common,Chaos,5,0,6,Shadow Isles,Deflect,False,,,"[Deflect] (Opponents must pay 1 rune of any type to choose me with a spell or ability.) When you play me, choose an opponent. They play a 1 might Bird unit token with [Deflect].",https://cmsassets.rgpub.io/sanity/images/dsfx7636/game_data_live/d9b344b4b29b2baab0a1dc2e16a6e946192edaf5-744x1039.png
unl-131,Unleashed,UNL,131,Abandon,Spell,Uncommon,Chaos,2,0,,,Reaction|Predict,False,,,"[Reaction] (Play any time, even before spells and abilities resolve.) Counter a spell. Return it to its owner's hand instead of putting it in their trash. [Predict]. (Look at the top card of your Main Deck. You may recycle it.)",https://cmsassets.rgpub.io/sanity/images/dsfx7636/game_data_live/89929cfa4417c99576477793529c6808af145919-744x1039.png
unl-132,Unleashed,UNL,132,Angler Beast,Unit,Uncommon,Chaos,5,1,5,Bilgewater,,False,,,"When you play me, return all units with 2 might or less to their owners' hands.",https://cmsassets.rgpub.io/sanity/images/dsfx7636/game_data_live/68872e2119146768f8fa113376876fa64699297d-744x1039.png
unl-133,Unleashed,UNL,133,Blast Cone,Gear,Uncommon,Chaos,4,1,,,Stun,False,,,"When you play this, you may move an enemy unit. When you move an enemy unit, you may exhaust this to [Stun] it. (It doesn't deal combat damage this turn.)",https://cmsassets.rgpub.io/sanity/images/dsfx7636/game_data_live/093799f1ad34084f05011f3b326d4d32d96849e5-744x1039.png
unl-134,Unleashed,UNL,134,Existential Dread,Spell,Uncommon,Chaos,1,1,,,Action|Repeat|Stun,False,,,"[Action] (Play on your turn or in showdowns.) [Repeat] 2 energy (You may pay the additional cost to repeat this spell's effect.) [Stun] an attacking enemy unit. If it's already stunned, return it to its owner's hand instead. (A stunned unit doesn't deal combat damage this turn.)",https://cmsassets.rgpub.io/sanity/images/dsfx7636/game_data_live/0a197ec3bf96e10307859e2a152c1742288b2b09-744x1039.png
unl-135,Unleashed,UNL,135,Insightful Investigator,Unit,Uncommon,Chaos,3,0,3,Piltover,,False,,,"When you play me, choose an opponent. They reveal their hand. You may pay 2 XP to choose a card from their hand. If you do, they discard that card and draw 1.",https://cmsassets.rgpub.io/sanity/images/dsfx7636/game_data_live/3540a748211afd35b9ef4873dae0850c238fa964-744x1039.png
unl-136,Unleashed,UNL,136,Scryer's Bloom,Gear,Uncommon,Chaos,1,0,,,Predict,False,,,"This enters exhausted. Kill this, 1 energy, exhaust: [Predict 2], then draw 1. Gain 1 XP. (To Predict 2, look at the top two cards of your Main Deck. Recycle any of them and put the rest back in any order.)",https://cmsassets.rgpub.io/sanity/images/dsfx7636/game_data_live/b10a544d24d3ae3e177d4791743bb2cfb742abcc-744x1039.png
unl-137,Unleashed,UNL,137,Sinister Poro,Unit,Uncommon,Chaos,2,1,1,Poro|Shadow Isles,,False,,,"When I attack, you may pay 1 energy to move an enemy unit here to its base.",https://cmsassets.rgpub.io/sanity/images/dsfx7636/game_data_live/7f2a623a83556bafebfbe7cb280bdedcfe116531-744x1039.png
unl-138,Unleashed,UNL,138,The List,Gear,Uncommon,Chaos,1,0,,,,False,,,"As you play this, name a tag. (For example, Miss Fortune, Demacia, and Poro are tags.) exhaust: Give a unit with the named tag -2 might this turn.",https://cmsassets.rgpub.io/sanity/images/dsfx7636/game_data_live/f35b49faeb444071445662c9af13710c00a4569c-744x1039.png
unl-139,Unleashed,UNL,139,Bone Skewer,Spell,Rare,Chaos,2,1,,,Hidden|Stun,False,,,"[Hidden] (Hide now for 1 rune of any type to react with later for 0 energy.) Choose a battlefield. An opponent reveals their hand. You may choose a unit from it. They play that unit to that battlefield, ignoring any and all costs. When they do, [Stun] it. (It doesn't deal combat damage this turn.)",https://cmsassets.rgpub.io/sanity/images/dsfx7636/game_data_live/e06e3e3033640bc8a5bc98acd4e3a0925c6e2c9a-744x1039.png
unl-140,Unleashed,UNL,140,Conscription,Spell,Rare,Chaos,5,2,,,,False,,,"You may spend 5 XP as an additional cost to play this. Choose an enemy unit at a battlefield with 3 might or less. If you paid the additional cost, choose any enemy unit at a battlefield instead. Take control of it, exhaust it, and recall it.",https://cmsassets.rgpub.io/sanity/images/dsfx7636/game_data_live/1c05bff48666586a2b3552b5638deaf20d9006f7-744x1039.png
unl-141,Unleashed,UNL,141,"Evelynn, Entrancing",Unit,Rare,Chaos,2,0,2,Evelynn|Demon,Hidden|Backline,False,,Champion,"[Hidden] (Hide now for 1 rune of any type to react with later for 0 energy.) [Backline] (I must be assigned combat damage last.) When you play me from face down on your turn, you may move an enemy unit at a different location to my battlefield.",https://cmsassets.rgpub.io/sanity/images/dsfx7636/game_data_live/1cea41a2b9c3de59a1c95ceacc59950be1d01907-744x1039.png
unl-142,Unleashed,UNL,142,Heedless Resurrection,Spell,Rare,Chaos,2,1,,,Reaction,False,,,"[Reaction] (Play any time, even before spells and abilities resolve.) As an additional cost to play this, kill a friendly unit. Play a unit from your trash that costs no more Energy and no more Power than the killed unit, ignoring its cost.",https://cmsassets.rgpub.io/sanity/images/dsfx7636/game_data_live/92419d138824a7d46155b59f0e5903196d68d9f7-744x1039.png
unl-143,Unleashed,UNL,143,"Kha'Zix, Mutating Horror",Unit,Rare,Chaos,4,1,4,Kha'Zix|The Void,Ambush|Reaction,False,,Champion,"[Ambush] (You may play me as a [Reaction] to a battlefield where you have units.) When I attack or defend, if an enemy unit is alone here, give me +2 might this turn and gain 2 XP.",https://cmsassets.rgpub.io/sanity/images/dsfx7636/game_data_live/8306abc5ffce45add8c75c2e215162b2d1aed320-744x1039.png
unl-144,Unleashed,UNL,144,Maduli the Gatekeeper,Unit,Rare,Chaos,7,1,6,Bandle City,,False,,,I can't be readied. 1 chaos rune: Move me to an occupied enemy battlefield if my Might is greater than the total Might of enemy units there.,https://cmsassets.rgpub.io/sanity/images/dsfx7636/game_data_live/20f1b46435845de99987e37125e0ef7bd61c00bb-744x1039.png
unl-145,Unleashed,UNL,145,"Pyke, Returned",Unit,Rare,Chaos,3,0,3,Pyke|Bilgewater,Hidden|Backline|Reaction|Add,False,,Champion,"[Hidden] (Hide now for 1 rune of any type to react with later for 0 energy.) [Backline] (I must be assigned combat damage last.) Once each turn, when an enemy unit dies while I'm at a battlefield, play a Gold gear token exhausted. (It has ""[Reaction][>] Kill this, exhaust: [Add] 1 rune of any type."")",https://cmsassets.rgpub.io/sanity/images/dsfx7636/game_data_live/2eaa5396b1cac9b245bde5a56b87314f8ae76a38-744x1039.png
unl-146,Unleashed,UNL,146,"Syndra, Transcendent",Unit,Rare,Chaos,6,1,6,Ionia|Syndra,Repeat,False,,Champion,"While I'm in a showdown, your spells have [Repeat] 2 energy and 1 chaos rune. (You may pay the additional cost to repeat the spell's effect.)",https://cmsassets.rgpub.io/sanity/images/dsfx7636/game_data_live/a3695d011175801aaf6ec5a6557b65b8d6341e81-744x1039.png
unl-147,Unleashed,UNL,147,Baron Nashor,Unit,Epic,Chaos,10,3,12,The Void,,False,,,"As you play me, add the Baron Pit battlefield token to the board if it's not there already. If you do, I enter there. (It has ""Units can move here from anywhere."") I can't be chosen by enemy spells and abilities. Other friendly units have +2 might.",https://cmsassets.rgpub.io/sanity/images/dsfx7636/game_data_live/59946969e8d21869c3ffe801a3ffbdd8165a873f-744x1039.png
unl-148,Unleashed,UNL,148,Cursed Sarcophagus,Gear,Epic,Chaos,4,1,,,,False,,,"When you play this, banish all units from your trash. exhaust: Play a unit banished with this. (You must pay its costs.)",https://cmsassets.rgpub.io/sanity/images/dsfx7636/game_data_live/ae3823d4109d9bbae8c7983ec1c1082ba5b4f190-744x1039.png
unl-149,Unleashed,UNL,149,"Diana, No Longer Human",Unit,Epic,Chaos,4,1,3,Diana|Mount Targon,Ambush|Reaction,False,,Champion,"[Ambush] (You may play me as a [Reaction] to a battlefield where you have units.) When you play a spell, give me +2 might this turn.",https://cmsassets.rgpub.io/sanity/images/dsfx7636/game_data_live/37b015a64b6bc15e856c2d78e275b10e64db1de4-744x1039.png
unl-150,Unleashed,UNL,150,"Vex, Apathetic",Unit,Epic,Chaos,4,0,4,Yordle|Vex|Shadow Isles,Deflect|Stun,False,,Champion,"[Deflect] (Opponents must pay 1 rune of any type to choose me with a spell or ability.) When an opponent plays a unit while I'm at a battlefield, [Stun] it. They can't move it this turn. (It doesn't deal combat damage this turn.)",https://cmsassets.rgpub.io/sanity/images/dsfx7636/game_data_live/7f13b0216c5d805400bb64cf26cd119acfc6c5ca-744x1039.png
unl-151,Unleashed,UNL,151,Bandle Soldier,Unit,Common,Order,4,1,5,Yordle|Bandle City,Level,False,,,"[Level 3][>] I enter ready. (While you have 3+ XP, get the effect.)",https://cmsassets.rgpub.io/sanity/images/dsfx7636/game_data_live/e43b54f22e0a038ee1f94ba2e99f80dd89999d8e-744x1039.png
unl-152,Unleashed,UNL,152,Black Rose Dignitary,Unit,Common,Order,3,0,2,Noxus,Assault|Deathknell,False,,,"[Assault] (+1 might while I'm an attacker.) [Deathknell][>] Channel 1 rune exhausted. (When I die, get the effect.)",https://cmsassets.rgpub.io/sanity/images/dsfx7636/game_data_live/b63912e07914c3ef7e2bcdb95d5521fc26c880f2-744x1039.png
unl-153,Unleashed,UNL,153,Carrion Dredger,Unit,Common,Order,2,0,1,Mech|Zaun,Deathknell|Deflect,False,,,"[Deathknell][>] Play a 1 might Bird unit token with [Deflect] to your base. (When I die, get the effect. Opponents must pay 1 rune of any type to choose a [Deflect] unit with a spell or ability.)",https://cmsassets.rgpub.io/sanity/images/dsfx7636/game_data_live/84d8b6d7a9cab2b78a465a8e0caf597f3ef5a175-744x1039.png
unl-154,Unleashed,UNL,154,Crimson Pigeons,Unit,Common,Order,3,0,3,Bird|Noxus,,False,,,I have +2 might while I'm attacking with another unit.,https://cmsassets.rgpub.io/sanity/images/dsfx7636/game_data_live/68786cd39a886a586b401d6bf818a80bf9f9e2cd-744x1039.png
unl-155,Unleashed,UNL,155,Heroic Charge,Spell,Common,Order,3,0,,,Action|Stun,False,,,[Action] (Play on your turn or in showdowns.) Give a friendly unit +1 might this turn and [Stun] an enemy unit at its location. (A stunned unit doesn't deal combat damage this turn.),https://cmsassets.rgpub.io/sanity/images/dsfx7636/game_data_live/944b89db8a7f7961a28e66ec4fb7d30bb863f324-744x1039.png
unl-156,Unleashed,UNL,156,Loyal Poro,Unit,Common,Order,3,0,3,Poro|Freljord,Deathknell,False,,,"[Deathknell][>] If I didn't die alone, draw 1. (When I die, get the effect. I wasn't alone if there were other friendly units here.)",https://cmsassets.rgpub.io/sanity/images/dsfx7636/game_data_live/860e1afc7364a002c6305ece7b6941e2e328d0a4-744x1039.png
unl-157,Unleashed,UNL,157,Scrutinizing Sergeant,Unit,Common,Order,6,0,6,Elite|Demacia,,False,,,"When you play me, gain 1 XP for each friendly unit.",https://cmsassets.rgpub.io/sanity/images/dsfx7636/game_data_live/18a034ba1f4eaf7204312ca68ffb413012f6cf6b-744x1039.png
unl-158,Unleashed,UNL,158,Shepherd's Heirloom,Gear,Common,Order,2,0,,Equipment,Equip,False,,,"When you play this, gain 1 XP. [Equip] — Spend 1 XP (Pay the cost: Attach this to a unit you control.)",https://cmsassets.rgpub.io/sanity/images/dsfx7636/game_data_live/fadd95487f164f60c9ad08a457f11170c6afa420-744x1039.png
unl-159,Unleashed,UNL,159,Soul Harvest,Spell,Common,Order,2,1,,,,False,,,Kill a unit at a battlefield with 3 might or less.,https://cmsassets.rgpub.io/sanity/images/dsfx7636/game_data_live/baee7644d00219dfa4160d59e6f6e78e55f5e619-744x1039.png
unl-160,Unleashed,UNL,160,Ultrasoft Poro,Unit,Common,Order,5,0,5,Poro|Freljord,Deflect,False,,,exhaust: Play two 1 energy might Bird unit tokens with [Deflect]. Use this ability only while I'm at a battlefield. (Opponents must pay 1 rune of any type to choose a [Deflect] unit with a spell or ability.),https://cmsassets.rgpub.io/sanity/images/dsfx7636/game_data_live/36900508e2ce61196450a4bf7e27722ae36521d9-744x1039.png
unl-161,Unleashed,UNL,161,Divining Shells,Gear,Uncommon,Order,2,0,,,Vision|Action,False,,,"[Vision] (When you play this, look at the top card of your Main Deck. You may recycle it.) [Action][>] Kill this, exhaust: Give a unit +2 might this turn.",https://cmsassets.rgpub.io/sanity/images/dsfx7636/game_data_live/f2b626602f5db047b96cf9112474d42bf5b483e7-744x1039.png
unl-162,Unleashed,UNL,162,Enthralling Protector,Unit,Uncommon,Order,2,0,2,Fae|Ionia,Hunt|Buff,False,,,"[Hunt] (When I conquer or hold, gain 1 XP.) Spend 2 XP: [Buff] me. (Give me a +1 might buff if I don't have one.)",https://cmsassets.rgpub.io/sanity/images/dsfx7636/game_data_live/3fdfe3bc7c7f81b99aa715bf54b52930ad41dcfa-744x1039.png
unl-163,Unleashed,UNL,163,Mageseeker Investigator,Unit,Uncommon,Order,4,0,4,Demacia,,False,,,Opponents must pay 1 rune of any type for each unit beyond the first to move multiple units to my battlefield at the same time.,https://cmsassets.rgpub.io/sanity/images/dsfx7636/game_data_live/004c77c98bc5a6f679191a0d289b26ac13e84728-744x1039.png
unl-164,Unleashed,UNL,164,Safety Inspector,Unit,Uncommon,Order,5,1,3,Yordle|Bandle City,,False,,,"You may spend 3 XP as an additional cost to play me. When you play me, each player must kill one of their units. If you paid my additional cost, you don't kill a unit this way.",https://cmsassets.rgpub.io/sanity/images/dsfx7636/game_data_live/499e65eb2d35e2bd774ea7fe2a70672234f71e90-744x1039.png
unl-165,Unleashed,UNL,165,Shadow's Call,Spell,Uncommon,Order,2,0,,,Temporary,False,,,"Choose a friendly unit without [Temporary]. Give it [Temporary]. Draw 2. (Kill it at the start of its controller's Beginning Phase, before scoring.)",https://cmsassets.rgpub.io/sanity/images/dsfx7636/game_data_live/5a9a81d353131fc275313e737d55ca6e2661dce6-744x1039.png
unl-166,Unleashed,UNL,166,Stalking Wolf,Unit,Uncommon,Order,4,1,6,Dog|Freljord,Ambush|Reaction,False,,,"[Ambush] (You may play me as a [Reaction] to a battlefield where you have units.) As an additional cost to play me, kill a Bird, Cat, Dog, or Poro you control. You may play me to its battlefield (even if you don't have other units there).",https://cmsassets.rgpub.io/sanity/images/dsfx7636/game_data_live/5f5f66caad21d59bf966ddc501bb4f9c84a595c6-744x1039.png
unl-167,Unleashed,UNL,167,Starhound,Unit,Uncommon,Order,5,1,6,Dog|Mount Targon,,False,,,"When you play me, return a Bird, Cat, Dog, or Poro from your trash to your hand.",https://cmsassets.rgpub.io/sanity/images/dsfx7636/game_data_live/085edeb9e6bbb0fb71ab902393eb48ea33a8addc-744x1039.png
unl-168,Unleashed,UNL,168,Undying Loyalty,Spell,Uncommon,Order,2,1,,,,False,,,"This costs 2 energy less if you choose a Bird, Cat, Dog, or Poro. Play a unit with cost no more than 2 energy and no more than 1 rune of any type from your trash, ignoring its cost.",https://cmsassets.rgpub.io/sanity/images/dsfx7636/game_data_live/703b85f8284ed13865012289d03602e2cd24f4b2-744x1039.png
unl-169,Unleashed,UNL,169,"Ashe, Focused",Unit,Rare,Order,5,1,4,Freljord|Ashe,,False,,Champion,"When you play me, choose an opponent. They reveal their hand. Choose a card revealed this way and banish it. When they hold, return it to their hand (even if I'm no longer on the board).",https://cmsassets.rgpub.io/sanity/images/dsfx7636/game_data_live/ebc033772f2005b7f39ba87ba9ea35f43df0da7a-744x1039.png
unl-170,Unleashed,UNL,170,Atakhan,Unit,Rare,Order,10,3,7,Noxus|Demon,Ganking,False,,,"You may kill a friendly unit as an additional cost to play me. If you do, I cost 1 energy less for each Energy it costs and 1 order rune less for each Power it costs. [Ganking] (I can move from battlefield to battlefield.) When I attack, the defender must kill one of their units here.",https://cmsassets.rgpub.io/sanity/images/dsfx7636/game_data_live/a0b3994aad6b6c64ace14193c1363713e6b6ede2-744x1039.png
unl-171,Unleashed,UNL,171,"Galio, Indefatigable",Unit,Rare,Order,3,1,6,Demacia|Galio,Deflect|Tank,False,,Champion,[Deflect] (Opponents must pay 1 rune of any type to choose me with a spell or ability.) [Tank] (I must be assigned combat damage first.) I don't deal combat damage.,https://cmsassets.rgpub.io/sanity/images/dsfx7636/game_data_live/fc3f1248dc4a02ce90ce172c3b3d5ec35e5f14c3-744x1039.png
unl-172,Unleashed,UNL,172,"LeBlanc, Fragmented",Unit,Rare,Order,3,1,3,Noxus|LeBlanc,Assault|Deathknell,False,,Champion,"[Assault] (+1 might while I'm an attacker.) [Deathknell][>] Draw 1. If it's your Beginning Phase, draw 2 instead. (When I die, get the effect.)",https://cmsassets.rgpub.io/sanity/images/dsfx7636/game_data_live/ee9f8d7a65e57c1d907edd4e5df2a3ea6966bff9-744x1039.png
unl-173,Unleashed,UNL,173,Sacrifice,Spell,Rare,Order,1,0,,,Reaction|Mighty,False,,,"[Reaction] (Play any time, even before spells and abilities resolve.) As an additional cost to play this, kill a friendly [Mighty] unit. (A unit is Mighty while it has 5+ might.) Draw 2 and channel 1 rune exhausted.",https://cmsassets.rgpub.io/sanity/images/dsfx7636/game_data_live/139153ae4b4f786442018c09765c67e35515df24-744x1039.png
unl-174,Unleashed,UNL,174,Shard of Undoing,Gear,Rare,Order,6,0,,,,False,,,"The first time a friendly unit dies during your Beginning Phase each turn, each opponent must kill one of their units.",https://cmsassets.rgpub.io/sanity/images/dsfx7636/game_data_live/d167f4e37714f0f8983fce16a9c657bc7ce39642-744x1039.png
unl-175,Unleashed,UNL,175,Tactical Retreat,Spell,Rare,Order,2,0,,,Reaction,False,,,"[Reaction] (Play any time, even before spells and abilities resolve.) Choose a friendly unit. The next time it would die this turn, heal it, exhaust it, and recall it instead. (Send it to base. This isn't a move.)",https://cmsassets.rgpub.io/sanity/images/dsfx7636/game_data_live/cd5abf6c27f5faac247f6044306db3d710fb9d61-744x1039.png
unl-176,Unleashed,UNL,176,"Vi, Peacekeeper",Unit,Rare,Order,5,1,5,Vi|Piltover,Ambush|Reaction|Stun,False,,Champion,"[Ambush] (You may play me as a [Reaction] to a battlefield where you have units.) When I attack, [Stun] an enemy unit here. (It doesn't deal combat damage this turn.)",https://cmsassets.rgpub.io/sanity/images/dsfx7636/game_data_live/51610bbdecd77b15f58b9a968611e536ebdf445e-744x1039.png
unl-177,Unleashed,UNL,177,"Ivern, Friend to All",Unit,Epic,Order,6,0,6,Ivern|Ionia,,False,,Champion,"As you play me, choose Bird, Cat, Dog, or Poro. I gain that tag. When I conquer or hold, score 1 point if your units have all of the following tags among them — Bird, Cat, Dog, and Poro.",https://cmsassets.rgpub.io/sanity/images/dsfx7636/game_data_live/e450956e0561ddca36558d095b71d3b60dff8b03-744x1039.png
unl-178,Unleashed,UNL,178,"Poppy, Defender of the Meek",Unit,Epic,Order,6,1,5,Yordle|Demacia|Poppy,Ambush|Reaction|Tank,False,,Champion,"You may spend 3 XP as an additional cost to play me. If you do, I cost 3 energy less. [Ambush] (You may play me as a [Reaction] to a battlefield where you have units.) [Tank] (I must be assigned combat damage first.)",https://cmsassets.rgpub.io/sanity/images/dsfx7636/game_data_live/1a75c5322b2179e772af83b1fd16fed864c5bf24-744x1039.png
unl-179,Unleashed,UNL,179,Rift Herald,Unit,Epic,Order,8,1,7,The Void,Deathknell,False,,,"When I move to a battlefield, look at the top 3 cards of your Main Deck. You may reveal a unit from among them and draw it. Recycle the rest. [Deathknell][>] Play a unit from your hand to your base, ignoring its Energy cost. (When I die, get the effect. You must still pay its Power cost.)",https://cmsassets.rgpub.io/sanity/images/dsfx7636/game_data_live/4da94f3af92222bebe7be49197ef8d840772d73d-744x1039.png
unl-180,Unleashed,UNL,180,The Ruination,Spell,Epic,Order,9,3,,,,False,,,Kill all units.,https://cmsassets.rgpub.io/sanity/images/dsfx7636/game_data_live/f1fea5bfad864f8d58b1b55b04de951285f6ad4e-744x1039.png
unl-181,Unleashed,UNL,181,"Jhin, Virtuoso",Legend,Rare,Fury|Mind,,,,Jhin,,False,,,"When you play a spell, if you spent 4 energy or more, you may banish it. Then, if there are four spells banished with me, put each in its trash, channel 4 runes, and draw 1.",https://cmsassets.rgpub.io/sanity/images/dsfx7636/game_data_live/d1e6947cf43a19488a2c31f71a4887aa0423a966-744x1039.png
unl-182,Unleashed,UNL,182,Curtain Call,Spell,Epic,Fury|Mind,4,0,,Jhin,Repeat,False,,Signature,[Repeat] — 1 energy / 1 rune of any type / 1 energy and 1 rune of any type (You may pay each additional cost to repeat this spell's effect.) Choose one you haven't already chosen —Draw 1.Deal 2 to a unit at a battlefield.Deal 3 to a unit at a base.Give a unit at a battlefield -4 might this turn.,https://cmsassets.rgpub.io/sanity/images/dsfx7636/game_data_live/01496068d9a8d5567672d802bd008297bd1fe8cc-744x1039.png
unl-183,Unleashed,UNL,183,"Rengar, Pridestalker",Legend,Rare,Fury|Body,,,,Rengar,,False,,,"When you play a unit, give a unit +1 might this turn.",https://cmsassets.rgpub.io/sanity/images/dsfx7636/game_data_live/b3d3085f62aee993b9f5b80d4659a88439da83be-744x1039.png
unl-184,Unleashed,UNL,184,Thrill of the Hunt,Spell,Epic,Fury|Body,2,1,,Rengar,Reaction,False,,Signature,"[Reaction] (Play any time, even before spells and abilities resolve.) Banish a friendly unit, then its owner plays it to any battlefield, ignoring its cost.",https://cmsassets.rgpub.io/sanity/images/dsfx7636/game_data_live/2753c2b3ea4fd55e5225a4451a29736b5c3434a8-744x1039.png
unl-185,Unleashed,UNL,185,"Pyke, Bloodharbor Ripper",Legend,Rare,Fury|Chaos,,,,Pyke,Reaction|Add,False,,,"1 energy, exhaust: Return a friendly unit at a battlefield to its owner's hand. Play a Gold gear token exhausted. (It has ""[Reaction][>] Kill this, exhaust: [Add] 1 rune of any type."")",https://cmsassets.rgpub.io/sanity/images/dsfx7636/game_data_live/8ca1bfde8d898a11a6abc73bbab8fc7092b0dcb4-744x1039.png
unl-186,Unleashed,UNL,186,Death from Below,Spell,Epic,Fury|Chaos,4,1,,Pyke,,False,,Signature,"Kill a unit at a battlefield. Then, if it had 3 might or less, you may play this from your trash for 1 rune of any type.",https://cmsassets.rgpub.io/sanity/images/dsfx7636/game_data_live/17d93a11a252287e3b0f4bbe32722ecc9469ec66-744x1039.png
unl-187,Unleashed,UNL,187,"Vi, Piltover Enforcer",Legend,Rare,Fury|Order,,,,Vi,,False,,,"When you conquer, if you assigned 3 or more excess damage, you may exhaust me to ready a unit.",https://cmsassets.rgpub.io/sanity/images/dsfx7636/game_data_live/b52fca3d644599008c4b1a67ffd359a9f9c4d8d7-744x1039.png
unl-188,Unleashed,UNL,188,Hextech Gauntlets,Gear,Epic,Fury|Order,3,0,,Vi|Equipment,Equip,False,,Signature,[Equip] 3 energy and 1 rune of any type. This ability's Energy cost is reduced by the Might of the unit you choose. (Pay the cost: Attach this to a unit you control.),https://cmsassets.rgpub.io/sanity/images/dsfx7636/game_data_live/22755fc744a79fbdcce0ceadfe20d6d0a2b8624a-744x1039.png
unl-189,Unleashed,UNL,189,"Lillia, Bashful Bloom",Legend,Rare,Calm|Mind,,,,Lillia,Temporary,False,,,"4 energy, exhaust: Play a ready 3 might Sprite unit token with [Temporary]. This ability costs 1 energy less for each friendly unit with [Temporary].",https://cmsassets.rgpub.io/sanity/images/dsfx7636/game_data_live/7e1554365120c5042947aef8bcac48a07445e9f3-744x1039.png
unl-190,Unleashed,UNL,190,Lilting Lullaby,Spell,Epic,Calm|Mind,2,2,,Lillia,Reaction,False,,Signature,"[Reaction] (Play any time, even before spells and abilities resolve.) Counter a spell. Its controller can't play spells this turn.",https://cmsassets.rgpub.io/sanity/images/dsfx7636/game_data_live/272b71b493575e38ff8888ec187cd33e54c0eacc-744x1039.png
unl-191,Unleashed,UNL,191,"Master Yi, Wuju Master",Legend,Rare,Calm|Body,,,,Master Yi,Level,False,,,"[Level 6][>] Your units have +1 might. (While you have 6+ XP, get the effect.) [Level 11][>] Your units enter ready.",https://cmsassets.rgpub.io/sanity/images/dsfx7636/game_data_live/ed9af55066593b4ee738b9529b847f2f738078e0-744x1039.png
unl-192,Unleashed,UNL,192,Alpha Strike,Spell,Epic,Calm|Body,3,1,,Master Yi,Action,False,,Signature,"[Action] (Play on your turn or in showdowns.) Choose a friendly unit. It deals damage equal to its Might split among enemy units at battlefields. Then for each unit this kills, do this: Gain 1 XP.",https://cmsassets.rgpub.io/sanity/images/dsfx7636/game_data_live/154940caa774fd8219625cf051ddcb230ffc7f02-744x1039.png
unl-193,Unleashed,UNL,193,"Vex, Gloomist",Legend,Rare,Calm|Chaos,,,,Vex,,False,,,"When you or an ally hold, you may exhaust me to draw 1.",https://cmsassets.rgpub.io/sanity/images/dsfx7636/game_data_live/653e9b8fc4989bba59aa7ade4e0c33ffd5596e5a-744x1039.png
unl-194,Unleashed,UNL,194,Shadow,Unit,Epic,Calm|Chaos,3,0,3,Vex|Shadow Isles,Action|Stun,False,,Signature,"If you play me to a battlefield, I enter ready. [Action][>] 1 energy and 1 rune of any type, exhaust: [Stun] an enemy unit attacking here. (It doesn't deal combat damage this turn.)",https://cmsassets.rgpub.io/sanity/images/dsfx7636/game_data_live/690ee4937b3926810d8ed814afd14d4d9e98b13e-744x1039.png
unl-195,Unleashed,UNL,195,"Ivern, Green Father",Legend,Rare,Calm|Order,,,,Ivern,,False,,,"When you conquer or hold, you may exhaust me to replace that battlefield with a Brush battlefield token. (Bird, Cat, Dog, Poro, and Ivern units have +1 might in Brush. It can be swapped back when scored.)",https://cmsassets.rgpub.io/sanity/images/dsfx7636/game_data_live/a2ca02d26c1e95db03690729bd31113bda7e4140-744x1039.png
unl-196,Unleashed,UNL,196,Daisy!,Unit,Epic,Calm|Order,9,2,8,Ivern|Ionia,Stun,False,,Signature,"I enter ready. Reduce my cost by 1 energy for each of the following tags among your units — Bird, Cat, Dog, and Poro. When I attack while your units have all 4 tags, [Stun] an enemy unit here. (It doesn't deal combat damage this turn.)",https://cmsassets.rgpub.io/sanity/images/dsfx7636/game_data_live/ada85b2a6076b60933831454d02a21da3654362c-744x1039.png
unl-197,Unleashed,UNL,197,"Diana, Scorn of the Moon",Legend,Rare,Mind|Chaos,,,,Diana,Reaction|Add,False,,,[Reaction][>] exhaust: [Add] 1 energy. Spend this Energy only during showdowns. (Abilities that add resources can't be reacted to.),https://cmsassets.rgpub.io/sanity/images/dsfx7636/game_data_live/b00d922d62daca19190e13149fe3cf725c900330-744x1039.png
unl-198,Unleashed,UNL,198,Moonfall,Spell,Epic,Mind|Chaos,3,1,,Diana,Action,False,,Signature,[Action] (Play on your turn or in showdowns.) Choose a battlefield where you have units. You may move up to one enemy unit to that battlefield. Then give enemy units there -2 might this turn.,https://cmsassets.rgpub.io/sanity/images/dsfx7636/game_data_live/2eda8d4bbee47857b1916599b5c7d5fa7ca400dc-744x1039.png
unl-199,Unleashed,UNL,199,"LeBlanc, Deceiver",Legend,Rare,Mind|Order,,,,LeBlanc,Temporary,False,,,"When you conquer or hold, you may discard 1 and exhaust me to play a ready Reflection unit token there. It becomes a copy of another unit there. Give it [Temporary].",https://cmsassets.rgpub.io/sanity/images/dsfx7636/game_data_live/c17d29602d61d6702372fec4db44c6fb2a29e8a2-744x1039.png
unl-200,Unleashed,UNL,200,Mirror Image,Spell,Epic,Mind|Order,3,2,,LeBlanc,Temporary,False,,Signature,"Choose a unit. Play a ready Reflection unit token to your base. It becomes a copy of that unit. Give it [Temporary]. (Kill it at the start of its controller's Beginning Phase, before scoring.)",https://cmsassets.rgpub.io/sanity/images/dsfx7636/game_data_live/a7ef8a09c0297cd796c4e2dee15922745ede7417-744x1039.png
unl-201,Unleashed,UNL,201,"Kha'Zix, Voidreaver",Legend,Rare,Body|Chaos,,,,Kha'Zix,Buff,False,,,"When you win a combat, gain 1 XP. Spend 1 XP, exhaust: [Buff] a unit. Spend 2 XP, exhaust: Move an exhausted friendly unit from a battlefield to its base.",https://cmsassets.rgpub.io/sanity/images/dsfx7636/game_data_live/a5db0b3340a189de1cf9d8174b11eb583f19ea28-744x1039.png
unl-202,Unleashed,UNL,202,Void Assault,Spell,Epic,Body|Chaos,2,1,,Kha'Zix,,False,,Signature,"Move a friendly unit, then move an enemy unit. (If they both move to a battlefield you don't control, you're the attacker.)",https://cmsassets.rgpub.io/sanity/images/dsfx7636/game_data_live/0b79108a9492fb34866cc63815b57bfab8a5aeae-744x1039.png
unl-203,Unleashed,UNL,203,"Poppy, Keeper of the Hammer",Legend,Rare,Body|Order,,,,Poppy,,False,,,"When you hold, gain 1 XP. Spend 3 XP, exhaust: Draw 1.",https://cmsassets.rgpub.io/sanity/images/dsfx7636/game_data_live/ee1393b9bace7bfea4e87405b793bb5462305ed0-744x1039.png
unl-204,Unleashed,UNL,204,Keeper's Verdict,Spell,Epic,Body|Order,2,2,,Poppy,Action,False,,Signature,[Action] (Play on your turn or in showdowns.) Choose an enemy unit at a battlefield. Its owner places it on the top or bottom of their Main Deck.,https://cmsassets.rgpub.io/sanity/images/dsfx7636/game_data_live/90dcafd8ca6cedd534416232ebd29c451f12107c-744x1039.png
unl-205,Unleashed,UNL,205,Abandoned Hall,Battlefield,Uncommon,Colorless,,,,,,False,,,"When a player plays a spell, they may give a unit they control here +1 might this turn.",https://cmsassets.rgpub.io/sanity/images/dsfx7636/game_data_live/7447b04d1e78192509e89e5ff3556368ea5c471a-1039x744.png
unl-206,Unleashed,UNL,206,Altar of Blood,Battlefield,Uncommon,Colorless,,,,,,False,,,"If a unit here would die during combat, its controller may pay 3 runes of any type to heal it, exhaust it, and recall it instead.",https://cmsassets.rgpub.io/sanity/images/dsfx7636/game_data_live/a17e5bb639866671772dc514a6096a5863712f71-1039x744.png
unl-207,Unleashed,UNL,207,Amateur Recital,Battlefield,Uncommon,Colorless,,,,,,False,,,"When you hold here, you may move a unit at a battlefield to its base.",https://cmsassets.rgpub.io/sanity/images/dsfx7636/game_data_live/9372a1574aa077e8b02cc6f00a1add060ae3b520-1039x744.png
unl-208,Unleashed,UNL,208,Black Flame Altar,Battlefield,Uncommon,Colorless,,,,,Temporary|Shield,False,,,Units here with [Temporary] have [Shield]. (+1 might while they're defenders.),https://cmsassets.rgpub.io/sanity/images/dsfx7636/game_data_live/8cd4edde3e59c8edc8cdcea626fc443c5ed6e1f2-1039x744.png
unl-209,Unleashed,UNL,209,Dusk Rose Lab,Battlefield,Uncommon,Colorless,,,,,,False,,,"At the start of your Beginning Phase, you may kill a unit you control here to draw 1. (This happens before scoring.)",https://cmsassets.rgpub.io/sanity/images/dsfx7636/game_data_live/fa81c474ff29b9d2c42dd4e64a5789bf793e5221-1039x744.png
unl-210,Unleashed,UNL,210,Forbidding Waste,Battlefield,Uncommon,Colorless,,,,,,False,,,"While a unit here is defending alone, it has -2 might. (It's alone if there are no other friendly units here.)",https://cmsassets.rgpub.io/sanity/images/dsfx7636/game_data_live/83dbc88d462da85be9398c790e88ff13da8637d4-1039x744.png
unl-211,Unleashed,UNL,211,Forgotten Library,Battlefield,Uncommon,Colorless,,,,,Predict,False,,,"While you control this battlefield, when you play a spell, if you spent 4 energy or more, [Predict]. (Look at the top card of your Main Deck. You may recycle it.)",https://cmsassets.rgpub.io/sanity/images/dsfx7636/game_data_live/a7905fb94abe453f05a4108cf5424fd1ca50f6de-1039x744.png
unl-212,Unleashed,UNL,212,Frozen Fortress,Battlefield,Uncommon,Colorless,,,,,,False,,,"At the start of each player's Beginning Phase, deal 1 to each unit here. (This happens before scoring.)",https://cmsassets.rgpub.io/sanity/images/dsfx7636/game_data_live/b5e33fdb4ddc8c73e03bca648862fc080aa8bbcf-1039x744.png
unl-213,Unleashed,UNL,213,Gardens of Becoming,Battlefield,Uncommon,Colorless,,,,,,False,,,"Units here have ""exhaust: Gain 1 XP.""",https://cmsassets.rgpub.io/sanity/images/dsfx7636/game_data_live/0497a44ab302ea055b6f1f0d00a36c8023ed2344-1039x744.png
unl-214,Unleashed,UNL,214,Ripper's Bay,Battlefield,Uncommon,Colorless,,,,,,False,,,"When a unit here is returned to a player's hand, that player may pay 1 energy to channel 1 rune exhausted.",https://cmsassets.rgpub.io/sanity/images/dsfx7636/game_data_live/f6d0540edbabcdb7d5a6859ce2f820f744cb498c-1039x744.png
unl-215,Unleashed,UNL,215,Star Spring,Battlefield,Uncommon,Colorless,,,,,,False,,,"The first time a player plays a non-token unit here each turn, they may move another unit they control here to its base.",https://cmsassets.rgpub.io/sanity/images/dsfx7636/game_data_live/0c4fe88ffb5c1b02b58b2c6b4f02de441ac451d6-1039x744.png
unl-216,Unleashed,UNL,216,The Academy,Battlefield,Uncommon,Colorless,,,,,Repeat,False,,,"When you hold here, give your next spell this turn [Repeat] equal to its base cost. (You may pay the additional cost to repeat the spell's effect.)",https://cmsassets.rgpub.io/sanity/images/dsfx7636/game_data_live/82646c995f3d0b897ce97f7b68c35f5fd9384b8e-1039x744.png
unl-217,Unleashed,UNL,217,Trapping Grounds,Battlefield,Uncommon,Colorless,,,,,Deflect,False,,,"When you conquer here, if you assigned 3 or more excess damage, play a 1 might Bird unit token with [Deflect].",https://cmsassets.rgpub.io/sanity/images/dsfx7636/game_data_live/234bb01e24892aefa024ae402f6ee7703ccdbbd4-1039x744.png
unl-218,Unleashed,UNL,218,Valley of Idols,Battlefield,Uncommon,Colorless,,,,,Buff,False,,,"When a player plays a unit here, they may pay 1 energy to [Buff] it. (Give it a +1 might buff if it doesn't have one.)",https://cmsassets.rgpub.io/sanity/images/dsfx7636/game_data_live/4191aa2fda9e754a7f5421edc94bd829f5795650-1039x744.png
unl-219,Unleashed,UNL,219,Vaults of Helia,Battlefield,Uncommon,Colorless,,,,,,False,,,"When you hold here, your non-token units cost 1 energy more to play this turn.",https://cmsassets.rgpub.io/sanity/images/dsfx7636/game_data_live/9fc7b9a8294665881eece0dacaf3fc70e39f19e4-1039x744.png
unl-220,Unleashed,UNL,220,Pouty Poro,Unit,Common,Fury,2,0,2,Poro,Deflect,True,,,[Deflect],https://cmsassets.rgpub.io/sanity/images/dsfx7636/game_data_live/0c91b90d91c4f988aa9942dd9e06a634a66c6975-744x1039.png
unl-221,Unleashed,UNL,221,Lonely Poro,Unit,Common,Calm,2,0,2,Poro|Freljord,Deathknell,True,,,"[Deathknell][>] If I died alone, draw 1.",https://cmsassets.rgpub.io/sanity/images/dsfx7636/game_data_live/82b7043ef6519a4c7e2eb7d45cb6ae91dfd749ca-744x1039.png
unl-222,Unleashed,UNL,222,Plundering Poro,Unit,Common,Mind,2,0,2,Poro|Pirate|Bilgewater,,True,,,"When I conquer, play a Gold gear token exhausted.",https://cmsassets.rgpub.io/sanity/images/dsfx7636/game_data_live/c6c996fcead364682a031f32948a084101d83493-744x1039.png
unl-223,Unleashed,UNL,223,Veteran Poro,Unit,Common,Body,2,0,2,Poro|Freljord,Weaponmaster,True,,,[Weaponmaster],https://cmsassets.rgpub.io/sanity/images/dsfx7636/game_data_live/337f38fae6a4d801fc14abcda2a7d09c3e7e6ae3-744x1039.png
unl-224,Unleashed,UNL,224,Mystic Poro,Unit,Common,Chaos,2,0,2,Poro,Vision,True,,,[Vision],https://cmsassets.rgpub.io/sanity/images/dsfx7636/game_data_live/2fdb5e1ff9aae4137910fa59065b69ef17144752-744x1039.png
unl-225,Unleashed,UNL,225,Daring Poro,Unit,Common,Order,2,0,2,Poro,Assault,True,,,[Assault],https://cmsassets.rgpub.io/sanity/images/dsfx7636/game_data_live/9b097e8f9866788e0de2bfada48627c752d3e4b9-744x1039.png
unl-226,Unleashed,UNL,226,"Jhin, Virtuoso",Legend,Rare,Fury|Mind,,,,Jhin,,True,,,"When you play a spell, if you spent 4 energy or more, you may banish it. Then, if there are four spells banished with me, put each in its trash, channel 4 runes, and draw 1.",https://cmsassets.rgpub.io/sanity/images/dsfx7636/game_data_live/47f10693258104e9373396165e335014bf5783a2-744x1039.png
unl-227,Unleashed,UNL,227,"Rengar, Pridestalker",Legend,Rare,Fury|Body,,,,Rengar,,True,,,"When you play a unit, give a unit +1 might this turn.",https://cmsassets.rgpub.io/sanity/images/dsfx7636/game_data_live/1f80a016015ebc77bd3d23ce471e364d70698279-744x1039.png
unl-228,Unleashed,UNL,228,"Pyke, Bloodharbor Ripper",Legend,Rare,Fury|Chaos,,,,Pyke,,True,,,"1 energy, exhaust: Return a friendly unit at a battlefield to its owner's hand. Play a Gold gear token exhausted.",https://cmsassets.rgpub.io/sanity/images/dsfx7636/game_data_live/b4095d98aff998fda5a08d4c32e97a2a66ccf1e6-744x1039.png
unl-229,Unleashed,UNL,229,"Vi, Piltover Enforcer",Legend,Rare,Fury|Order,,,,Vi,,True,,,"When you conquer, if you assigned 3 or more excess damage, you may exhaust me to ready a unit.",https://cmsassets.rgpub.io/sanity/images/dsfx7636/game_data_live/08c48ad82381bb5830a0b413d7a2f25dd2b20d76-744x1039.png
unl-022a,Unleashed,UNL,022a,"Jhin, Murderous Artist",Unit,Rare,Fury,4,1,4,Jhin|Ionia,Deflect|Ganking|Add,True,,Champion,"[Deflect] [Ganking] When I move, [Add] 1 energy and 1 rune of any type.",https://cmsassets.rgpub.io/sanity/images/dsfx7636/game_data_live/0e67164270e12b8d91905e977a314c7248a343e9-744x1039.png
unl-230,Unleashed,UNL,230,"Lillia, Bashful Bloom",Legend,Rare,Calm|Mind,,,,Lillia,Temporary,True,,,"4 energy, exhaust: Play a ready 3 might Sprite unit token with [Temporary]. This ability costs 1 energy less for each friendly unit with [Temporary].",https://cmsassets.rgpub.io/sanity/images/dsfx7636/game_data_live/5099aa2938091dfcc54277877e320a7f83aeeec1-744x1039.png
unl-231,Unleashed,UNL,231,"Master Yi, Wuju Master",Legend,Rare,Calm|Body,,,,Master Yi,Level,True,,,[Level 6][>] Your units have +1 might. [Level 11][>] Your units enter ready.,https://cmsassets.rgpub.io/sanity/images/dsfx7636/game_data_live/557e41d84ac36ffa2bf805deda159f45e0a815f9-744x1039.png
unl-232,Unleashed,UNL,232,"Vex, Gloomist",Legend,Rare,Calm|Chaos,,,,Vex,,True,,,"When you or an ally hold, you may exhaust me to draw 1.",https://cmsassets.rgpub.io/sanity/images/dsfx7636/game_data_live/d044ea46fa38cff80c39fdb0b890dd7226c22b89-744x1039.png
unl-233,Unleashed,UNL,233,"Ivern, Green Father",Legend,Rare,Calm|Order,,,,Ivern,,True,,,"When you conquer or hold, you may exhaust me to replace that battlefield with a Brush battlefield token.",https://cmsassets.rgpub.io/sanity/images/dsfx7636/game_data_live/d200178cde5075990f7ca1856675d02c4c2538be-744x1039.png
unl-234,Unleashed,UNL,234,"Diana, Scorn of the Moon",Legend,Rare,Mind|Chaos,,,,Diana,Reaction|Add,True,,,[Reaction][>] exhaust: [Add] 1 energy. Spend this Energy only during showdowns.,https://cmsassets.rgpub.io/sanity/images/dsfx7636/game_data_live/8bd4006c34aa020211e501e3cb7ee14ab5b4c41f-744x1039.png
unl-235,Unleashed,UNL,235,"LeBlanc, Deceiver",Legend,Rare,Mind|Order,,,,LeBlanc,Temporary,True,,,"When you conquer or hold, you may discard 1 and exhaust me to play a ready Reflection unit token there. It becomes a copy of another unit there. Give it [Temporary].",https://cmsassets.rgpub.io/sanity/images/dsfx7636/game_data_live/656450f89be4dc253438a4e0af7f7638ed5f90b2-744x1039.png
unl-236,Unleashed,UNL,236,"Kha'Zix, Voidreaver",Legend,Rare,Body|Chaos,,,,Kha'Zix,Buff,True,,,"When you win a combat, gain 1 XP. Spend 1 XP, exhaust: [Buff] a unit. Spend 2 XP, exhaust: Move an exhausted friendly unit from a battlefield to its base.",https://cmsassets.rgpub.io/sanity/images/dsfx7636/game_data_live/ffed0102adcae6fe01d173042487ea85ebe899bc-744x1039.png
unl-237,Unleashed,UNL,237,"Poppy, Keeper of the Hammer",Legend,Rare,Body|Order,,,,Poppy,,True,,,"When you hold, gain 1 XP. Spend 3 XP, exhaust: Draw 1.",https://cmsassets.rgpub.io/sanity/images/dsfx7636/game_data_live/41321ddb3b1c63492285d1c3d067ee42ade502e4-744x1039.png
unl-238,Unleashed,UNL,238,Baron Nashor,Unit,Epic,Chaos,10,3,12,The Void,,False,,,"As you play me, add the Baron Pit battlefield token to the board if it's not there already. If you do, I enter there. I can't be chosen by enemy spells and abilities. Other friendly units have +2 might.",https://cmsassets.rgpub.io/sanity/images/dsfx7636/game_data_live/7e8d207a8057b97f9059ea6025a16e59229dc54d-744x1039.png
unl-024a,Unleashed,UNL,024a,"Rengar, Unseen",Unit,Rare,Fury,4,1,4,Cat|Rengar|Ixtal,Accelerate|Assault|Deflect|Ganking,True,,Champion,[Accelerate] [Assault 2] [Deflect] [Ganking],https://cmsassets.rgpub.io/sanity/images/dsfx7636/game_data_live/cdab60d27d6d920f19ebed000b13dc25a439848c-744x1039.png
unl-028a,Unleashed,UNL,028a,"Pyke, Dockside Butcher",Unit,Epic,Fury,3,0,2,Pyke|Bilgewater,Hidden|Ganking,True,,Champion,"[Hidden] [Ganking] You may pay 1 fury rune as an additional cost to play me. When you play me, if you paid the additional cost, ready me and give me +2 might this turn.",https://cmsassets.rgpub.io/sanity/images/dsfx7636/game_data_live/583f1c15c1bdc47c9d4ebb41a210c182262c8ee9-744x1039.png
unl-029a,Unleashed,UNL,029a,Red Brambleback,Unit,Epic,Fury,4,1,4,,Accelerate|Buff,True,,,"[Accelerate] Your conquer effects for conquering here trigger an additional time. When I conquer, [Buff] a friendly unit.",https://cmsassets.rgpub.io/sanity/images/dsfx7636/game_data_live/69d4208b748074b68f775cdfa8f1d2ba20ece8ae-744x1039.png
unl-030a,Unleashed,UNL,030a,"Vi, Hotheaded",Unit,Epic,Fury,4,0,3,Vi|Zaun,Deflect,True,,Champion,[Deflect] 2 energy and 1 fury rune: Double my Might this turn.,https://cmsassets.rgpub.io/sanity/images/dsfx7636/game_data_live/646df8e81d42025a558112775fc1032c86cab2d0-744x1039.png
unl-051a,Unleashed,UNL,051a,"Ivern, Nurturer",Unit,Rare,Calm,5,1,4,Ivern|Ionia,Buff,True,,Champion,"When you play me or when I hold, look at the top 3 cards of your Main Deck. You may reveal a unit from among them and draw it. Recycle the rest. Then if you revealed a Bird, Cat, Dog, or Poro, do this: [Buff] a friendly unit.",https://cmsassets.rgpub.io/sanity/images/dsfx7636/game_data_live/4564b2f80dd53a8bcbca1633eb1ef69455692c58-744x1039.png
unl-055a,Unleashed,UNL,055a,"Vex, Mocking",Unit,Rare,Calm,5,1,5,Yordle|Vex|Shadow Isles,Shield|Tank|Stun,True,,Champion,"[Shield] [Tank] When you [Stun] an enemy unit at a battlefield, you may move me to that battlefield.",https://cmsassets.rgpub.io/sanity/images/dsfx7636/game_data_live/9594ce4be31689c364a43954a541c4391fe0d4f3-744x1039.png
unl-058a,Unleashed,UNL,058a,"Lillia, Protector of Dreams",Unit,Epic,Calm,5,0,4,Fae|Lillia|Ionia,Tank,True,,Champion,"When you play a token unit, give me +1 might this turn. Your token units have [Tank].",https://cmsassets.rgpub.io/sanity/images/dsfx7636/game_data_live/92cdae8b6bfef70d0a38761f1dc4aa771a37753a-744x1039.png
unl-059a,Unleashed,UNL,059a,"Master Yi, Unstoppable",Unit,Epic,Calm,12,3,12,Master Yi|Ionia,Level,True,,Champion,[Level 3][>] I cost 2 energy and 1 calm rune less. [Level 6][>] I cost 4 energy and 2 calm runes less instead. [Level 11][>] I cost 6 energy and 3 calm runes less instead. [Level 16][>] I can't be chosen by enemy spells and abilities.,https://cmsassets.rgpub.io/sanity/images/dsfx7636/game_data_live/cb53c3b70820fca73540223addbe5369b5267e15-744x1039.png
unl-060a,Unleashed,UNL,060a,Vilemaw,Unit,Epic,Calm,8,2,8,Shadow Isles|Spider,Ambush,True,,,"[Ambush] Enemy units here with less Might than me don't deal combat damage. When I hold, draw 1.",https://cmsassets.rgpub.io/sanity/images/dsfx7636/game_data_live/229efda03d93b27741b8f9e86e1151b5c2a5095f-744x1039.png
unl-079a,Unleashed,UNL,079a,"Diana, Lunari",Unit,Rare,Mind,3,0,3,Diana|Mount Targon,Predict,True,,Champion,"When a showdown begins here, you may pay 1 energy. If you do, [Predict], then reveal the top card of your Main Deck. If it's a spell, draw it.",https://cmsassets.rgpub.io/sanity/images/dsfx7636/game_data_live/f538c2659c02af20a173503784989e39a0c291f6-744x1039.png
unl-082a,Unleashed,UNL,082a,"Lillia, Fae Fawn",Unit,Rare,Mind,3,0,3,Fae|Lillia|Ionia,Accelerate|Temporary,True,,Champion,"[Accelerate] When I move from a location, play a 3 might Sprite unit token with [Temporary] there.",https://cmsassets.rgpub.io/sanity/images/dsfx7636/game_data_live/b06072002316a5b86f11750bbe21e9dfb94be08d-744x1039.png
unl-087a,Unleashed,UNL,087a,Blue Sentinel,Unit,Epic,Mind,4,1,4,,Shield|Add,True,,,"[Shield 2] Your hold effects for holding here trigger an additional time. When I hold, [Add] 1 rune of any type at the start of your next Main Phase.",https://cmsassets.rgpub.io/sanity/images/dsfx7636/game_data_live/d6c05e13dfb9ce38cc4d829d33acaf1560abe62a-744x1039.png
unl-089a,Unleashed,UNL,089a,"Jhin, Meticulous Killer",Unit,Epic,Mind,4,0,4,Jhin|Ionia,Vision,True,,Champion,"[Vision] If you've spent 4 energy or more to play a spell this turn, you may play me for 1 mind rune.",https://cmsassets.rgpub.io/sanity/images/dsfx7636/game_data_live/992e0a23ba7ad3fe88410f023bb1311195e1863a-744x1039.png
unl-090a,Unleashed,UNL,090a,"LeBlanc, Everywhere At Once",Unit,Epic,Mind,4,0,4,Noxus|LeBlanc,Backline|Temporary,True,,Champion,[Backline] Your [Temporary] effects at my battlefield don't trigger.,https://cmsassets.rgpub.io/sanity/images/dsfx7636/game_data_live/0850c122c2528fadab0fa95ae1fd329288208afe-744x1039.png
unl-r01,Unleashed,UNL,r01,Fury Rune,Rune,Common,Fury,,,,,,True,,Basic,,https://cmsassets.rgpub.io/sanity/images/dsfx7636/game_data_live/12bcd0cde5d9ff4640e82945001e9fef863530f1-744x1039.png
unl-r02,Unleashed,UNL,r02,Calm Rune,Rune,Common,Calm,,,,,,True,,Basic,,https://cmsassets.rgpub.io/sanity/images/dsfx7636/game_data_live/0a0e8c3d16c2595e2f8efcc2b1466226539b506c-744x1039.png
unl-r03,Unleashed,UNL,r03,Mind Rune,Rune,Common,Mind,,,,,,True,,Basic,,https://cmsassets.rgpub.io/sanity/images/dsfx7636/game_data_live/f99aa4874baaebd2e81798c8a3aa01c5900f6d30-744x1039.png
unl-r04,Unleashed,UNL,r04,Body Rune,Rune,Common,Body,,,,,,True,,Basic,,https://cmsassets.rgpub.io/sanity/images/dsfx7636/game_data_live/3b3c3c07626d6180457c849047e0228dc0d19539-744x1039.png
unl-r05,Unleashed,UNL,r05,Chaos Rune,Rune,Common,Chaos,,,,,,True,,Basic,,https://cmsassets.rgpub.io/sanity/images/dsfx7636/game_data_live/daf23b0deaa5e1a5a5d310b59e9ad25d1bd70363-744x1039.png
unl-r06,Unleashed,UNL,r06,Order Rune,Rune,Common,Order,,,,,,True,,Basic,,https://cmsassets.rgpub.io/sanity/images/dsfx7636/game_data_live/35ec6fdd2124324bb7052cba31c8c44f2e98f3ae-744x1039.png
unl-t01,Unleashed,UNL,t01,Baron Pit,Battlefield,Common,Colorless,,,,,,True,,,(You can't start the game with a token battlefield.) Units can move here from anywhere.,https://cmsassets.rgpub.io/sanity/images/dsfx7636/game_data_live/e44f173629322a4e0c32d3f8902c294d4482ef42-1039x744.png
unl-t02,Unleashed,UNL,t02,Bird,Unit,Common,Colorless,,0,1,Bird,Deflect,True,,,[Deflect] (Opponents must pay 1 rune of any type to choose me with a spell or ability.),https://cmsassets.rgpub.io/sanity/images/dsfx7636/game_data_live/949a2e43263a9fe0d957595325c7e2ebe06bf85f-744x1039.png
unl-t03,Unleashed,UNL,t03,Brush,Battlefield,Common,Colorless,,,,,,True,,,"Bird, Cat, Dog, Poro, and Ivern units here have +1 might. When you score here, you may replace this with the battlefield it replaced.",https://cmsassets.rgpub.io/sanity/images/dsfx7636/game_data_live/fad09d6bd9bf38e376f430ecb0b400762420d061-1039x744.png
unl-t04,Unleashed,UNL,t04,Buff,Unit,Common,Colorless,,0,,,,True,,,A unit may have no more than one buff at a time.,https://cmsassets.rgpub.io/sanity/images/dsfx7636/game_data_live/64b9df938587aa93a3d0769a349d9b0cc6942dc2-744x1039.png
unl-t05,Unleashed,UNL,t05,Gold,Gear,Common,Colorless,,0,,,Reaction|Add,True,,,"[Reaction][>] Kill this, exhaust: [Add] 1 rune of any type. (Abilities that add resources can't be reacted to.)",https://cmsassets.rgpub.io/sanity/images/dsfx7636/game_data_live/e566605fa989e12e91cd3d3e0b7985f7a8be8e74-744x1039.png
unl-t06,Unleashed,UNL,t06,Reflection,Unit,Common,Colorless,,0,0,,,True,,,(I become a copy of something when played. I don't get that card's play effects.),https://cmsassets.rgpub.io/sanity/images/dsfx7636/game_data_live/80327b196c59841a67a65327974a93223a3c541a-744x1039.png
unl-t07,Unleashed,UNL,t07,Sprite,Unit,Common,Colorless,,0,3,Fae,Temporary,True,,,"[Temporary] (Kill me at the start of your Beginning Phase, before scoring.)",https://cmsassets.rgpub.io/sanity/images/dsfx7636/game_data_live/1a90578f055e01515ebfb069dc3dbdba08d24da0-744x1039.png
unl-t08,Unleashed,UNL,t08,XP Tracker,Unit,Common,Colorless,,0,,,Level,True,,,Track gained XP here. Some cards get bonuses based on your [Level]. Some cards can spend XP for powerful effects.,https://cmsassets.rgpub.io/sanity/images/dsfx7636/game_data_live/715d5bb52fc8ce0886b28f1c15fe89457e504fc9-744x1039.png
unl-113a,Unleashed,UNL,113a,"Master Yi, Tempered",Unit,Rare,Body,4,0,4,Master Yi|Ionia,Hunt|Level|Deflect|Ganking,True,,Champion,[Hunt 2] [Level 6][>] I have [Deflect] and [Ganking].,https://cmsassets.rgpub.io/sanity/images/dsfx7636/game_data_live/1adb032501aac0070ea1bb0ca31c4efa11cd31a3-744x1039.png
unl-116a,Unleashed,UNL,116a,"Poppy, Paragon",Unit,Rare,Body,5,0,5,Yordle|Demacia|Poppy,Deflect,True,,Champion,"[Deflect] When you play me, if an opponent's score is within 3 points of the Victory Score, ready me and gain 3 XP.",https://cmsassets.rgpub.io/sanity/images/dsfx7636/game_data_live/c0efda4bdfea473f7b9f3fb4ba482990795283a4-744x1039.png
unl-118a,Unleashed,UNL,118a,Elder Dragon,Unit,Epic,Body,12,4,10,Dragon,,True,,,"Any amount of your damage is enough to kill enemy units. When you play me, choose up to one enemy unit at each location. Deal 1 to them.",https://cmsassets.rgpub.io/sanity/images/dsfx7636/game_data_live/42d3ce7a0917d57fd9e5809f4d8b66ef40f52d1a-744x1039.png
unl-119a,Unleashed,UNL,119a,"Kha'Zix, Evolving Hunter",Unit,Epic,Body,5,1,5,Kha'Zix|The Void,Hunt,True,,Champion,"[Hunt] When I attack, you may spend 3 XP to deal damage equal to my Might to an enemy unit here.",https://cmsassets.rgpub.io/sanity/images/dsfx7636/game_data_live/6998b6c309c93d549284638ff0a3e20c75691978-744x1039.png
unl-120a,Unleashed,UNL,120a,"Rengar, Trophy Hunter",Unit,Epic,Body,5,1,6,Cat|Rengar|Ixtal,Ambush,True,,Champion,[Ambush] I can be played to a battlefield where there are enemy units.,https://cmsassets.rgpub.io/sanity/images/dsfx7636/game_data_live/7e6d106e0170e7f45341c1755f829f286d782bb7-744x1039.png
unl-143a,Unleashed,UNL,143a,"Kha'Zix, Mutating Horror",Unit,Rare,Chaos,4,1,4,Kha'Zix|The Void,Ambush,True,,Champion,"[Ambush] When I attack or defend, if an enemy unit is alone here, give me +2 might this turn and gain 2 XP.",https://cmsassets.rgpub.io/sanity/images/dsfx7636/game_data_live/b1e7f8762aba8ecf571eb0c83bba8874703dc8be-744x1039.png
unl-145a,Unleashed,UNL,145a,"Pyke, Returned",Unit,Rare,Chaos,3,0,3,Pyke|Bilgewater,Hidden|Backline,True,,Champion,"[Hidden] [Backline] Once each turn, when an enemy unit dies while I'm at a battlefield, play a Gold gear token exhausted.",https://cmsassets.rgpub.io/sanity/images/dsfx7636/game_data_live/14a9712798a0b13bfa29ed841f171a21e7fdf035-744x1039.png
unl-147a,Unleashed,UNL,147a,Baron Nashor,Unit,Epic,Chaos,10,3,12,The Void,,True,,,"As you play me, add the Baron Pit battlefield token to the board if it's not there already. If you do, I enter there. I can't be chosen by enemy spells and abilities. Other friendly units have +2 might.",https://cmsassets.rgpub.io/sanity/images/dsfx7636/game_data_live/97d0f7aa81f67bf8f4a19099c648a23a2df169ae-744x1039.png
unl-149a,Unleashed,UNL,149a,"Diana, No Longer Human",Unit,Epic,Chaos,4,1,3,Diana|Mount Targon,Ambush,True,,Champion,"[Ambush] When you play a spell, give me +2 might this turn.",https://cmsassets.rgpub.io/sanity/images/dsfx7636/game_data_live/d9082f75895c8645e05c0a38edc1b1c83c508d84-744x1039.png
unl-150a,Unleashed,UNL,150a,"Vex, Apathetic",Unit,Epic,Chaos,4,0,4,Yordle|Vex|Shadow Isles,Deflect|Stun,True,,Champion,"[Deflect] When an opponent plays a unit while I'm at a battlefield, [Stun] it. They can't move it this turn.",https://cmsassets.rgpub.io/sanity/images/dsfx7636/game_data_live/9dd2a50fcfe6258ef934bdcf73b2fdb19d18ea94-744x1039.png
unl-172a,Unleashed,UNL,172a,"LeBlanc, Fragmented",Unit,Rare,Order,3,1,3,Noxus|LeBlanc,Assault|Deathknell,True,,Champion,"[Assault] [Deathknell][>] Draw 1. If it's your Beginning Phase, draw 2 instead.",https://cmsassets.rgpub.io/sanity/images/dsfx7636/game_data_live/d18932d3dddd203c6f68f30279f3886ec2e7130a-744x1039.png
unl-176a,Unleashed,UNL,176a,"Vi, Peacekeeper",Unit,Rare,Order,5,1,5,Vi|Piltover,Ambush|Stun,True,,Champion,"[Ambush] When I attack, [Stun] an enemy unit here.",https://cmsassets.rgpub.io/sanity/images/dsfx7636/game_data_live/6bde3fc4f76015d36d70e86c8fbcc3b6b7aa43dd-744x1039.png
unl-177a,Unleashed,UNL,177a,"Ivern, Friend to All",Unit,Epic,Order,6,0,6,Ivern|Ionia,,True,,Champion,"As you play me, choose Bird, Cat, Dog, or Poro. I gain that tag. When I conquer or hold, score 1 point if your units have all of the following tags among them — Bird, Cat, Dog, and Poro.",https://cmsassets.rgpub.io/sanity/images/dsfx7636/game_data_live/72462350a7842b6b81c022ac255ae0e82f3559fd-744x1039.png
unl-178a,Unleashed,UNL,178a,"Poppy, Defender of the Meek",Unit,Epic,Order,6,1,5,Yordle|Demacia|Poppy,Ambush|Tank,True,,Champion,"You may spend 3 XP as an additional cost to play me. If you do, I cost 3 energy less. [Ambush] [Tank]",https://cmsassets.rgpub.io/sanity/images/dsfx7636/game_data_live/e171fc13d69ea7bafb03982cf0f8233d2830c1d2-744x1039.png
unl-179a,Unleashed,UNL,179a,Rift Herald,Unit,Epic,Order,8,1,7,The Void,Deathknell,True,,,"When I move to a battlefield, look at the top 3 cards of your Main Deck. You may reveal a unit from among them and draw it. Recycle the rest. [Deathknell][>] Play a unit from your hand to your base, ignoring its Energy cost.",https://cmsassets.rgpub.io/sanity/images/dsfx7636/game_data_live/e8fe608bffa46642e454b0b34f7524c5daef299e-744x1039.png
unl-226*,Unleashed,UNL,226*,"Jhin, Virtuoso",Legend,Rare,Fury|Mind,,,,Jhin,,True,,,"When you play a spell, if you spent 4 energy or more, you may banish it. Then, if there are four spells banished with me, put each in its trash, channel 4 runes, and draw 1.",https://cmsassets.rgpub.io/sanity/images/dsfx7636/game_data_live/94fb0a4944da2427ce615dd2c311a2c9bc781fd2-744x1039.png
unl-227*,Unleashed,UNL,227*,"Rengar, Pridestalker",Legend,Rare,Fury|Body,,,,Rengar,,True,,,"When you play a unit, give a unit +1 might this turn.",https://cmsassets.rgpub.io/sanity/images/dsfx7636/game_data_live/9bfffdcab9899c4b0d94ab31d138edd7d2f8e4f1-744x1039.png
unl-228*,Unleashed,UNL,228*,"Pyke, Bloodharbor Ripper",Legend,Rare,Fury|Chaos,,,,Pyke,,True,,,"1 energy, exhaust: Return a friendly unit at a battlefield to its owner's hand. Play a Gold gear token exhausted.",https://cmsassets.rgpub.io/sanity/images/dsfx7636/game_data_live/75ff8f0b0a4ea110dd4af5b14c23da804481387a-744x1039.png
unl-229*,Unleashed,UNL,229*,"Vi, Piltover Enforcer",Legend,Rare,Fury|Order,,,,Vi,,True,,,"When you conquer, if you assigned 3 or more excess damage, you may exhaust me to ready a unit.",https://cmsassets.rgpub.io/sanity/images/dsfx7636/game_data_live/0febae9c611339d9ed65c7ebe43237b5ec42c9a3-744x1039.png
unl-230*,Unleashed,UNL,230*,"Lillia, Bashful Bloom",Legend,Rare,Calm|Mind,,,,Lillia,Temporary,True,,,"4 energy, exhaust: Play a ready 3 might Sprite unit token with [Temporary]. This ability costs 1 energy less for each friendly unit with [Temporary].",https://cmsassets.rgpub.io/sanity/images/dsfx7636/game_data_live/8d270600e9ec7472cbb51eb56ad0799b7be38c7b-744x1039.png
unl-231*,Unleashed,UNL,231*,"Master Yi, Wuju Master",Legend,Rare,Calm|Body,,,,Master Yi,Level,True,,,[Level 6][>] Your units have +1 might. [Level 11][>] Your units enter ready.,https://cmsassets.rgpub.io/sanity/images/dsfx7636/game_data_live/ebc612b2bf6003be8019930e059f0ac119997bc8-744x1039.png
unl-232*,Unleashed,UNL,232*,"Vex, Gloomist",Legend,Rare,Calm|Chaos,,,,Vex,,True,,,"When you or an ally hold, you may exhaust me to draw 1.",https://cmsassets.rgpub.io/sanity/images/dsfx7636/game_data_live/748c7cb9574c8805d7fdbaba0f2471af06cceae3-744x1039.png
unl-233*,Unleashed,UNL,233*,"Ivern, Green Father",Legend,Rare,Calm|Order,,,,Ivern,,True,,,"When you conquer or hold, you may exhaust me to replace that battlefield with a Brush battlefield token.",https://cmsassets.rgpub.io/sanity/images/dsfx7636/game_data_live/76283fb4384cf39408489f35d00827e0d5b1f9bb-744x1039.png
unl-234*,Unleashed,UNL,234*,"Diana, Scorn of the Moon",Legend,Rare,Mind|Chaos,,,,Diana,Reaction|Add,True,,,[Reaction][>] exhaust: [Add] 1 energy. Spend this Energy only during showdowns.,https://cmsassets.rgpub.io/sanity/images/dsfx7636/game_data_live/9782a99fcb36b09adc5d97cdc29595682f26220d-744x1039.png
unl-235*,Unleashed,UNL,235*,"LeBlanc, Deceiver",Legend,Rare,Mind|Order,,,,LeBlanc,Temporary,True,,,"When you conquer or hold, you may discard 1 and exhaust me to play a ready Reflection unit token there. It becomes a copy of another unit there. Give it [Temporary].",https://cmsassets.rgpub.io/sanity/images/dsfx7636/game_data_live/78a3153e914b2124cdc918f3134a8087b342caf7-744x1039.png
unl-236*,Unleashed,UNL,236*,"Kha'Zix, Voidreaver",Legend,Rare,Body|Chaos,,,,Kha'Zix,Buff,True,,,"When you win a combat, gain 1 XP. Spend 1 XP, exhaust: [Buff] a unit. Spend 2 XP, exhaust: Move an exhausted friendly unit from a battlefield to its base.",https://cmsassets.rgpub.io/sanity/images/dsfx7636/game_data_live/e3bff5dc4489376697823d056b42eba7b90566b6-744x1039.png
unl-237*,Unleashed,UNL,237*,"Poppy, Keeper of the Hammer",Legend,Rare,Body|Order,,,,Poppy,,True,,,"When you hold, gain 1 XP. Spend 3 XP, exhaust: Draw 1.",https://cmsassets.rgpub.io/sanity/images/dsfx7636/game_data_live/c2b3ae8c4beac316128a8b7b1704a221abedec8e-744x1039.png
unl-r01a,Unleashed,UNL,r01a,Fury Rune,Rune,Showcase,Fury,,,,,,True,,Basic,,https://tcgplayer-cdn.tcgplayer.com/product/692932_in_1000x1000.jpg
unl-r01b,Unleashed,UNL,r01b,Fury Rune,Rune,Promo,Fury,,,,,,True,,Basic,,https://cmsassets.rgpub.io/sanity/images/dsfx7636/game_data_live/12bcd0cde5d9ff4640e82945001e9fef863530f1-744x1039.png
unl-r02a,Unleashed,UNL,r02a,Calm Rune,Rune,Showcase,Calm,,,,,,True,,Basic,,https://tcgplayer-cdn.tcgplayer.com/product/692933_in_1000x1000.jpg
unl-r02b,Unleashed,UNL,r02b,Calm Rune,Rune,Promo,Calm,,,,,,True,,Basic,,https://cmsassets.rgpub.io/sanity/images/dsfx7636/game_data_live/0a0e8c3d16c2595e2f8efcc2b1466226539b506c-744x1039.png
unl-r03a,Unleashed,UNL,r03a,Mind Rune,Rune,Showcase,Mind,,,,,,True,,Basic,,https://tcgplayer-cdn.tcgplayer.com/product/692934_in_1000x1000.jpg
unl-r03b,Unleashed,UNL,r03b,Mind Rune,Rune,Promo,Mind,,,,,,True,,Basic,,https://cmsassets.rgpub.io/sanity/images/dsfx7636/game_data_live/f99aa4874baaebd2e81798c8a3aa01c5900f6d30-744x1039.png
unl-r04a,Unleashed,UNL,r04a,Body Rune,Rune,Showcase,Body,,,,,,True,,Basic,,https://tcgplayer-cdn.tcgplayer.com/product/692935_in_1000x1000.jpg
unl-r04b,Unleashed,UNL,r04b,Body Rune,Rune,Promo,Body,,,,,,True,,Basic,,https://cmsassets.rgpub.io/sanity/images/dsfx7636/game_data_live/3b3c3c07626d6180457c849047e0228dc0d19539-744x1039.png
unl-r05a,Unleashed,UNL,r05a,Chaos Rune,Rune,Showcase,Chaos,,,,,,True,,Basic,,https://tcgplayer-cdn.tcgplayer.com/product/692936_in_1000x1000.jpg
unl-r05b,Unleashed,UNL,r05b,Chaos Rune,Rune,Promo,Chaos,,,,,,True,,Basic,,https://cmsassets.rgpub.io/sanity/images/dsfx7636/game_data_live/daf23b0deaa5e1a5a5d310b59e9ad25d1bd70363-744x1039.png
unl-r06a,Unleashed,UNL,r06a,Order Rune,Rune,Showcase,Order,,,,,,True,,Basic,,https://tcgplayer-cdn.tcgplayer.com/product/692937_in_1000x1000.jpg
unl-r06b,Unleashed,UNL,r06b,Order Rune,Rune,Promo,Order,,,,,,True,,Basic,,https://cmsassets.rgpub.io/sanity/images/dsfx7636/game_data_live/35ec6fdd2124324bb7052cba31c8c44f2e98f3ae-744x1039.png
ven-001,Vendetta,VEN,001,Baccai Sandspinner,Unit,Common,Fury,6,0,6,Shurima,Empower|Empowered|Deflect|Assault,False,,,[Empower] 5 energy. This ability costs 3 energy less if you control 4 or fewer runes. (Pay the cost: Empower me. Use only if not Empowered.) [Empowered][>] I have [Deflect] and [Assault 2]. (Opponents must pay 1 rune of any type to choose me with a spell or ability. +2 might while I'm an attacker.),https://cmsassets.rgpub.io/sanity/images/dsfx7636/game_data_live/d8abab7f0df7c8ec9fff8c8dfa71c732e1ce2e6a-744x1039.png
ven-002,Vendetta,VEN,002,Blade Twirler,Unit,Common,Fury,4,0,4,Yordle|Ionia,Burn,False,,,"The first time I move each turn, choose a player. They [Burn 1]. (They put the top card of their Main Deck into their trash.)",https://cmsassets.rgpub.io/sanity/images/dsfx7636/game_data_live/b222082d5d38630c4d2542ed24c0442881e3de18-744x1039.png
ven-003,Vendetta,VEN,003,Brittle Steel,Spell,Common,Fury,2,1,,,Flow,False,,,Kill a gear. [Flow] 4 energy and 1 fury rune (You may play this from your trash for its Flow cost. Then banish it.),https://cmsassets.rgpub.io/sanity/images/dsfx7636/game_data_live/2264ab788558ec69b1b6ed3e03ce69a3f63bdbb7-744x1039.png
ven-004,Vendetta,VEN,004,Dune Surfer,Unit,Common,Fury,3,0,3,Shurima,Tank,False,,,You ignore [Tank] while assigning combat damage here.,https://cmsassets.rgpub.io/sanity/images/dsfx7636/game_data_live/acab9ec71d58f1e109cd8879c0fef0bdeb866432-744x1039.png
ven-005,Vendetta,VEN,005,Forsaken Baccai,Unit,Common,Fury,2,0,2,Shurima,,False,,,"If you control fewer runes than an opponent at the start of your Beginning Phase, give me +1 might this turn.",https://cmsassets.rgpub.io/sanity/images/dsfx7636/game_data_live/33d3e7840280e2780687057f08f30312a56d230f-744x1039.png
ven-006,Vendetta,VEN,006,Oasis Raider,Unit,Common,Fury,4,0,4,Shurima,Ganking,False,,,"If you control fewer runes than an opponent at the start of your Beginning Phase, give me +2 might and [Ganking] this turn. (I can move from battlefield to battlefield.)",https://cmsassets.rgpub.io/sanity/images/dsfx7636/game_data_live/d44355b9b129054e63b6f2c8de30518fe87b6295-744x1039.png
ven-007,Vendetta,VEN,007,Punching Poro,Unit,Common,Fury,2,0,2,Poro|Ionia,Empower|Empowered,False,,,[Empower] — Discard 1 (Pay the cost: Empower me. Use only if not Empowered.) [Empowered][>] I have +1 might.,https://cmsassets.rgpub.io/sanity/images/dsfx7636/game_data_live/03b9a8e704e0f09b686d89d4c2d79f100f212b0f-744x1039.png
ven-008,Vendetta,VEN,008,Ruthless Strike,Spell,Common,Fury,3,0,,,Action,False,,,"[Action] (Play on your turn or in showdowns.) As an additional cost to play this, you may discard 1. Deal 3 to a unit at a battlefield. If you paid the additional cost, deal 5 to it instead.",https://cmsassets.rgpub.io/sanity/images/dsfx7636/game_data_live/90293ef9407950d171f5fdd040da289a0f6da487-744x1039.png
ven-009,Vendetta,VEN,009,Baccai Reaper,Unit,Uncommon,Fury,3,1,4,Shurima,Assault,False,,,"When I attack, you may pay 1 fury rune to give me [Assault 2] this turn. (+2 might while I'm an attacker.)",https://cmsassets.rgpub.io/sanity/images/dsfx7636/game_data_live/14c473be38b3ec40503f44555db9a4168a45bfb4-744x1039.png
ven-010,Vendetta,VEN,010,Consuming Curse,Spell,Uncommon,Fury,2,0,,,Action,False,,,[Action] (Play on your turn or in showdowns.) Deal 2 to a unit at a battlefield. This deals 1 Bonus Damage for each card with this name in your trash.,https://cmsassets.rgpub.io/sanity/images/dsfx7636/game_data_live/4254a96c88275f09c2c41653d46702125bc24d9f-744x1039.png
ven-011,Vendetta,VEN,011,Pendulum Blade,Gear,Uncommon,Fury,3,0,,Equipment,Equip,False,,,[Equip] 1 fury rune (1 fury rune: Attach this to a unit you control.),https://cmsassets.rgpub.io/sanity/images/dsfx7636/game_data_live/857a5cee28f403454b1825dd112c07e9ac06b8a4-744x1039.png
ven-012,Vendetta,VEN,012,Perfect Execution,Spell,Uncommon,Fury,3,1,,,Assault|Flow,False,,,Ready a unit and give it [Assault 3] this turn. (+3 might while it's an attacker.) [Flow] 3 energy and 1 fury rune (You may play this from your trash for its Flow cost. Then banish it.),https://cmsassets.rgpub.io/sanity/images/dsfx7636/game_data_live/cb13c46f8c3872678b87f68891d9f4a416ba8080-744x1039.png
ven-013,Vendetta,VEN,013,Shadow Assassin,Unit,Uncommon,Fury,5,0,5,Ionia,,False,,,I enter ready if you have a card with my name in your trash.,https://cmsassets.rgpub.io/sanity/images/dsfx7636/game_data_live/d5c1aed33b6aa109ff2baea8b3e0c146af750dcc-744x1039.png
ven-014,Vendetta,VEN,014,Shadow Fiend,Unit,Uncommon,Fury,2,0,2,Ionia,Empower|Empowered|Assault,False,,,[Empower] 2 energy and 1 fury rune (2 energy and 1 fury rune: Empower me. Use only if not Empowered.) [Empowered][>] I have [Assault 3]. (+3 might while I'm an attacker.),https://cmsassets.rgpub.io/sanity/images/dsfx7636/game_data_live/3bbeed15ac517c2e39c039e376553ce7e1c65f0c-744x1039.png
ven-015,Vendetta,VEN,015,Decree of Rage,Spell,Rare,Fury,1,1,,,Action,False,,,[Action] (Play on your turn or in showdowns.) This can't be countered. Deal 4 to an enemy Calm (1 calm rune) unit.,https://cmsassets.rgpub.io/sanity/images/dsfx7636/game_data_live/320d9f52a4f22fa3405bb9da82c4d02451d7c133-744x1039.png
ven-016,Vendetta,VEN,016,Eclipse Dragon,Unit,Rare,Fury,8,0,8,Dragon|Mount Targon,Accelerate,False,,,"[Accelerate] (You may pay 1 energy and 1 fury rune as an additional cost to have me enter ready.) When I move, if you control 4 or fewer runes, draw 1.",https://cmsassets.rgpub.io/sanity/images/dsfx7636/game_data_live/6b7ea97973ced0e0631554ff07c726fe0a257a3c-744x1039.png
ven-017,Vendetta,VEN,017,"Morgana, Vindictive",Unit,Rare,Fury,5,1,5,Demacia|Morgana,Ambush|Reaction,False,,Champion,"[Ambush] (You may play me as a [Reaction] to a battlefield where you have units.) When you play me, deal damage to a unit equal to the damage marked on it.",https://cmsassets.rgpub.io/sanity/images/dsfx7636/game_data_live/04f3ff3a25b08c9af33090e7a533396583f5e433-744x1039.png
ven-018,Vendetta,VEN,018,Rage Amplifier,Gear,Rare,Fury,4,1,,,Empower|Empowered,False,,,"[Empower] 6 energy and 1 fury rune (6 energy and 1 fury rune: Empower this. Use only if not Empowered.) Your units have +1 might. If I'm [Empowered], they have +2 might instead.",https://cmsassets.rgpub.io/sanity/images/dsfx7636/game_data_live/83a7cd497dd42f535f8f0adc72c3c4324f9aec14-744x1039.png
ven-019,Vendetta,VEN,019,"Renekton, Rage Fueled",Unit,Rare,Fury,6,0,6,Shurima|Renekton,Accelerate,False,,Champion,"[Accelerate] (You may pay 1 energy and 1 fury rune as an additional cost to have me enter ready.) When I attack, if you control 4 or fewer runes, deal 2 to all enemy units here.",https://cmsassets.rgpub.io/sanity/images/dsfx7636/game_data_live/2f6eb3e8328048ad52617c8639ecbe2c287efa36-744x1039.png
ven-020,Vendetta,VEN,020,Twilight Reveler,Unit,Rare,Fury,3,0,3,Ionia,,False,,,"When I attack, ready another friendly unit.",https://cmsassets.rgpub.io/sanity/images/dsfx7636/game_data_live/c9b3acfc3f996d784d1b5f98ab87ba4d1c6136ce-744x1039.png
ven-021,Vendetta,VEN,021,"Akali, Deadly Weapon",Unit,Epic,Fury,3,0,3,Ionia|Akali,Empower|Empowered,False,,Champion,"[Empower] 2 energy and 1 fury rune (2 energy and 1 fury rune: Empower me. Use only if not Empowered.) When I move, you may deal 1 to a unit at a battlefield I moved to or from. If I'm [Empowered], deal 2 instead. [Empowered][>] I have +1 might.",https://cmsassets.rgpub.io/sanity/images/dsfx7636/game_data_live/564e5f35ae39b6604290e83f39ffb61c2b2b9175-744x1039.png
ven-022,Vendetta,VEN,022,Endless Riches,Gear,Epic,Fury,5,1,,,Burn,False,,,"When you play this, banish your hand and trash, then [Burn 7]. Skip your Draw Phase. You may play cards from your trash. If a card would go to your trash from anywhere other than your Main Deck, banish it instead.",https://cmsassets.rgpub.io/sanity/images/dsfx7636/game_data_live/e2c33bf55162086acd458775a5db3d976f137b61-744x1039.png
ven-023,Vendetta,VEN,023,"Zed, From the Shadows",Unit,Epic,Fury,4,1,4,Ionia|Zed,Assault,False,,Champion,"You may discard 1 as an additional cost to play me. When you play me, if you paid the additional cost, play a 0 might Shadow Clone unit token. (It has ""When I attack, you may banish a unit from your trash. If you do, give me [Assault 4] this turn."")",https://cmsassets.rgpub.io/sanity/images/dsfx7636/game_data_live/06793f17adbd827e468db40d644eb273a3932c7e-744x1039.png
ven-024,Vendetta,VEN,024,Affectionate Poro,Unit,Common,Calm,3,0,3,Poro|Noxus,,False,,,"When a combat that I was in ends, if I haven't been dealt damage this turn, draw 1.",https://cmsassets.rgpub.io/sanity/images/dsfx7636/game_data_live/aa5fdc995322af38f540629fcf695f1080a14afb-744x1039.png
ven-025,Vendetta,VEN,025,Esteemed Hierophant,Unit,Common,Calm,5,0,5,Shurima,,False,,,"While you control 7 or more runes, prevent all damage that enemy spells and abilities would deal to me.",https://cmsassets.rgpub.io/sanity/images/dsfx7636/game_data_live/b47621d2b8efcee4d17de40b16c61fa06e404a2a-744x1039.png
ven-026,Vendetta,VEN,026,Field Musicians,Unit,Common,Calm,4,0,3,Ionia,,False,,,"When you play me, give a unit +3 might this turn.",https://cmsassets.rgpub.io/sanity/images/dsfx7636/game_data_live/e880946b6c99023d9fb1e9aa7d23a0c673b0f6ac-744x1039.png
ven-027,Vendetta,VEN,027,Hand Hammer,Gear,Common,Calm,2,0,,Equipment,Equip,False,,,[Equip] 1 calm rune (1 calm rune: Attach this to a unit you control.),https://cmsassets.rgpub.io/sanity/images/dsfx7636/game_data_live/524fedb9116db0eb62380c03e0853c342c53daeb-744x1039.png
ven-028,Vendetta,VEN,028,Mournful Witness,Unit,Common,Calm,2,0,2,Fae|Ionia,Empowered,False,,,"When a combat that I was in ends, empower me. (I become Empowered if I'm not already.) [Empowered][>] I have +2 might.",https://cmsassets.rgpub.io/sanity/images/dsfx7636/game_data_live/2f31651fc37a3e8bc562d0a361c509c0998d82c8-744x1039.png
ven-029,Vendetta,VEN,029,Ol' Poro,Unit,Common,Calm,2,0,4,Poro|Bandle City,,False,,,"I can't be played on your first, second, or third turns.",https://cmsassets.rgpub.io/sanity/images/dsfx7636/game_data_live/267fdc483ff8c740779f23eb8f965105feb030cd-744x1039.png
ven-030,Vendetta,VEN,030,Serene Ascetic,Unit,Common,Calm,3,0,3,Ionia,Empower|Empowered|Deflect|Shield,False,,,[Empower] 3 energy (3 energy: Empower me. Use only if not Empowered.) [Empowered][>] I have [Deflect] and [Shield 3]. (Opponents must pay 1 rune of any type to choose me with a spell or ability.+3 might while I'm a defender.),https://cmsassets.rgpub.io/sanity/images/dsfx7636/game_data_live/7acc2f9fcdec5d2649e4a50dc3c96aeb31b87916-744x1039.png
ven-031,Vendetta,VEN,031,Twilight Shroud,Spell,Common,Calm,1,0,,,Flow,False,,,Give a friendly unit +1 might this turn. It can't be chosen by enemy spells and abilities this turn. [Flow] 2 energy (You may play this from your trash for its Flow cost. Then banish it.),https://cmsassets.rgpub.io/sanity/images/dsfx7636/game_data_live/0bd93298503d6b1b2f6faf7e97ab494e6e26db76-744x1039.png
ven-032,Vendetta,VEN,032,Frostcoat Mother,Unit,Uncommon,Calm,3,0,3,Dog|Freljord,Empower|Empowered,False,,,[Empower] 12 energy. This ability costs 1 energy less for each rune you control. (Pay the cost: Empower me. Use only if not Empowered.) [Empowered][>] I have +3 might.,https://cmsassets.rgpub.io/sanity/images/dsfx7636/game_data_live/38e2b4f12346a1af420f875c0a5f922c56c4140f-744x1039.png
ven-033,Vendetta,VEN,033,Pakaa Protector,Unit,Uncommon,Calm,5,0,4,Cat|Shurima,,False,,,"When I move, reveal the top card of your Main Deck. If it's a unit, draw it. Otherwise, put it in your trash and give me +2 might this turn.",https://cmsassets.rgpub.io/sanity/images/dsfx7636/game_data_live/ab3be32adadb72831c07750d8defc7918fd32d96-744x1039.png
ven-034,Vendetta,VEN,034,Resonating Strike,Spell,Uncommon,Calm,2,1,,,Hidden|Reaction,False,,,[Hidden] (Hide now for 1 rune of any type to react with later for 0 energy.) [Reaction] (Play on your turn or in showdowns.) Choose a battlefield you control and a unit you control at a different location. Move that unit to that battlefield and give it +2 might this turn.,https://cmsassets.rgpub.io/sanity/images/dsfx7636/game_data_live/1a625de128019d65d41dd0af4f8d189d5de530a5-744x1039.png
ven-035,Vendetta,VEN,035,Sanction,Spell,Uncommon,Calm,3,1,,,Reaction|Empowered,False,,,"[Reaction] (Play any time, even before spells and abilities resolve.) Choose one —Empower a unit. Disempower it at end of turn.Disempower a unit that's [Empowered]. Empower it at end of turn.",https://cmsassets.rgpub.io/sanity/images/dsfx7636/game_data_live/daef24792dddefd0971b34d01bd60bc3b11adcca-744x1039.png
ven-036,Vendetta,VEN,036,Sandstone Chimera,Unit,Uncommon,Calm,7,2,8,Shurima,,False,,,"While I'm at a battlefield, players only channel 1 rune at the start of their Channel Phase.",https://cmsassets.rgpub.io/sanity/images/dsfx7636/game_data_live/7a483e91e2bbb81bc8f66697bd610427b080b45c-744x1039.png
ven-037,Vendetta,VEN,037,Tomb-Raider Barbara,Unit,Uncommon,Calm,4,0,4,Shurima,Empowered,False,,,"When you play me, if you control 7 or more runes, choose an enemy gear. If it's [Empowered], disempower it. Otherwise, kill it.",https://cmsassets.rgpub.io/sanity/images/dsfx7636/game_data_live/31d0c16ecaa0bd8522d13d6dd5d940be8111f118-744x1039.png
ven-038,Vendetta,VEN,038,"Akali, Silent",Unit,Rare,Calm,4,1,4,Ionia|Akali,,False,,Champion,"I can't be chosen by enemy spells and abilities unless I'm in combat. When I move to a battlefield, give me +2 might this turn.",https://cmsassets.rgpub.io/sanity/images/dsfx7636/game_data_live/f1a4d73853194a3dde02c51b083d197af89d2bda-744x1039.png
ven-039,Vendetta,VEN,039,Crumbling Sands,Spell,Rare,Calm,1,1,,,Reaction,False,,,"[Reaction] (Play any time, even before spells and abilities resolve.) Counter a spell if an opponent has played another spell this turn.",https://cmsassets.rgpub.io/sanity/images/dsfx7636/game_data_live/0d7491bdb2e9d18f64a5b53a16623b26a7cac6a1-744x1039.png
ven-040,Vendetta,VEN,040,Decree of Focus,Spell,Rare,Calm,1,0,,,Reaction,False,,,"[Reaction] (Play any time, even before spells and abilities resolve.) Choose a friendly unit that's in combat with an enemy Fury (1 fury rune) unit or that's being chosen by an enemy Fury spell. Give it +4 might this turn.",https://cmsassets.rgpub.io/sanity/images/dsfx7636/game_data_live/3f9a1b209cfd6097bac6fa9aec57531e300ef511-744x1039.png
ven-041,Vendetta,VEN,041,"Riven, Shattered",Unit,Rare,Calm,3,1,3,Noxus|Riven,Weaponmaster|Equip,False,,Champion,"[Weaponmaster] (When you play me, you may [Equip] one of your Equipment to me for 1 rune of any type less, even if it's already attached.) When I attack, choose an enemy unit here. Deal 2 to it for each Equipment attached to me.",https://cmsassets.rgpub.io/sanity/images/dsfx7636/game_data_live/8c16a53ee243e468f3c337de4354668665f3b386-744x1039.png
ven-042,Vendetta,VEN,042,"Shen, Scourge of Shadows",Unit,Rare,Calm,5,1,6,Shen|Ionia,,False,,Champion,"When I hold, if there is exactly one other unit you control here, draw 1.",https://cmsassets.rgpub.io/sanity/images/dsfx7636/game_data_live/bbe849918c7f4189379ae8957dd427a3f272a1a6-744x1039.png
ven-043,Vendetta,VEN,043,Steel Paws,Unit,Rare,Calm,1,0,0,Cat|Piltover,Deflect|Empower|Empowered,False,,,[Deflect] (Opponents must pay 1 rune of any type to choose me with a spell or ability.) [Empower] 7 energy (7 energy: Empower me. Use only if not Empowered.) [Empowered][>] I have +7 might.,https://cmsassets.rgpub.io/sanity/images/dsfx7636/game_data_live/79d9b6583ed8e7d5a1486f1c15b66b19fb7f69a5-744x1039.png
ven-044,Vendetta,VEN,044,Astral Heron,Unit,Epic,Calm,7,0,7,Bird|Mount Targon,,False,,,"When you play your first card each turn, if I'm at a battlefield, your next card costs 2 energy and 2 runes of any type less.",https://cmsassets.rgpub.io/sanity/images/dsfx7636/game_data_live/b1ce87efc9a1a7e2438c53e034a7f92caaa67ed6-744x1039.png
ven-045,Vendetta,VEN,045,Helm of Suppression,Gear,Epic,Calm,4,1,,,Empower|Empowered,False,,,"[Empower] 4 energy and 1 calm rune (4 energy and 1 calm rune: Empower this. Use only if not Empowered.) Opponents' spells cost 1 energy more. If this is [Empowered], they cost 1 energy and 1 rune of any type more instead.",https://cmsassets.rgpub.io/sanity/images/dsfx7636/game_data_live/ecfe67bbdc04f5c16a845ccc7a1b8d534195ca70-744x1039.png
ven-046,Vendetta,VEN,046,"Nasus, Ascended",Unit,Epic,Calm,8,1,8,Dog|Shurima|Nasus,Deflect|Empower|Empowered,False,,Champion,"[Deflect 2] (Opponents must pay 2 runes of any type to choose me with a spell or ability.) [Empower] 8 energy (8 energy: Empower me. Use only if not Empowered.) [Empowered][>] When I conquer, you score 1 point.",https://cmsassets.rgpub.io/sanity/images/dsfx7636/game_data_live/4d9e9cc17be6aebf33ee1db42b515ad87ba8ee8c-744x1039.png
ven-047,Vendetta,VEN,047,Apprentice Mage,Unit,Common,Mind,3,0,3,Bilgewater,Empower|Empowered|Predict,False,,,"[Empower] 2 energy (2 energy: Empower me. Use only if not Empowered.) When I become [Empowered], [Predict 2]. (Look at the top 2 cards of your Main Deck. Recycle any of them and put the rest back in any order.) [Empowered][>] I have +1 might.",https://cmsassets.rgpub.io/sanity/images/dsfx7636/game_data_live/6e650b9680864a949299cbe2ef7d06d1d22c7d18-744x1039.png
ven-048,Vendetta,VEN,048,Cloud Drake,Unit,Common,Mind,6,0,5,Dragon|Demacia,,False,,,"When you play me, draw 1.",https://cmsassets.rgpub.io/sanity/images/dsfx7636/game_data_live/cb0dbff1058e8c59fa041dd242aa9b43d92eae14-744x1039.png
ven-049,Vendetta,VEN,049,Dredge Up,Spell,Common,Mind,2,0,,,Flow,False,,,Draw 1. [Flow] 2 energy (You may play this from your trash for its Flow cost. Then banish it.),https://cmsassets.rgpub.io/sanity/images/dsfx7636/game_data_live/cf561c8a0f8debde66b66d3e74ce861d0ce388ae-744x1039.png
ven-050,Vendetta,VEN,050,Grumpy Rockbear,Unit,Common,Mind,4,0,4,Shurima,Empower|Empowered|Deflect|Shield,False,,,[Empower] 12 energy. This ability costs 1 energy less for each rune you control. (Pay the cost: Empower me. Use only if not Empowered.) [Empowered][>] I have [Deflect] and [Shield 3]. (Opponents must pay 1 rune of any type to choose me with a spell or ability.+3 might while I'm a defender.),https://cmsassets.rgpub.io/sanity/images/dsfx7636/game_data_live/2f7f3759c59746486a5f91b8452302fa59eddde6-744x1039.png
ven-051,Vendetta,VEN,051,Iterative Design,Spell,Common,Mind,4,0,,,Flow,False,,,Play a 3 might Mech unit token. [Flow] 2 energy and 1 mind rune (You may play this from your trash for its Flow cost. Then banish it.),https://cmsassets.rgpub.io/sanity/images/dsfx7636/game_data_live/8d85a05075f95b63832ed7aa15620041eacb49d3-744x1039.png
ven-052,Vendetta,VEN,052,Mesmerize,Spell,Common,Mind,1,1,,,Reaction,False,,,"[Reaction] (Play any time, even before spells and abilities resolve.) Choose one —Return a friendly unit to its owner's hand.Give an enemy unit -2 might this turn.",https://cmsassets.rgpub.io/sanity/images/dsfx7636/game_data_live/854ceafc3f20c7e2d38c83170cb73232116f3d58-744x1039.png
ven-053,Vendetta,VEN,053,Otterpus,Unit,Uncommon,Mind,2,0,2,Bandle City,,False,,,"If a player would score 1 point from conquering or holding during their first or second turn, they draw 1 instead.",https://cmsassets.rgpub.io/sanity/images/dsfx7636/game_data_live/62f77b80a6d8f28a92c039595baf5943c4e055f0-744x1039.png
ven-054,Vendetta,VEN,054,Questionable Tome,Gear,Common,Mind,3,0,,,Empower,False,,,"[Empower] — exhaust (Pay the cost: Empower me. Use only if not Empowered.) Disempower this, 1 energy, exhaust: Draw 1.",https://cmsassets.rgpub.io/sanity/images/dsfx7636/game_data_live/07bb606d7cbcb218496b78a4fef354abb99875dc-744x1039.png
ven-055,Vendetta,VEN,055,Applied Researchers,Unit,Uncommon,Mind,4,0,4,Shurima,Empower|Empowered,False,,,"[Empower] 3 energy (3 energy: Empower me. Use only if not Empowered.) [Empowered][>] Your spells cost 1 energy and 1 rune of any type less, to a minimum of 1 energy.",https://cmsassets.rgpub.io/sanity/images/dsfx7636/game_data_live/67a5f67bad4d4201b14760206a34c838d7a1e4dc-744x1039.png
ven-056,Vendetta,VEN,056,Clairvoyance,Spell,Uncommon,Mind,7,0,,,Reaction|Predict,False,,,"[Reaction] (Play any time, even before spells and abilities resolve.) [Predict 5]. (Look at the top 5 cards of your Main Deck. Recycle any of them and put the rest back in any order.) Draw 2.",https://cmsassets.rgpub.io/sanity/images/dsfx7636/game_data_live/f43cb85d4939cc6ea1ed67b1c6526eef912cf9a6-744x1039.png
ven-057,Vendetta,VEN,057,Covert Informant,Unit,Uncommon,Mind,3,1,4,Noxus,Empower|Empowered,False,,,"[Empower] 3 energy (3 energy: Empower me. Use only if not Empowered.) [Empowered][>] When I move, draw 1.",https://cmsassets.rgpub.io/sanity/images/dsfx7636/game_data_live/ff33454bf980a5c884b63e524c6580408e9b94e3-744x1039.png
ven-058,Vendetta,VEN,058,Patched Porobot,Unit,Common,Mind,2,0,2,Mech|Poro|Piltover,,False,,,"(I enter exhausted.) When you play me, if you control 3 or more other gear, draw 1.",https://cmsassets.rgpub.io/sanity/images/dsfx7636/game_data_live/7667d7e0c902782c38221e9326d1bb98181ec17f-744x1039.png
ven-059,Vendetta,VEN,059,Shock Blast,Spell,Uncommon,Mind,3,1,,,Action|Empowered,False,,,[Action] (Play on your turn or in showdowns.) This costs 2 energy less if you control something that's [Empowered]. Deal 4 to a unit at a battlefield.,https://cmsassets.rgpub.io/sanity/images/dsfx7636/game_data_live/a8b976725e4722dcbf327cde9f92625cb516150e-744x1039.png
ven-060,Vendetta,VEN,060,Sky Cruiser,Unit,Uncommon,Mind,4,1,3,Piltover,,False,,,"Discard a gear, 1 energy, exhaust: Deal 4 to a unit at a battlefield.",https://cmsassets.rgpub.io/sanity/images/dsfx7636/game_data_live/4a99fbe995f6d5d71c1c46e1c38f64a9f9d7c3e9-744x1039.png
ven-061,Vendetta,VEN,061,Decree of Insight,Spell,Rare,Mind,1,0,,,Reaction|Deflect,False,,,"[Reaction] (Play any time, even before spells and abilities resolve.) Ignore [Deflect] while paying this spell's cost. Give an enemy Body (1 body rune) unit -5 might this turn.",https://cmsassets.rgpub.io/sanity/images/dsfx7636/game_data_live/da019355562b207814be6aec55bccf415bd416df-744x1039.png
ven-062,Vendetta,VEN,062,Hextech Formula,Gear,Rare,Mind,2,0,,,,False,,,This enters exhausted. exhaust: Empower another gear. (It becomes Empowered if it's not already.),https://cmsassets.rgpub.io/sanity/images/dsfx7636/game_data_live/95f4ee0625dda4213847e6649465397be03c8bd1-744x1039.png
ven-063,Vendetta,VEN,063,"Nasus, Guardian of Knowledge",Unit,Rare,Mind,5,1,6,Dog|Shurima|Nasus,,False,,Champion,"Once each turn, when an enemy unit here dies, channel 1 rune exhausted.",https://cmsassets.rgpub.io/sanity/images/dsfx7636/game_data_live/aa96dbb8b4d72db7e47a72ce652ad542f55bf31d-744x1039.png
ven-064,Vendetta,VEN,064,Plaza Guardian,Unit,Rare,Mind,10,0,8,Mech|Piltover,Deflect,False,,,I cost 1 energy less for each gear you control. [Deflect] (Opponents must pay 1 rune of any type to choose me with a spell or ability.),https://cmsassets.rgpub.io/sanity/images/dsfx7636/game_data_live/3fc86ed4d23604dbb3c7de211eb6a9c36bd9176d-744x1039.png
ven-065,Vendetta,VEN,065,"Swain, Visionary",Unit,Rare,Mind,6,1,6,Noxus|Swain|Demon,Vision,False,,Champion,"[Vision] (When you play me, look at the top card of your Main Deck. You may recycle it.) When I conquer, if you've played a non-token unit, a non-token gear, and a spell this turn, you score 1 point.",https://cmsassets.rgpub.io/sanity/images/dsfx7636/game_data_live/66d8ec4322d6734719451bb3e004b7d2ec71af87-744x1039.png
ven-066,Vendetta,VEN,066,Temporal Breach,Spell,Rare,Mind,2,1,,,Hidden,False,,,"[Hidden] (Hide now for 1 rune of any type to react with later for 0 energy.) Banish a unit, then its owner plays it to the same location, ignoring its cost.",https://cmsassets.rgpub.io/sanity/images/dsfx7636/game_data_live/7c670dc3d997c52b90d67043989b53c67a72f4c4-744x1039.png
ven-067,Vendetta,VEN,067,Bottled Constellation,Gear,Epic,Mind,10,2,,,,False,,,"At the start of your Main Phase, you may kill 3 other friendly units and/or gear to score 1 point.",https://cmsassets.rgpub.io/sanity/images/dsfx7636/game_data_live/2068b7c202cab7f877c331a7bad0531d6a8f0d73-744x1039.png
ven-068,Vendetta,VEN,068,"Jayce, Brilliant Inventor",Unit,Epic,Mind,6,1,6,Jayce|Piltover,,False,,Champion,"When you play me or the first time you play a non-token gear each turn, you may ready something besides me that's exhausted.",https://cmsassets.rgpub.io/sanity/images/dsfx7636/game_data_live/123e949085a63fdb6e1590ff0e519cab5758688b-744x1039.png
ven-069,Vendetta,VEN,069,"Mel, Newly Awakened",Unit,Epic,Mind,4,1,4,Noxus|Mel,Empower|Empowered,False,,Champion,"When you play me, draw 1. [Empower] 3 energy (3 energy: Empower me. Use only if not Empowered.) [Empowered][>] Your spells and abilities can't be countered. If a spell or ability you control would give -might to a unit it chooses, it gives an additional -1 might.",https://cmsassets.rgpub.io/sanity/images/dsfx7636/game_data_live/7d794234d8efef9ad647046d1e2cd3736441899f-744x1039.png
ven-070,Vendetta,VEN,070,Brutal Hunter,Unit,Common,Body,3,1,4,Noxus,Empower|Empowered|Ganking,False,,,[Empower] 3 energy (3 energy: Empower me. Use only if not Empowered.) [Empowered][>] I have +2 might and [Ganking]. (I can move from battlefield to battlefield.),https://cmsassets.rgpub.io/sanity/images/dsfx7636/game_data_live/54122304a3bb1f989faf124cb74fd7d41b029681-744x1039.png
ven-071,Vendetta,VEN,071,Fretful Feline,Unit,Common,Body,6,0,5,Cat|Piltover,,False,,,"When I become ready, give me +2 might this turn.",https://cmsassets.rgpub.io/sanity/images/dsfx7636/game_data_live/24370c9e33705b393c40f426e221ae851a65dd05-744x1039.png
ven-072,Vendetta,VEN,072,Guttural Roar,Spell,Common,Body,2,0,,,Action|Empowered,False,,,"[Action] (Play on your turn or in showdowns.) Give a unit +2 might this turn. If it's [Empowered], give it +4 might this turn instead.",https://cmsassets.rgpub.io/sanity/images/dsfx7636/game_data_live/891f0f85b039b16593865c74b90b0640a312e59b-744x1039.png
ven-073,Vendetta,VEN,073,Jagged Cutlass,Gear,Common,Body,3,0,,Equipment,,False,,,Equip 1 body rune (1 body rune: Attach this to a unit you control.),https://cmsassets.rgpub.io/sanity/images/dsfx7636/game_data_live/22aae23e1ac1797beb50f3f735becfe65b51ee02-744x1039.png
ven-074,Vendetta,VEN,074,Legion Marauder,Unit,Common,Body,2,0,2,Trifarian|Noxus,Empower|Empowered,False,,,[Empower] — 1 energy or 1 body rune (Pay either cost: Empower me. Use only if not Empowered.) [Empowered][>] I have +1 might.,https://cmsassets.rgpub.io/sanity/images/dsfx7636/game_data_live/15ec9e813e58c9ba96f37e78f09faaaa184ecdad-744x1039.png
ven-075,Vendetta,VEN,075,Platewyrm Egg,Gear,Common,Body,3,0,,,Empower|Reaction|Add|Empowered,False,,,"This enters exhausted. [Empower] — 1 energy, exhaust (Pay the cost: Empower this. Use only if not Empowered.) [Reaction][>] exhaust: [Add] 1 energy. If this is [Empowered], [Add] 2 energy instead.",https://cmsassets.rgpub.io/sanity/images/dsfx7636/game_data_live/f6a3940440a38e34fe306947d663018dd2df7ca8-744x1039.png
ven-076,Vendetta,VEN,076,Repair Specialist,Unit,Common,Body,3,0,3,Zaun,Assault,False,,,I have [Assault] equal to the number of gear you control. (+1 might while I'm an attacker for each instance of Assault.),https://cmsassets.rgpub.io/sanity/images/dsfx7636/game_data_live/b1ef578e372e64afbce717384fb8a3b7fd841fc8-744x1039.png
ven-077,Vendetta,VEN,077,Tools of Empire,Gear,Common,Body,4,0,,,Empower|Empowered,False,,,"[Empower] 2 energy (2 energy: Empower this. Use only if not Empowered.) exhaust: Give a unit +2 might this turn. If this is [Empowered], give that unit +4 might this turn instead.",https://cmsassets.rgpub.io/sanity/images/dsfx7636/game_data_live/c4f511ca650143e3f5267e272513e4dcf9cba04f-744x1039.png
ven-078,Vendetta,VEN,078,Baccai Witherclaw,Unit,Uncommon,Body,4,0,4,Shurima,Empower|Empowered|Deathknell,False,,,"[Empower] 1 energy and 2 runes of any type (1 energy and 2 runes of any type: Empower me. Use only if not Empowered.) [Empowered][>] I have +2 might. [Empowered][>][>>][Deathknell][>] Channel 2 runes exhausted. (When I die while Empowered, get the effect.)",https://cmsassets.rgpub.io/sanity/images/dsfx7636/game_data_live/fa41ae964411e63643025f7d8914627849ff57a8-744x1039.png
ven-079,Vendetta,VEN,079,Dame the Despoiler,Unit,Uncommon,Body,5,0,5,Noxus,Empower|Empowered,False,,,"[Empower] 5 energy and 1 body rune (5 energy and 1 body rune: Empower me. Use only if not Empowered.) [Empowered][>] When I attack or defend, choose a unit here. Increase my Might to its Might this turn, then give me +1 might this turn.",https://cmsassets.rgpub.io/sanity/images/dsfx7636/game_data_live/7c45dc79e72efc8ddf8c5b20d83474e23dc66e5e-744x1039.png
ven-080,Vendetta,VEN,080,Noxian Demolitionist,Unit,Uncommon,Body,2,0,1,Noxus,,False,,,"When I conquer, you may kill a gear with Energy cost no more than my Might.",https://cmsassets.rgpub.io/sanity/images/dsfx7636/game_data_live/a8c9a1b0eefc89106aa154ce3958c82d86e70940-744x1039.png
ven-081,Vendetta,VEN,081,Onslaught,Spell,Uncommon,Body,4,0,,,Flow,False,,,Give a unit +6 might this turn. [Flow] 4 energy (You may play this from your trash for its Flow cost. Then banish it.),https://cmsassets.rgpub.io/sanity/images/dsfx7636/game_data_live/6a1ef90c64e07b3f561e34c8d43ff5f64db925d8-744x1039.png
ven-082,Vendetta,VEN,082,Profiteer,Unit,Uncommon,Body,4,0,4,Shurima,,False,,,"When you play me, you may disempower something you control to empower a legend, unit, or gear.",https://cmsassets.rgpub.io/sanity/images/dsfx7636/game_data_live/27955854d3f04ed95e87152f066f99671af2f9f1-744x1039.png
ven-083,Vendetta,VEN,083,Rampage,Spell,Uncommon,Body,3,0,,,,False,,,"As you play this, you may pay 1 body rune as an additional cost. Choose a friendly unit and an enemy unit. If you paid the additional cost, give the friendly unit +2 might this turn. They deal damage equal to their Mights to each other.",https://cmsassets.rgpub.io/sanity/images/dsfx7636/game_data_live/3c85ae2c6bd5b2644651564fad0f86ad19c5709a-744x1039.png
ven-084,Vendetta,VEN,084,"Ambessa, The Wolf",Unit,Rare,Body,4,0,4,Noxus|Ambessa,Empower|Empowered,False,,Champion,[Empower] 3 energy and 1 body rune (3 energy and 1 body rune: Empower me. Use only if not Empowered.) [Empowered][>] I have +3 might and can't be dealt damage unless I'm in combat.,https://cmsassets.rgpub.io/sanity/images/dsfx7636/game_data_live/3907dc56d3a639e62f5222eaa0fd589c7a582da6-744x1039.png
ven-085,Vendetta,VEN,085,Decree of Strength,Spell,Rare,Body,1,0,,,,False,,,Choose an opponent. They reveal their hand and you choose a Mind (1 mind rune) card from it. They recycle that card.,https://cmsassets.rgpub.io/sanity/images/dsfx7636/game_data_live/12106889f9f76914421f38e8958a248462637a22-744x1039.png
ven-086,Vendetta,VEN,086,"Gangplank, Naval",Unit,Rare,Body,6,0,6,Bilgewater|Gangplank,Empower|Empowered,False,,Champion,"[Empower] 2 body runes (2 body runes: Empower me. Use only if not Empowered.) [Empowered][>] If a spell or ability that chooses me would stun me, give me -might, or return me to hand, give me +3 might instead.",https://cmsassets.rgpub.io/sanity/images/dsfx7636/game_data_live/f270a3ecc4850594513c45d145f2b855152e2cb7-744x1039.png
ven-087,Vendetta,VEN,087,Hextech Disc,Gear,Rare,Body,4,1,,,Empower,False,,,"[Empower] — exhaust (Pay the cost: Empower this. Use only if not Empowered.) Disempower this, 1 energy, exhaust: Play a 3 might Mech unit token to your base.",https://cmsassets.rgpub.io/sanity/images/dsfx7636/game_data_live/36acfeb7da10f1254e962b7bacda3e6ea559fe53-744x1039.png
ven-088,Vendetta,VEN,088,"Jayce, Hammer in Hand",Unit,Rare,Body,4,1,5,Jayce|Piltover,Assault|Deflect|Ganking,False,,Champion,"When I become ready, choose one to give me this turn —[Assault 2] (+2 might while I'm an attacker.)[Deflect 2] (Opponents must pay 2 runes of any type to choose me with a spell or ability.)[Ganking] (I can move from battlefield to battlefield.)",https://cmsassets.rgpub.io/sanity/images/dsfx7636/game_data_live/2dcecc0aab2b62e48388177cc27d220fd70b8a78-744x1039.png
ven-089,Vendetta,VEN,089,Wild Claw,Spell,Rare,Body,7,1,,,,False,,,"Look at the top 5 cards of your Main Deck. You may banish a unit or gear from among them and play it, reducing its Energy cost by 5 energy. Recycle the rest. Then you may do this: Empower it. (It becomes Empowered if it's not already.)",https://cmsassets.rgpub.io/sanity/images/dsfx7636/game_data_live/a58871b08a51efb8ce33f399fe4d168fd25b596a-744x1039.png
ven-090,Vendetta,VEN,090,Cataclysmic Duel,Spell,Epic,Body,8,3,,,,False,,,Each player chooses a unit they control. Kill the rest.,https://cmsassets.rgpub.io/sanity/images/dsfx7636/game_data_live/1fb5fcd8ca8be36b5aba234040b7428aab682576-744x1039.png
ven-091,Vendetta,VEN,091,Corrupted Dragon,Unit,Epic,Body,10,2,10,Dragon|Shadow Isles,,False,,,"If your score is not within 3 points of the Victory Score, I enter ready. When I attack, you may move any number of enemy units here each with 5 might or less to their base.",https://cmsassets.rgpub.io/sanity/images/dsfx7636/game_data_live/6000c549047967e619d47bdbd2f265e5bb8b5b19-744x1039.png
ven-092,Vendetta,VEN,092,"Renekton, Brute",Unit,Epic,Body,5,0,4,Shurima|Renekton,Empowered|Deflect|Ganking,False,,Champion,"1 energy: Give me +1 might this turn. When my Might becomes 10 or more, empower me. (I become Empowered if I'm not already.) [Empowered][>] I have [Deflect] and [Ganking]. (Opponents must pay 1 rune of any type to choose me with a spell or ability. I can move from battlefield to battlefield.)",https://cmsassets.rgpub.io/sanity/images/dsfx7636/game_data_live/0b4340e30e46f1784b31b9a110903825b7428a94-744x1039.png
ven-093,Vendetta,VEN,093,Kinkou Lifeblade,Unit,Common,Chaos,4,0,4,Ionia,Empower|Empowered|Ganking,False,,,[Empower] 2 energy (2 energy: Empower me. Use only if not Empowered.) [Empowered][>] I have +1 might and [Ganking]. (I can move from battlefield to battlefield.),https://cmsassets.rgpub.io/sanity/images/dsfx7636/game_data_live/18e925b4291231a2045e60d062bd174950316c1d-744x1039.png
ven-094,Vendetta,VEN,094,Mask Mother,Unit,Uncommon,Chaos,3,0,3,Spirit|Shadow Isles,,False,,,"When you discard me, you may pay 1 energy to give a friendly unit +2 might this turn.",https://cmsassets.rgpub.io/sanity/images/dsfx7636/game_data_live/21cf578371a75f6e2661d44f4d7389d8732c133e-744x1039.png
ven-095,Vendetta,VEN,095,Shadow Order Disciple,Unit,Common,Chaos,2,0,2,Ionia,Burn,False,,,"When I move, you may [Burn 1] to give me +1 might this turn. (To Burn 1, put the top card of your Main Deck into your trash.)",https://cmsassets.rgpub.io/sanity/images/dsfx7636/game_data_live/f85fb8b46a29360f9850826df11202ff8221fec8-744x1039.png
ven-096,Vendetta,VEN,096,Shadowblade Lurker,Unit,Common,Chaos,5,0,5,Ionia,,False,,,I cost 2 energy less for each card with my name in your trash.,https://cmsassets.rgpub.io/sanity/images/dsfx7636/game_data_live/2874318b39f1dd9d1bf2ed21203795688b788413-744x1039.png
ven-097,Vendetta,VEN,097,Spiderling,Unit,Common,Chaos,3,0,1,Shadow Isles|Spider,Hidden,False,,,[Hidden] (Hide now for 1 rune of any type to react with later for 0 energy.) I have +1 might for each other unit you control here with my name. Your deck can have any number of cards named Spiderling.,https://cmsassets.rgpub.io/sanity/images/dsfx7636/game_data_live/fadf12e6e52eb5c70c65b479438f999f49d825fc-744x1039.png
ven-098,Vendetta,VEN,098,Stargazer,Unit,Common,Chaos,5,0,4,Mount Targon,Flow,False,,,"Spells with [Flow] you play from your trash cost 2 energy less, to a minimum of 1 energy.",https://cmsassets.rgpub.io/sanity/images/dsfx7636/game_data_live/72ef8764cb3909940f0ca4bd8b31cdceed241af0-744x1039.png
ven-099,Vendetta,VEN,099,Tornado Warrior,Unit,Common,Chaos,3,0,3,Yordle|Bandle City,Hidden,False,,,"[Hidden] (Hide now for 1 rune of any type to react with later for 0 energy.) When you play me from face down, you may empower something here. Disempower it at end of turn.",https://cmsassets.rgpub.io/sanity/images/dsfx7636/game_data_live/f9b2ffecc997670713bffd3168e5578b5fb7a014-744x1039.png
ven-100,Vendetta,VEN,100,Up from the Deep,Spell,Common,Chaos,3,0,,,Flow,False,,,Play two 1 might Tentacle unit tokens from Bilgewater. [Flow] 3 energy (You may play this from your trash for its Flow cost. Then banish it.),https://cmsassets.rgpub.io/sanity/images/dsfx7636/game_data_live/245942e8b2bf073d5d6d57074474ec273557f4df-744x1039.png
ven-101,Vendetta,VEN,101,Gust Monk,Unit,Uncommon,Chaos,2,0,2,Yordle|Bandle City,Assault,False,,,"You may pay 1 energy as an additional cost to play me. When you play me, if you paid the additional cost, banish a card from any trash to give a unit [Assault 2] this turn. (+2 might while it's an attacker.)",https://cmsassets.rgpub.io/sanity/images/dsfx7636/game_data_live/93a194c0c1f055c0b3bc3c0717cbe488749fed92-744x1039.png
ven-102,Vendetta,VEN,102,Ravenbloom Prefect,Unit,Common,Chaos,3,0,3,Noxus,,False,,,"When an opponent plays a gear, you may banish me to banish it.",https://cmsassets.rgpub.io/sanity/images/dsfx7636/game_data_live/57ecb26880ea084ea16b785c9a563ff298ee6a42-744x1039.png
ven-103,Vendetta,VEN,103,Shadows of the Past,Spell,Uncommon,Chaos,3,1,,,,False,,,Return up to 2 units from trashes to their owners' hands.,https://cmsassets.rgpub.io/sanity/images/dsfx7636/game_data_live/25e2130938a893833fcb8e29287adbd230c3b67f-744x1039.png
ven-104,Vendetta,VEN,104,Tail-Cloaked Matriarch,Unit,Uncommon,Chaos,4,0,4,Ionia,Empower|Empowered,False,,,"[Empower] 2 energy and 1 chaos rune (2 energy and 1 chaos rune: Empower me. Use only if not Empowered.) When I become [Empowered], you may choose a unit in your trash with Energy cost no more than 3 energy and Power cost no more than 1 rune of any type. Play it to your base, ignoring its cost.",https://cmsassets.rgpub.io/sanity/images/dsfx7636/game_data_live/91a04e2131245c81c2eac486e63925592b0e253a-744x1039.png
ven-105,Vendetta,VEN,105,Twilight Step,Spell,Uncommon,Chaos,2,1,,,Flow,False,,,Move a unit with 3 might or less. [Flow] 4 energy and 1 chaos rune (You may play this from your trash for its Flow cost. Then banish it.),https://cmsassets.rgpub.io/sanity/images/dsfx7636/game_data_live/1c5c10009a9fb2605df5db1ff12647a47ac07d98-744x1039.png
ven-106,Vendetta,VEN,106,Wind and Ghosts,Spell,Uncommon,Chaos,3,1,,,Action,False,,,"[Action] (Play on your turn or in showdowns.) Choose a unit at a battlefield. If it has 3 might or less, banish it. Otherwise, return it to its owner's hand.",https://cmsassets.rgpub.io/sanity/images/dsfx7636/game_data_live/ef118660422af84f6183d375b68ce1872acb1e2e-744x1039.png
ven-107,Vendetta,VEN,107,Decree of Discord,Spell,Rare,Chaos,1,1,,,,False,,,Return any number of enemy Order (1 order rune) units with total Might 5 or less to their owners' hands.,https://cmsassets.rgpub.io/sanity/images/dsfx7636/game_data_live/b0e82842acddb99c47af6793dab48164caf498c2-744x1039.png
ven-108,Vendetta,VEN,108,Forgotten Relic,Gear,Rare,Chaos,5,0,,,Burn,False,,,"When you play this or at the start of your Beginning Phase, [Burn 1]. When you burn a unit this way, do this: Give a friendly unit +might equal to the burned card's Might this turn. (To Burn 1, put the top card of your Main Deck into your trash.)",https://cmsassets.rgpub.io/sanity/images/dsfx7636/game_data_live/e249b3c2a7f652dfb7549604f600792df11835b4-744x1039.png
ven-109,Vendetta,VEN,109,"Illaoi, Prophet of the Great Kraken",Unit,Rare,Chaos,6,0,4,Bilgewater|Illaoi,,False,,Champion,"When you play me or when I score, play a 1 energy might Tentacle unit token from Bilgewater. I have +1 might for each token unit you control.",https://cmsassets.rgpub.io/sanity/images/dsfx7636/game_data_live/86fccf469e67fb89312e0c860842e2801a8b12e7-744x1039.png
ven-110,Vendetta,VEN,110,"Mel, Defiant Soul",Unit,Rare,Chaos,5,0,4,Noxus|Mel,Empower|Empowered,False,,Champion,"[Empower] — Discard a spell (Pay the cost: Empower me. Use only if not Empowered.) When I become [Empowered], banish an enemy unit at a battlefield with 3 might or less.",https://cmsassets.rgpub.io/sanity/images/dsfx7636/game_data_live/214567717b4f0156ff06c923e1603234cb52db61-744x1039.png
ven-111,Vendetta,VEN,111,Minah Swiftfoot,Unit,Rare,Chaos,6,1,6,Ionia,,False,,,"When I move to a battlefield, choose one —Each player discards 1.Each player draws 1.",https://cmsassets.rgpub.io/sanity/images/dsfx7636/game_data_live/30b6e4a44bcadaa53168bd4ac043fbf2136f5eb3-744x1039.png
ven-112,Vendetta,VEN,112,"Zed, Without a Sound",Unit,Rare,Chaos,5,0,5,Ionia|Zed,Assault|Action,False,,Champion,"When I conquer, play a 0 might Shadow Clone unit token to your base. (It has ""When I attack, you may banish a unit from your trash. If you do, give me [Assault 4] this turn."") [Action][>] 1 energy and 1 chaos rune: Move me and a Shadow Clone you control to each other's locations.",https://cmsassets.rgpub.io/sanity/images/dsfx7636/game_data_live/be97ca6a33e25b85a04ec1b3a163b31f141776cf-744x1039.png
ven-113,Vendetta,VEN,113,"Kennen, Storm of Shuriken",Unit,Epic,Chaos,3,1,4,Yordle|Kennen,Burn|Flow,False,,Champion,"When you play me, [Burn 2]. (Put the top 2 cards of your Main Deck into your trash.) When I conquer, give a spell in your trash [Flow] equal to its cost this turn. (You may play it from your trash for its Flow cost. Then banish it.)",https://cmsassets.rgpub.io/sanity/images/dsfx7636/game_data_live/2f27c99f3df2940940dddd65105e5e42bbeeab3d-744x1039.png
ven-114,Vendetta,VEN,114,Kharox,Unit,Epic,Chaos,6,0,5,Spirit|Shadow Isles,Empower|Empowered|Burn,False,,,"[Empower] 6 energy and 2 chaos runes (6 energy and 2 chaos runes: Empower me. Use only if not Empowered.) When I become [Empowered], choose an opponent. They [Burn 3]. Then you may do this: Choose a unit in their trash and play it, ignoring its cost. (To Burn 3, they put the top 3 cards of their Main Deck into their trash.)",https://cmsassets.rgpub.io/sanity/images/dsfx7636/game_data_live/2453848e7069e994498c828d72c33df6905f38e5-744x1039.png
ven-115,Vendetta,VEN,115,Ocean Drake,Unit,Epic,Chaos,8,2,7,Dragon|Ionia,,False,,,"You may play me to an open battlefield. When you play me, you may return a non-Dragon unit to its owner's hand.",https://cmsassets.rgpub.io/sanity/images/dsfx7636/game_data_live/bd93cc3c9165204cd3e830fc2022384bad7517be-744x1039.png
ven-116,Vendetta,VEN,116,Dragon Form,Spell,Uncommon,Order,3,0,,,Flow,False,,,Choose a unit. Its base Might becomes 5 this turn. [Flow] 3 energy (You may play this from your trash for its Flow cost. Then banish it.),https://cmsassets.rgpub.io/sanity/images/dsfx7636/game_data_live/ded9b54d93d7c3ade8a1d65c8ac66a13d1246329-744x1039.png
ven-117,Vendetta,VEN,117,Disciple of Shen,Unit,Common,Order,2,0,1,Ionia,Hidden|Shield,False,,,[Hidden] (Hide now for 1 rune of any type to react with later for 0 energy.) I have [Shield 3] while I'm at a battlefield with exactly one other unit you control. (+3 might while I'm a defender.),https://cmsassets.rgpub.io/sanity/images/dsfx7636/game_data_live/de5b6316d65297e67a97d12d7c70974f7d3ce7d6-744x1039.png
ven-118,Vendetta,VEN,118,Horns of the Dragon,Unit,Common,Order,6,0,6,Ionia,Tank,False,,,[Tank] (I must be assigned combat damage first.),https://cmsassets.rgpub.io/sanity/images/dsfx7636/game_data_live/a7b3cb9f4175e71bc8fb60e69c55a0ea3f26fe8f-744x1039.png
ven-119,Vendetta,VEN,119,Keeper of Law,Unit,Common,Order,5,1,5,Shurima,,False,,,I cost 2 energy and 1 order rune less if you control a battlefield with exactly two units there.,https://cmsassets.rgpub.io/sanity/images/dsfx7636/game_data_live/42b965736c715293da57ec23472684506f49ba7f-744x1039.png
ven-120,Vendetta,VEN,120,"Masa, Crashing Thunder",Unit,Common,Order,4,0,4,Yordle|Bandle City,Stun,False,,,"You may pay 1 order rune as an additional cost to play me. When you play me, if you paid the additional cost, [Stun] an enemy unit at a battlefield. (It doesn't deal combat damage this turn.)",https://cmsassets.rgpub.io/sanity/images/dsfx7636/game_data_live/c02046374935d38a8e4bb28a8192dfc46e2596a0-744x1039.png
ven-121,Vendetta,VEN,121,Reluctant Leader,Unit,Common,Order,4,1,3,Ionia,,False,,,"When you play another unit, give me +2 might this turn.",https://cmsassets.rgpub.io/sanity/images/dsfx7636/game_data_live/d70352ba57ae548c405614ec6ba2bb17d7a19a44-744x1039.png
ven-122,Vendetta,VEN,122,Solari Sunhawk,Unit,Common,Order,3,0,3,Bird|Mount Targon,Empower|Empowered|Deflect,False,,,[Empower] 2 energy (2 energy: Empower me. Use only if not Empowered.) [Empowered][>] I have +1 might and [Deflect 2]. (Opponents must pay 2 runes of any type to choose me with a spell or ability.),https://cmsassets.rgpub.io/sanity/images/dsfx7636/game_data_live/1aaf389ca46bd9122233aadcfd23fee8f9cdfdc9-744x1039.png
ven-123,Vendetta,VEN,123,Soulspinner,Unit,Common,Order,3,0,3,Shadow Isles|Spider,Ambush|Reaction,False,,,[Ambush] (You may play me as a [Reaction] to a battlefield where you have units.),https://cmsassets.rgpub.io/sanity/images/dsfx7636/game_data_live/9a23a1f2c83751c2a715049be32c2482ea10454d-744x1039.png
ven-124,Vendetta,VEN,124,Escaped Grayback,Unit,Uncommon,Order,3,0,3,Noxus,Empower|Empowered,False,,,[Empower] — Kill a friendly unit (Pay the cost: Empower me. Use only if not Empowered.) [Empowered][>] I have +2 might.,https://cmsassets.rgpub.io/sanity/images/dsfx7636/game_data_live/253d782f8f6d4056eebecf9617e6858fdb2e712d-744x1039.png
ven-125,Vendetta,VEN,125,Hungry Wolf,Unit,Uncommon,Order,4,0,4,Dog|Freljord,,False,,,1 order rune: Ready me and give me +1 might this turn. Use only if you've chosen an enemy unit this turn and only once each turn.,https://cmsassets.rgpub.io/sanity/images/dsfx7636/game_data_live/464b4e2edfd526a3b72a80ab05bc9630b7057c22-744x1039.png
ven-126,Vendetta,VEN,126,Ki Barrier,Spell,Uncommon,Order,2,1,,,Reaction,False,,,"[Reaction] (Play any time, even before spells and abilities resolve.) Choose a unit. Prevent the next 7 damage that would be dealt to it this turn. (Opponents can assign it extra combat damage to kill it.)",https://cmsassets.rgpub.io/sanity/images/dsfx7636/game_data_live/10fa1b5646489adb8ae70ff41a63ff856d8f20d1-744x1039.png
ven-127,Vendetta,VEN,127,Lacerate,Spell,Common,Order,2,1,,,Empowered|Flow,False,,,"Choose a unit. If it's [Empowered], disempower it. Then kill it if it has 3 might or less. [Flow] 4 energy and 2 order runes (You may play this from your trash for its Flow cost. Then banish it.)",https://cmsassets.rgpub.io/sanity/images/dsfx7636/game_data_live/f21bbd09545d949f095756281e5506128eb4809d-744x1039.png
ven-128,Vendetta,VEN,128,Noxian Emissary,Unit,Uncommon,Order,2,0,2,Noxus,Empower|Empowered|Deathknell,False,,,"[Empower] 1 energy and 1 order rune (1 energy and 1 order rune: Empower me. Use only if not Empowered.) [Empowered][>][>>][Deathknell][>] Play two 1 might Recruit unit tokens to your base. (When I die while Empowered, get the effect.)",https://cmsassets.rgpub.io/sanity/images/dsfx7636/game_data_live/0720c25776670ef32dcc504b14378890991798be-744x1039.png
ven-129,Vendetta,VEN,129,Sacred Protector,Unit,Uncommon,Order,4,1,6,Fae|Ionia,,False,,,I don't deal combat damage unless I'm at a battlefield with exactly one other unit you control.,https://cmsassets.rgpub.io/sanity/images/dsfx7636/game_data_live/a93887af1128d19cdec798611ffdd29900ac5d85-744x1039.png
ven-130,Vendetta,VEN,130,Aurok General,Unit,Rare,Order,5,0,5,Trifarian|Noxus,Empower|Empowered,False,,,[Empower] 3 energy and 1 order rune (3 energy and 1 order rune: Empower me. Use only if not Empowered.) [Empowered][>] Your units that are [Empowered] have +2 might (including me).,https://cmsassets.rgpub.io/sanity/images/dsfx7636/game_data_live/2324531e93383ce0d7efbe67cbf7ee226127dea2-744x1039.png
ven-131,Vendetta,VEN,131,Decree of Unity,Spell,Rare,Order,2,1,,,,False,,,Kill an enemy Chaos (1 chaos rune) unit or gear.,https://cmsassets.rgpub.io/sanity/images/dsfx7636/game_data_live/220161ac48f1307e4d74c372d549fea18829a86b-744x1039.png
ven-132,Vendetta,VEN,132,Fallen Feline,Unit,Rare,Order,2,1,3,Cat|Piltover,,False,,,"When you play me, name a spell. While I'm at a battlefield, opponents can't play spells with that name.",https://cmsassets.rgpub.io/sanity/images/dsfx7636/game_data_live/e5d46c6d56dc14670b5e25547eeb1ee3ceca5a80-744x1039.png
ven-133,Vendetta,VEN,133,Glowstone,Gear,Rare,Order,2,0,,,Empower,False,,,"[Empower] 2 runes of any type (2 runes of any type: Empower me. Use only if not Empowered.) Disempower this, exhaust: Choose a player. They gain control of this and recall it. (Send it to their base.) At the end of your turn, kill this and deal 5 to all units you control.",https://cmsassets.rgpub.io/sanity/images/dsfx7636/game_data_live/6426e9c2b168f0dde5430d5bc57108a0cc2bcebb-744x1039.png
ven-134,Vendetta,VEN,134,"Kayle, Justified",Unit,Rare,Order,3,0,3,Mount Targon|Kayle,Empower|Empowered|Deflect|Ganking,False,,Champion,"[Empower] 3 energy (3 energy: Empower me.) I can be [Empowered] up to three times. I have +2 might for each time I'm [Empowered]. While I'm [Empowered] three times, I have [Deflect 3] and [Ganking].",https://cmsassets.rgpub.io/sanity/images/dsfx7636/game_data_live/8ae883f96bb3a5e20d8002ec49cace430aaf2b88-744x1039.png
ven-135,Vendetta,VEN,135,"Kennen, Keeper of Balance",Unit,Rare,Order,3,0,2,Yordle|Ionia|Kennen,Hidden|Stun,False,,Champion,"[Hidden] (Hide now for 1 rune of any type to react with later for 0 energy.) When you play me or I attack, you may pay 2 energy to [Stun] a unit. (It doesn't deal combat damage this turn.) While there's a stunned enemy unit here, I have +2 might.",https://cmsassets.rgpub.io/sanity/images/dsfx7636/game_data_live/446ff54c091b07627f826952f45ee40e9976d040-744x1039.png
ven-136,Vendetta,VEN,136,"Ambessa, Respected and Feared",Unit,Epic,Order,5,0,5,Noxus|Ambessa,Empower|Empowered|Assault,False,,Champion,"[Empower] 1 energy and 2 order runes (1 energy and 2 order runes: Empower me. Use only if not Empowered.) [Empowered][>] I have [Assault 2]. (+2 might while I'm an attacker.) [Empowered][>] When I attack, kill an enemy unit here with less Might than me.",https://cmsassets.rgpub.io/sanity/images/dsfx7636/game_data_live/687c273217cd94067be9625a7f85b61d108a6293-744x1039.png
ven-137,Vendetta,VEN,137,Shady Spectacles,Gear,Epic,Order,4,0,,Equipment,Equip,False,,,"[Equip] 1 energy and 1 order rune (1 energy and 1 order rune: Attach this to a unit you control.) As this is attached to a unit, choose another friendly unit. The equipped unit becomes a copy of that unit for as long as this is attached to it.",https://cmsassets.rgpub.io/sanity/images/dsfx7636/game_data_live/e49461109a4116c22af9206719f53fb73aee36d0-744x1039.png
ven-138,Vendetta,VEN,138,"Shen, Leader of the Kinkou Order",Unit,Epic,Order,6,2,7,Shen|Ionia,Shield,False,,Champion,"[Shield] (+1 might while I'm a defender.) When I hold, if there is exactly one other unit you control here, you score 1 point.",https://cmsassets.rgpub.io/sanity/images/dsfx7636/game_data_live/b227d9f9abc6f165beffba4eaf3b5819cf06eab4-744x1039.png
ven-139,Vendetta,VEN,139,"Akali, Rogue Assassin",Legend,Rare,Fury|Calm,,,,Akali,Empower|Action|Empowered,False,,,"[Empower] 3 energy and 1 rune of any type (3 energy and 1 rune of any type: Empower this. Use only if not Empowered.) [Action][>] exhaust: If it's your turn, move a friendly unit in a showdown to base and if I'm [Empowered], ready it.",https://cmsassets.rgpub.io/sanity/images/dsfx7636/game_data_live/0d53b477ed43fb9bbed84858443a606b2b51a2b5-744x1039.png
ven-140,Vendetta,VEN,140,Shuriken Flip,Spell,Epic,Fury|Calm,1,1,,Akali,Flow,False,,Signature,"Deal 2 to up to one enemy unit at a battlefield, then move a friendly unit. [Flow] 3 energy and 1 rune of any type (You may play this from your trash for its Flow cost. Then banish it.)",https://cmsassets.rgpub.io/sanity/images/dsfx7636/game_data_live/bac1ecff92d022e99a3696ad00d020530a1a09e7-744x1039.png
ven-141,Vendetta,VEN,141,"Renekton, Butcher of the Sands",Legend,Rare,Fury|Body,,,,Renekton,Reaction|Add,False,,,"[Reaction][>] 2 runes of any type, exhaust: [Add] 2 energy. Spend this Energy only to play units or activated abilities of units.",https://cmsassets.rgpub.io/sanity/images/dsfx7636/game_data_live/7620595b36b40a0c3d05c4c5469b016d1c18c6f2-744x1039.png
ven-142,Vendetta,VEN,142,Dominus,Spell,Epic,Fury|Body,4,0,,Renekton,Action,False,,Signature,"[Action] (Play on your turn or in showdowns.) This turn, double a unit's Might and give it ""2 runes of any type: Ready me.""",https://cmsassets.rgpub.io/sanity/images/dsfx7636/game_data_live/0d5ccc8bb0b70473add784a3f4c71e1e8635e2ce-744x1039.png
ven-143,Vendetta,VEN,143,"Zed, Master of Shadows",Legend,Rare,Fury|Chaos,,,,Zed,Action,False,,,"When you banish a card you own, empower me. (I become Empowered if I'm not already.) [Action][>] Disempower me, exhaust: Discard 1, then draw 1.",https://cmsassets.rgpub.io/sanity/images/dsfx7636/game_data_live/aa316eb1b01c8d036eaba84b03909027fe69f6e2-744x1039.png
ven-144,Vendetta,VEN,144,Death Mark,Spell,Epic,Fury|Chaos,2,1,,Zed,Burn|Assault|Flow,False,,Signature,"[Burn 3]. (Put the top 3 cards of your Main Deck into your trash.) Play a 0 might Shadow Clone unit token. (It has ""When I attack, you may banish a unit from your trash. If you do, give me [Assault 4] this turn."") [Flow] 1 energy and 2 runes of any type (You may play this from your trash for its Flow cost. Then banish it.)",https://cmsassets.rgpub.io/sanity/images/dsfx7636/game_data_live/87ccfb8d1c19f402bb37ffa392011ee2f0880aa9-744x1039.png
ven-145,Vendetta,VEN,145,"Nasus, Curator of the Sands",Legend,Rare,Calm|Mind,,,,Nasus,,False,,,"When you play a unit, gear, or activated ability with Energy cost 7 energy or more, you may exhaust me to ready up to 2 runes.",https://cmsassets.rgpub.io/sanity/images/dsfx7636/game_data_live/f26a25c5fddba7da788455c3d82b85c5abc7a2eb-744x1039.png
ven-146,Vendetta,VEN,146,Siphoning Strike,Spell,Epic,Calm|Mind,4,0,,Nasus,,False,,Signature,"Deal 4 to a unit at a battlefield. If you control 7 or more runes, deal 7 to it instead. When it dies this turn, channel 1 rune exhausted.",https://cmsassets.rgpub.io/sanity/images/dsfx7636/game_data_live/8b28e4a0681eee9b19c29770a5f167e1e68c78cf-744x1039.png
ven-147,Vendetta,VEN,147,"Shen, Eye of Twilight",Legend,Rare,Calm|Order,,,,Shen,Action|Tank,False,,,[Action][>] exhaust: Give a friendly unit [Tank] this turn. (It must be assigned combat damage first.),https://cmsassets.rgpub.io/sanity/images/dsfx7636/game_data_live/54388a3124b7e1f0331e5970f952778db5f24500-744x1039.png
ven-148,Vendetta,VEN,148,Shadow Dash,Spell,Epic,Calm|Order,2,1,,Shen,Flow,False,,Signature,"Move an enemy unit to a battlefield where you have units. If you have exactly two units there, they each get +1 might this turn. [Flow] 5 energy and 2 runes of any type (You may play this from your trash for its Flow cost. Then banish it.)",https://cmsassets.rgpub.io/sanity/images/dsfx7636/game_data_live/c95a4862c3af5f3ec1cee1f1ae7291c8724df7a1-744x1039.png
ven-149,Vendetta,VEN,149,"Jayce, Defender of Tomorrow",Legend,Rare,Mind|Body,,,,Jayce,Empower|Empowered,False,,,"[Empower] 2 energy and 2 runes of any type (2 energy and 2 runes of any type: Empower me. Use only if not Empowered.) 1 energy, exhaust: Ready a gear. [Empowered][>] 1 energy, exhaust: Ready 2 gear.",https://cmsassets.rgpub.io/sanity/images/dsfx7636/game_data_live/670b7efd367a42beba11c18fb59e240a7c574a57-744x1039.png
ven-150,Vendetta,VEN,150,Acceleration Gate,Spell,Epic,Mind|Body,3,1,,Jayce,,False,,Signature,"Ready up to 4 units, gear, and/or runes.",https://cmsassets.rgpub.io/sanity/images/dsfx7636/game_data_live/31b71a16ee85cf30124fdaa2c575e709a4c83771-744x1039.png
ven-151,Vendetta,VEN,151,"Mel, Soul's Reflection",Legend,Rare,Mind|Chaos,,,,Mel,,False,,,"When you empower something else, empower me. (I become Empowered if I'm not already.) Disempower me, exhaust: Give a unit at a battlefield -2 might this turn.",https://cmsassets.rgpub.io/sanity/images/dsfx7636/game_data_live/2e9e60b3f161b41219c40ef0426049634fb7ba1a-744x1039.png
ven-152,Vendetta,VEN,152,Rebuttal,Spell,Epic,Mind|Chaos,1,1,,Mel,Reaction,False,,Signature,"[Reaction] (Play any time, even before spells and abilities resolve.) Choose a spell with Energy cost no more than 4 energy. You may pay 1 rune of any type. If you do, gain control of it and you may make new choices for it. Otherwise, counter it.",https://cmsassets.rgpub.io/sanity/images/dsfx7636/game_data_live/2df67fe2ba17f0796ff1f9c03b85d2db48fe954b-744x1039.png
ven-153,Vendetta,VEN,153,"Ambessa, Matriarch of War",Legend,Rare,Body|Order,,,,Ambessa,,False,,,"When you empower something else, empower me. (I become Empowered if I'm not already.) Disempower me, 1 rune of any type, exhaust: Ready a unit.",https://cmsassets.rgpub.io/sanity/images/dsfx7636/game_data_live/49e81916d7ae72b24de845223e1798652d26e789-744x1039.png
ven-154,Vendetta,VEN,154,Public Execution,Spell,Epic,Body|Order,2,1,,Ambessa,Flow,False,,Signature,Choose a friendly unit. Kill an enemy unit with less Might than it. [Flow] 5 energy and 2 runes of any type (You may play this from your trash for its Flow cost. Then banish it.),https://cmsassets.rgpub.io/sanity/images/dsfx7636/game_data_live/c8348e2aef6bad5a38d4f71b1b1c277598670286-744x1039.png
ven-155,Vendetta,VEN,155,"Kennen, Heart of the Tempest",Legend,Rare,Order|Chaos,,,,Yordle|Kennen,Action|Assault,False,,,"When you play a card from anywhere other than your hand, empower me. [Action][>] Disempower me, exhaust: Give a unit [Assault 2] this turn. (+2 might while it's an attacker.)",https://cmsassets.rgpub.io/sanity/images/dsfx7636/game_data_live/0eab83392b310417d2630d50a3bfee3dd02b31c4-744x1039.png
ven-156,Vendetta,VEN,156,Lightning Rush,Spell,Epic,Order|Chaos,1,0,,Kennen,Flow,False,,Signature,Look at the top 3 cards of your Main Deck. You may choose a card from among them and draw it. Put the rest into your trash. [Flow] 2 energy and 1 rune of any type (You may play this from your trash for its Flow cost. Then banish it.),https://cmsassets.rgpub.io/sanity/images/dsfx7636/game_data_live/22375e0d2d1a49cb0eb7e31aebf3e73a2e0bba55-744x1039.png
ven-157,Vendetta,VEN,157,Dragon Roost,Battlefield,Uncommon,Colorless,,,,,,False,,,"Any player may pay 2 runes of any type as an additional cost to play a Dragon. If they do, they play it to this battlefield.",https://cmsassets.rgpub.io/sanity/images/dsfx7636/game_data_live/94558ee0292d92126829036d32495cbf702e5391-1039x744.png
ven-158,Vendetta,VEN,158,"Heisho, Shell of the World",Battlefield,Uncommon,Colorless,,,,,Deflect,False,,,Players ignore [Deflect] while paying for spells and abilities choosing something here.,https://cmsassets.rgpub.io/sanity/images/dsfx7636/game_data_live/075d4b78c065a96845ac978c86af3a3349cb5501-1039x744.png
ven-159,Vendetta,VEN,159,Kinkou Temple,Battlefield,Uncommon,Colorless,,,,,Tank,False,,,Units here with [Tank] have +1 might.,https://cmsassets.rgpub.io/sanity/images/dsfx7636/game_data_live/afef083faa1f3813e5744a552c9873c798bedfd5-1039x744.png
ven-160,Vendetta,VEN,160,Mystic Vortex,Battlefield,Uncommon,Colorless,,,,,Reaction,False,,,"During showdowns here, cards with [Reaction] cost 1 rune of any type more to play. (Hidden cards have [Reaction].)",https://cmsassets.rgpub.io/sanity/images/dsfx7636/game_data_live/55f6fec944c489010464cb554c4661d94518fa75-1039x744.png
ven-161,Vendetta,VEN,161,Piltovan Forge,Battlefield,Uncommon,Colorless,,,,,,False,,,"While you control this battlefield, the first friendly gear activated ability played each turn costs 1 energy less.",https://cmsassets.rgpub.io/sanity/images/dsfx7636/game_data_live/0cc432b51e80d1734529ef323e601e62e202c2b1-1039x744.png
ven-162,Vendetta,VEN,162,Protective Sands,Battlefield,Uncommon,Colorless,,,,,,False,,,"When you conquer here, if you control 4 or fewer runes, you may pay 1 energy to draw 1.",https://cmsassets.rgpub.io/sanity/images/dsfx7636/game_data_live/a994ae712cdefcbdaf263fbb6ab0723d0f678e99-1039x744.png
ven-163,Vendetta,VEN,163,Risen Altar,Battlefield,Uncommon,Colorless,,,,,Empower,False,,,[Empower] costs of your units here cost 1 energy or 1 rune of any type less.,https://cmsassets.rgpub.io/sanity/images/dsfx7636/game_data_live/47402ed9d5eebb9e38176315bdaf1a556845eef7-1039x744.png
ven-164,Vendetta,VEN,164,Sandswept Tomb,Battlefield,Uncommon,Colorless,,,,,,False,,,Each spell that chooses one or more units here that are friendly to it costs 1 rune of any type less.,https://cmsassets.rgpub.io/sanity/images/dsfx7636/game_data_live/d77c607878d6815e02796f8bfa8a5696ad5f1a7d-1039x744.png
ven-165,Vendetta,VEN,165,Shadow Temple,Battlefield,Uncommon,Colorless,,,,,Burn,False,,,"When you hold here, [Burn 3]. (Put the top 3 cards of your Main Deck into your trash.)",https://cmsassets.rgpub.io/sanity/images/dsfx7636/game_data_live/635a3a0b724a2cfc11938ecbc1d8abddd89d3436-1039x744.png
ven-166,Vendetta,VEN,166,Threshold of the Gray,Battlefield,Uncommon,Colorless,,,,,Add,False,,,"When combat starts here, the attacker and defender each [Add] 1 energy.",https://cmsassets.rgpub.io/sanity/images/dsfx7636/game_data_live/5521aac82f036f1070326c743a9f653955d67bb9-1039x744.png
ven-167,Vendetta,VEN,167,"Vi, Destructive",Unit,Rare,Fury,2,1,3,Vi,Ganking,False,,Champion,[Ganking] Recycle 1 from your trash: Give me +1 might this turn.,https://cmsassets.rgpub.io/sanity/images/dsfx7636/game_data_live/dff596efc7413bfdd9cc8e667c46bd4228447de5-744x1039.png
ven-168,Vendetta,VEN,168,"Jinx, Demolitionist",Unit,Rare,Fury,3,1,4,Jinx,Accelerate|Assault,True,,Champion,"[Accelerate] [Assault 2] When you play me, discard 2.",https://cmsassets.rgpub.io/sanity/images/dsfx7636/game_data_live/3a7304f3c9897967812940838e978e54e251e545-744x1039.png
ven-169,Vendetta,VEN,169,"Zed, From the Shadows",Unit,Epic,Fury,4,1,4,Zed,,True,,Champion,"You may discard 1 as an additional cost to play me. When you play me, if you paid the additional cost, play a 0 might Shadow Clone unit token.",https://cmsassets.rgpub.io/sanity/images/dsfx7636/game_data_live/5d665b28073066442b35f7b6aed98c83fca23631-744x1039.png
ven-170,Vendetta,VEN,170,"Shen, Scourge of Shadows",Unit,Rare,Calm,5,1,6,Shen,,False,,Champion,"When I hold, if there is exactly one other unit you control here, draw 1.",https://cmsassets.rgpub.io/sanity/images/dsfx7636/game_data_live/56d6b54bdc2ae37579da820cec613c127a8843d3-744x1039.png
ven-171,Vendetta,VEN,171,"Riven, Shattered",Unit,Rare,Calm,3,1,3,Riven,Weaponmaster,False,,Champion,"[Weaponmaster] When I attack, choose an enemy unit here. Deal 2 to it for each Equipment attached to me.",https://cmsassets.rgpub.io/sanity/images/dsfx7636/game_data_live/929f7184d11756933729ab4d7e2e88547e6dd49b-744x1039.png
ven-172,Vendetta,VEN,172,"Draven, Showboat",Unit,Rare,Fury,5,1,3,Draven,,False,,Champion,My Might is increased by your points.,https://cmsassets.rgpub.io/sanity/images/dsfx7636/game_data_live/ff8f818d7f59b549af9067e9956f25aec706587c-744x1039.png
ven-173,Vendetta,VEN,173,"Swain, Visionary",Unit,Rare,Mind,6,1,6,Swain,Vision,False,,Champion,"[Vision] When I conquer, if you've played a non-token unit, a non-token gear, and a spell this turn, you score 1 point.",https://cmsassets.rgpub.io/sanity/images/dsfx7636/game_data_live/7f068252d62ab4eea8a779825d84c2c078bbd722-744x1039.png
ven-174,Vendetta,VEN,174,"Irelia, Fervent",Unit,Epic,Calm,5,0,4,Irelia|Ionia,Deflect,False,,Champion,"[Deflect] When you choose or ready me, give me +1 might this turn.",https://cmsassets.rgpub.io/sanity/images/dsfx7636/game_data_live/45d83debda443f1bf88e1cf7123eb8b844143124-744x1039.png
ven-175,Vendetta,VEN,175,"Jayce, Man of Progress",Unit,Rare,Mind,4,0,4,Jayce|Piltover,,False,,Champion,"When you play me, you may kill a friendly gear. If you do, you may play a gear with Energy cost no more than 7 energy from hand this turn, ignoring its Energy cost.",https://cmsassets.rgpub.io/sanity/images/dsfx7636/game_data_live/be6d6a608c5bee9d2012e24d9e6f6f1d1977a37a-744x1039.png
ven-176,Vendetta,VEN,176,"Viktor, Innovator",Unit,Rare,Mind,4,1,3,Viktor,,False,,Champion,"When you play a card on an opponent's turn, play a 1 might Recruit unit token to your base.",https://cmsassets.rgpub.io/sanity/images/dsfx7636/game_data_live/0416b4a447494acac41413a4511bb59ce983b4ec-744x1039.png
ven-177,Vendetta,VEN,177,"Renekton, Brute",Unit,Epic,Body,5,0,4,Renekton,Empowered|Ganking|Deflect,False,,Champion,"1 energy: Give me +1 might this turn. When my Might becomes 10 or more, empower me. [Empowered][>] I have [Ganking] and [Deflect].",https://cmsassets.rgpub.io/sanity/images/dsfx7636/game_data_live/49ebe990f1d3631e3c18fc37323c49f49bf159fa-744x1039.png
ven-178,Vendetta,VEN,178,"Nasus, Guardian of Knowledge",Unit,Rare,Mind,5,1,6,Dog|Nasus,,False,,Champion,"Once each turn, when an enemy unit here dies, channel 1 rune exhausted.",https://cmsassets.rgpub.io/sanity/images/dsfx7636/game_data_live/3095b4ed4fd647539ed9a80828b8e1ce7f09ae82-744x1039.png
ven-179,Vendetta,VEN,179,"Rengar, Trophy Hunter",Unit,Epic,Body,5,1,6,Cat|Rengar|Ixtal,Ambush,False,,Champion,[Ambush] I can be played to a battlefield where there are enemy units.,https://cmsassets.rgpub.io/sanity/images/dsfx7636/game_data_live/1f16f5b1f980106057606a2faa3cce64fa4850e7-744x1039.png
ven-180,Vendetta,VEN,180,"Kha'Zix, Evolving Hunter",Unit,Epic,Body,5,1,5,Kha'Zix|The Void,Hunt,False,,Champion,"[Hunt] When I attack, you may spend 3 XP to deal damage equal to my Might to an enemy unit here.",https://cmsassets.rgpub.io/sanity/images/dsfx7636/game_data_live/4875b0eb5705f9723118f0895dd702373826bdbc-744x1039.png
ven-181,Vendetta,VEN,181,"Gangplank, Naval",Unit,Rare,Body,6,0,6,Gangplank,Empower|Empowered,True,,Champion,"[Empower] 2 body runes [Empowered][>] If a spell or ability that chooses me would stun me, give me -might, or return me to hand, give me +3 might instead.",https://cmsassets.rgpub.io/sanity/images/dsfx7636/game_data_live/9d9fd99b083fb7104d533ca0eccb43a47c2cc74a-744x1039.png
ven-182,Vendetta,VEN,182,"Illaoi, Prophet of the Great Kraken",Unit,Rare,Chaos,6,0,4,Illaoi,,True,,Champion,"When you play me or when I score, play a 1 energy might Tentacle unit token from Bilgewater. I have +1 might for each token unit you control.",https://cmsassets.rgpub.io/sanity/images/dsfx7636/game_data_live/a50aadbfd6f435433a80b12da9826fa0a6bd8172-744x1039.png
ven-183,Vendetta,VEN,183,"Diana, No Longer Human",Unit,Epic,Chaos,4,1,3,Diana|Mount Targon,Ambush,False,,Champion,"[Ambush] When you play a spell, give me +2 might this turn.",https://cmsassets.rgpub.io/sanity/images/dsfx7636/game_data_live/d5a7071e4f1af712c9bf5342ba70fbb2e359483f-744x1039.png
ven-184,Vendetta,VEN,184,"Leona, Determined",Unit,Rare,Order,4,1,4,Leona,Shield,False,,Champion,"[Shield] When I attack, stun an enemy unit here.",https://cmsassets.rgpub.io/sanity/images/dsfx7636/game_data_live/92ac39878346a886129b6d339ab3d9e6c722a7eb-744x1039.png
ven-185,Vendetta,VEN,185,"Kayle, Justified",Unit,Rare,Order,3,0,3,Kayle,Empower|Empowered|Deflect|Ganking,False,,Champion,"[Empower] 3 energy (3 energy: Empower me.) I can be [Empowered] up to three times. I have +2 might for each time I’m [Empowered]. While I'm [Empowered] three times, I have [Deflect 3] and [Ganking].",https://cmsassets.rgpub.io/sanity/images/dsfx7636/game_data_live/0fec986bfca86382c61770575ed20e1799b6b830-744x1039.png
ven-186,Vendetta,VEN,186,"Morgana, Vindictive",Unit,Rare,Fury,5,1,5,Morgana,Ambush,False,,Champion,"[Ambush] When you play me, deal damage to a unit equal to the damage marked on it.",https://cmsassets.rgpub.io/sanity/images/dsfx7636/game_data_live/f5015b3077bbe6fbcdb0437fd47f119040e26ca3-744x1039.png
ven-187,Vendetta,VEN,187,"Ambessa, Respected and Feared",Unit,Epic,Order,5,0,5,Ambessa,Empower|Empowered|Assault,False,,Champion,"[Empower] 1 energy and 2 order runes [Empowered][>] I have [Assault 2]. [Empowered][>] When I attack, kill an enemy unit here with less Might than me.",https://cmsassets.rgpub.io/sanity/images/dsfx7636/game_data_live/17552788c608d9cb044c0a9bf7076d462548875b-744x1039.png
ven-188,Vendetta,VEN,188,"Mel, Defiant Soul",Unit,Rare,Chaos,5,0,4,Mel,Empower|Empowered,False,,Champion,"[Empower] — Discard a spell When I become [Empowered], banish an enemy unit at a battlefield with 3 might or less.",https://cmsassets.rgpub.io/sanity/images/dsfx7636/game_data_live/0dac0b8b724d7d20f3e8c2126856d54d990e4ebc-744x1039.png
ven-189,Vendetta,VEN,189,"Akali, Rogue Assassin",Legend,Rare,Fury|Calm,,,,Akali,Empower|Action|Empowered,True,,,"[Empower] 3 energy and 1 rune of any type [Action][>] exhaust: If it's your turn, move a friendly unit in a showdown to base and if I'm [Empowered], ready it.",https://cmsassets.rgpub.io/sanity/images/dsfx7636/game_data_live/7b0ec31df147b40bbb83c40644252b48a7619593-744x1039.png
ven-190,Vendetta,VEN,190,"Renekton, Butcher of the Sands",Legend,Rare,Fury|Body,,,,Renekton,Reaction|Add,True,,,"[Reaction][>] 2 runes of any type, exhaust: [Add] 2 energy. Spend this Energy only to play units or activated abilities of units.",https://cmsassets.rgpub.io/sanity/images/dsfx7636/game_data_live/f5db9db00111d8225e17c3a03d0111b471e74999-744x1040.png
ven-191,Vendetta,VEN,191,"Zed, Master of Shadows",Legend,Rare,Fury|Chaos,,,,Zed,Action,True,,,"When you banish a card you own, empower me. [Action][>] Disempower me, exhaust: Discard 1, then draw 1.",https://cmsassets.rgpub.io/sanity/images/dsfx7636/game_data_live/75b7ba57a83af496b26d9fe7e8521f9a851bf464-744x1039.png
ven-192,Vendetta,VEN,192,"Nasus, Curator of the Sands",Legend,Rare,Calm|Mind,,,,Nasus,,True,,,"When you play a unit, gear, or activated ability with Energy cost 7 energy or more, you may exhaust me to ready up to 2 runes.",https://cmsassets.rgpub.io/sanity/images/dsfx7636/game_data_live/1790b30538781eb2a55b5baee00fff9ed08794aa-744x1039.png
ven-193,Vendetta,VEN,193,"Shen, Eye of Twilight",Legend,Rare,Calm|Order,,,,Shen,Action|Tank,True,,,[Action][>] exhaust: Give a friendly unit [Tank] this turn.,https://cmsassets.rgpub.io/sanity/images/dsfx7636/game_data_live/8c234c7efc30a24dc50c4b76517857bff6e1f906-744x1039.png
ven-194,Vendetta,VEN,194,"Jayce, Defender of Tomorrow",Legend,Rare,Mind|Body,,,,Jayce,Empower|Empowered,False,,,"[Empower] 2 energy and 2 runes of any type 1 energy, exhaust: Ready a gear. [Empowered][>] 1 energy, exhaust: Ready 2 gear.",https://cmsassets.rgpub.io/sanity/images/dsfx7636/game_data_live/f527eb9b02ce62d808ec82e12ac28af5a6bd75fb-744x1039.png
ven-195,Vendetta,VEN,195,"Mel, Soul's Reflection",Legend,Rare,Mind|Chaos,,,,Mel,,True,,,"When you empower something else, empower me. Disempower me, exhaust: Give a unit at a battlefield -2 might this turn.",https://cmsassets.rgpub.io/sanity/images/dsfx7636/game_data_live/f56cf2a3755318e1dc6afd01736f2a4d759cd4a1-744x1039.png
ven-196,Vendetta,VEN,196,"Ambessa, Matriarch of War",Legend,Rare,Body|Order,,,,Ambessa,,True,,,"When you empower something else, empower me. Disempower me, 1 rune of any type, exhaust: Ready a unit.",https://cmsassets.rgpub.io/sanity/images/dsfx7636/game_data_live/2d6c1bd7992ddd20fe524587274ed6f9a249e42c-744x1039.png
ven-197,Vendetta,VEN,197,"Kennen, Heart of the Tempest",Legend,Rare,Order|Chaos,,,,Yordle|Kennen,Action|Assault,True,,,"When you play a card from anywhere other than your hand, empower me. [Action][>] Disempower me, exhaust: Give a unit [Assault 2] this turn.",https://cmsassets.rgpub.io/sanity/images/dsfx7636/game_data_live/f208ffb2ee76827cd4c608bcc8e1bcb9380bfa31-744x1039.png
ven-019a,Vendetta,VEN,019a,"Renekton, Rage Fueled",Unit,Rare,Fury,6,0,6,Renekton,Accelerate,True,,Champion,"[Accelerate] When I attack, if you control 4 or fewer runes, deal 2 to all enemy units here.",https://cmsassets.rgpub.io/sanity/images/dsfx7636/game_data_live/cf5a7294a9ebd2d5a8727078efbfd2cf84f12e3e-744x1039.png
ven-021a,Vendetta,VEN,021a,"Akali, Deadly Weapon",Unit,Epic,Fury,3,0,3,Akali,Empower|Empowered,True,,Champion,"[Empower] 2 energy and 1 fury rune When I move, you may deal 1 to a unit at a battlefield I moved to or from. If I'm [Empowered], deal 2 instead. [Empowered][>] I have +1 might..",https://cmsassets.rgpub.io/sanity/images/dsfx7636/game_data_live/92d8ad4bc4724da89f32348f290600f632f24e9e-744x1039.png
ven-023a,Vendetta,VEN,023a,"Zed, From the Shadows",Unit,Epic,Fury,4,1,4,Zed,,True,,Champion,"You may discard 1 as an additional cost to play me. When you play me, if you paid the additional cost, play a 0 might Shadow Clone unit token.",https://cmsassets.rgpub.io/sanity/images/dsfx7636/game_data_live/dcf031bd69c4880c33d68f73dde8e391a6059be7-744x1039.png
ven-038a,Vendetta,VEN,038a,"Akali, Silent",Unit,Rare,Calm,4,1,4,Akali,,True,,Champion,"I can't be chosen by enemy spells and abilities unless I'm in combat. When I move to a battlefield, give me +2 might this turn.",https://cmsassets.rgpub.io/sanity/images/dsfx7636/game_data_live/6924311aab46a74aa2c54030c053427725860ea8-744x1039.png
ven-042a,Vendetta,VEN,042a,"Shen, Scourge of Shadows",Unit,Rare,Calm,5,1,6,Shen,,True,,Champion,"When I hold, if there is exactly one other unit you control here, draw 1.",https://cmsassets.rgpub.io/sanity/images/dsfx7636/game_data_live/a4bac7b94b87fbb3227ecdccd9e2aa1231b655c8-744x1039.png
ven-046a,Vendetta,VEN,046a,"Nasus, Ascended",Unit,Epic,Calm,8,1,8,Dog|Nasus,Deflect|Empower|Empowered,True,,Champion,"[Deflect 2] [Empower] 8 energy [Empowered][>] When I conquer, you score 1 point.",https://cmsassets.rgpub.io/sanity/images/dsfx7636/game_data_live/014103b536a1c5aa2397f0952323375ac9b73d60-744x1039.png
ven-063a,Vendetta,VEN,063a,"Nasus, Guardian of Knowledge",Unit,Rare,Mind,5,1,6,Dog|Nasus,,True,,Champion,"Once each turn, when an enemy unit here dies, channel 1 rune exhausted.",https://cmsassets.rgpub.io/sanity/images/dsfx7636/game_data_live/c6bfe2146a52c3d8dd0230904435369ff29bac0e-744x1039.png
ven-068a,Vendetta,VEN,068a,"Jayce, Brilliant Inventor",Unit,Epic,Mind,6,1,6,Jayce,,True,,Champion,"When you play me or the first time you play a non-token gear each turn, you may ready something besides me that's exhausted.",https://cmsassets.rgpub.io/sanity/images/dsfx7636/game_data_live/77439053c7f0cb76ff470d7ecaa57871448b1faf-744x1039.png
ven-069a,Vendetta,VEN,069a,"Mel, Newly Awakened",Unit,Epic,Mind,4,1,4,Mel,Empower|Empowered,True,,Champion,"When you play me, draw 1. [Empower] 3 energy [Empowered][>] Your spells and abilities can't be countered. If a spell or ability you control would give -might to a unit it chooses, it gives an additional -1 might.",https://cmsassets.rgpub.io/sanity/images/dsfx7636/game_data_live/2781dd135b5f42527df3bacee59ccee8684236fa-744x1039.png
ven-084a,Vendetta,VEN,084a,"Ambessa, The Wolf",Unit,Rare,Body,4,0,4,Ambessa,Empower|Empowered,True,,Champion,[Empower] 3 energy and 1 body rune [Empowered][>] I have +3 might and can't be dealt damage unless I'm in combat.,https://cmsassets.rgpub.io/sanity/images/dsfx7636/game_data_live/df72c64b97738a217508ee8ee6e6297000607a97-744x1039.png
ven-088a,Vendetta,VEN,088a,"Jayce, Hammer in Hand",Unit,Rare,Body,4,1,5,Jayce,Assault|Deflect|Ganking,True,,Champion,"When I become ready, choose one to give me this turn —[Assault 2][Deflect 2][Ganking]",https://cmsassets.rgpub.io/sanity/images/dsfx7636/game_data_live/69539dc4cfa14f1cfe9dc8b49c67344eca176a32-744x1039.png
ven-092a,Vendetta,VEN,092a,"Renekton, Brute",Unit,Epic,Body,5,0,4,Renekton,Empowered|Deflect|Ganking,True,,Champion,"1 energy: Give me +1 might this turn. When my Might becomes 10 or more, empower me. [Empowered][>] I have [Deflect] and [Ganking].",https://cmsassets.rgpub.io/sanity/images/dsfx7636/game_data_live/ba4078d7df5cd5f661aa0c606794036338b64864-744x1039.png
ven-r01,Vendetta,VEN,r01,Fury Rune,Rune,Common,Fury,,,,,NO TEXT,True,,Basic,[NO TEXT],https://cmsassets.rgpub.io/sanity/images/dsfx7636/game_data_live/f95ed6ba0c4d4d357c45bf5bdb1a8e540af1f85f-744x1039.png
ven-r02,Vendetta,VEN,r02,Calm Rune,Rune,Common,Calm,,,,,NO TEXT,True,,Basic,[NO TEXT],https://cmsassets.rgpub.io/sanity/images/dsfx7636/game_data_live/9b70aa1b334728a3e8beeea0c9154a2d0f79b1eb-744x1039.png
ven-r03,Vendetta,VEN,r03,Mind Rune,Rune,Common,Mind,,,,,NO TEXT,True,,Basic,[NO TEXT],https://cmsassets.rgpub.io/sanity/images/dsfx7636/game_data_live/33df1c56c6e76f9cb783c19161f16fcdbdc20f98-744x1039.png
ven-r04,Vendetta,VEN,r04,Body Rune,Rune,Common,Body,,,,,NO TEXT,True,,Basic,[NO TEXT],https://cmsassets.rgpub.io/sanity/images/dsfx7636/game_data_live/3313c73c5b31daa482073bfefbf4d2255a89d7d0-744x1039.png
ven-r05,Vendetta,VEN,r05,Chaos Rune,Rune,Common,Chaos,,,,,NO TEXT,True,,Basic,[NO TEXT],https://cmsassets.rgpub.io/sanity/images/dsfx7636/game_data_live/3861fc566891a70c21cf3d3075adec716deb7080-744x1039.png
ven-r06,Vendetta,VEN,r06,Order Rune,Rune,Common,Order,,,,,NO TEXT,True,,Basic,[NO TEXT],https://cmsassets.rgpub.io/sanity/images/dsfx7636/game_data_live/71e7d71ebadb81ccad7ca4cb8b3fb85d2f5fd4bf-744x1039.png
ven-sp1,Vendetta,VEN,sp1,"Kai'Sa, Survivor",Unit,Epic,Fury,4,0,4,Kai'Sa,Accelerate,True,,Champion,"[Accelerate] When I conquer, draw 1.",https://cmsassets.rgpub.io/sanity/images/dsfx7636/game_data_live/a14d1be8f014a331f60885013d81a1a8f5c8c076-744x1039.png
ven-sp2,Vendetta,VEN,sp2,"Sona, Harmonious",Unit,Epic,Calm,4,1,4,Sona,,True,,Champion,"At the end of your turn, if I'm at a battlefield, ready up to 4 friendly runes.",https://cmsassets.rgpub.io/sanity/images/dsfx7636/game_data_live/2cc800fbd0011dd084426445ebb1c2831420063d-744x1039.png
ven-sp3,Vendetta,VEN,sp3,"Ahri, Inquisitive",Unit,Epic,Mind,3,1,3,Ahri|Ionia,,True,,Champion,"When I attack or defend, give an enemy unit here -2 might this turn, to a minimum of 1 might.",https://cmsassets.rgpub.io/sanity/images/dsfx7636/game_data_live/e8d1993018d8317494cbaab4e4dd738c2e80740d-744x1039.png
ven-sp4,Vendetta,VEN,sp4,"Sett, Brawler",Unit,Epic,Body,5,1,4,Sett,,True,,Champion,"When you play me or when I conquer, buff me. Spend my buff: Give me +4 might this turn.",https://cmsassets.rgpub.io/sanity/images/dsfx7636/game_data_live/075f83adf06b41c42c78addd11cfc73fbdb8aabb-744x1039.png
ven-sp5,Vendetta,VEN,sp5,"Ezreal, Prodigy",Unit,Epic,Chaos,3,1,3,Ezreal|Piltover,,True,,Champion,"When you play me, discard 1, then draw 2. Optional additional costs you pay cost 1 energy or 1 rune of any type less.",https://cmsassets.rgpub.io/sanity/images/dsfx7636/game_data_live/fd4beecca19d4e84ead0852acce83d4c34ac1b4c-744x1039.png
ven-sp6,Vendetta,VEN,sp6,"Lux, Crownguard",Unit,Epic,Order,4,0,2,Lux,Reaction|Add,True,,Champion,exhaust: [Reaction] — [Add] 2 energy. Spend this Energy only to play spells.,https://cmsassets.rgpub.io/sanity/images/dsfx7636/game_data_live/b9778ec229e052268ea66213ca2dbf60612b2862-744x1039.png
ven-t04,Vendetta,VEN,t04,Recruit (NX),Unit,Common,Colorless,,0,1,Recruit,,True,,,,https://cmsassets.rgpub.io/sanity/images/dsfx7636/game_data_live/08b9ccf225fc2ae9eb9b5668e5361b09789210ee-744x1039.png
ven-110a,Vendetta,VEN,110a,"Mel, Defiant Soul",Unit,Rare,Chaos,5,0,4,Mel,Empower|Empowered,True,,Champion,"[Empower] — Discard a spell When I become [Empowered], banish an enemy unit at a battlefield with 3 might or less.",https://cmsassets.rgpub.io/sanity/images/dsfx7636/game_data_live/0495d07746d71cdd1aeae8f7fd5a0b78da0817fb-744x1039.png
ven-112a,Vendetta,VEN,112a,"Zed, Without a Sound",Unit,Rare,Chaos,5,0,5,Zed,Action,True,,Champion,"When I conquer, play a 0 might Shadow Clone unit token to your base. [Action][>] 1 energy and 1 chaos rune: Move me and a Shadow Clone you control to each other's locations.",https://cmsassets.rgpub.io/sanity/images/dsfx7636/game_data_live/a9828930a4b5ab7aa98d8199f00e1fde59fd20e3-744x1039.png
ven-113a,Vendetta,VEN,113a,"Kennen, Storm of Shuriken",Unit,Epic,Chaos,3,1,4,Yordle|Ionia|Kennen,Burn|Flow,True,,Champion,"When you play me, [Burn 2]. When I conquer, give a spell in your trash [Flow] equal to its cost this turn.",https://cmsassets.rgpub.io/sanity/images/dsfx7636/game_data_live/000c73937c370cd3572facc9b313b4eb2d26eee8-744x1039.png
ven-135a,Vendetta,VEN,135a,"Kennen, Keeper of Balance",Unit,Rare,Order,3,0,2,Yordle|Kennen,Hidden|Stun,True,,Champion,"[Hidden] When you play me or I attack, you may pay 2 energy to [Stun] a unit. While there's a stunned enemy unit here, I have +2 might.",https://cmsassets.rgpub.io/sanity/images/dsfx7636/game_data_live/1d55c475f395c2b1bac63844208687bb9b3232b2-744x1039.png
ven-136a,Vendetta,VEN,136a,"Ambessa, Respected and Feared",Unit,Epic,Order,5,0,5,Ambessa,Empower|Empowered|Assault,True,,Champion,"[Empower] 1 energy and 2 order runes [Empowered][>] I have [Assault 2]. [Empowered][>] When I attack, kill an enemy unit here with less Might than me.",https://cmsassets.rgpub.io/sanity/images/dsfx7636/game_data_live/02a1cfcd6663687d28b98a2de3ba666231c4eeee-744x1039.png
ven-138a,Vendetta,VEN,138a,"Shen, Leader of the Kinkou Order",Unit,Epic,Order,6,2,7,Shen|Ionia,Shield,True,,Champion,"[Shield] When I hold, if there is exactly one other unit you control here, you score 1 point.",https://cmsassets.rgpub.io/sanity/images/dsfx7636/game_data_live/bf3f260e47de2887ba16fbc02e9df7f02e57a24a-744x1039.png
ven-189*,Vendetta,VEN,189*,"Akali, Rogue Assassin",Legend,Rare,Fury|Calm,,,,Akali,Empower|Action|Empowered,True,,,"[Empower] 3 energy and 1 rune of any type [Action][>] exhaust: If it's your turn, move a friendly unit in a showdown to base and if I'm [Empowered], ready it.",https://cmsassets.rgpub.io/sanity/images/dsfx7636/game_data_live/d8262e7b24f26d1c9a18b13166d009aaf573e059-744x1039.png
ven-190*,Vendetta,VEN,190*,"Renekton, Butcher of the Sands",Legend,Rare,Fury|Body,,,,Renekton,Reaction|Add,True,,,"[Reaction][>] 2 runes of any type, exhaust: [Add] 2 energy. Spend this Energy only to play units or activated abilities of units.",https://cmsassets.rgpub.io/sanity/images/dsfx7636/game_data_live/b9270494d2c18525e766b2ffa23a7c99ad9f994f-744x1039.png
ven-191*,Vendetta,VEN,191*,"Zed, Master of Shadows",Legend,Rare,Fury|Chaos,,,,Zed,Action,True,,,"When you banish a card you own, empower me. [Action][>] Disempower me, exhaust: Discard 1, then draw 1.",https://cmsassets.rgpub.io/sanity/images/dsfx7636/game_data_live/a88733f8062c18a7aa51a208b1aef5d0bd030007-744x1039.png
ven-192*,Vendetta,VEN,192*,"Nasus, Curator of the Sands",Legend,Rare,Calm|Mind,,,,Dog|Shurima|Nasus,,True,,,"When you play a unit, gear, or activated ability with Energy cost 7 energy or more, you may exhaust me to ready up to 2 runes.",https://cmsassets.rgpub.io/sanity/images/dsfx7636/game_data_live/964b5f9718a6648add68d894505e69bd2c5d071a-744x1039.png
ven-193*,Vendetta,VEN,193*,"Shen, Eye of Twilight",Legend,Rare,Calm|Order,,,,Shen,Action|Tank,True,,,[Action][>] exhaust: Give a friendly unit [Tank] this turn.,https://cmsassets.rgpub.io/sanity/images/dsfx7636/game_data_live/1f60702c09f95d2a2af0176c77166092cb8cf6fa-744x1039.png
ven-194*,Vendetta,VEN,194*,"Jayce, Defender of Tomorrow",Legend,Rare,Mind|Body,,,,Jayce,Empower|Empowered,True,,,"[Empower] 2 energy and 2 runes of any type 1 energy, exhaust: Ready a gear. [Empowered][>] 1 energy, exhaust: Ready 2 gear.",https://cmsassets.rgpub.io/sanity/images/dsfx7636/game_data_live/3092eec0739ac28d36e22c3ee005feb75980d001-744x1039.png
ven-195*,Vendetta,VEN,195*,"Mel, Soul's Reflection",Legend,Rare,Mind|Chaos,,,,Mel,,True,,,"When you empower something else, empower me. Disempower me, exhaust: Give a unit at a battlefield -2 might this turn.",https://cmsassets.rgpub.io/sanity/images/dsfx7636/game_data_live/174a22326c894454cb5878f4ce3603d43f9e599f-744x1040.png
ven-196*,Vendetta,VEN,196*,"Ambessa, Matriarch of War",Legend,Rare,Body|Order,,,,Ambessa,,True,,,"When you empower something else, empower me. Disempower me, 1 rune of any type, exhaust: Ready a unit.",https://cmsassets.rgpub.io/sanity/images/dsfx7636/game_data_live/844b4dd1ae4803abf61b42d53af2b4969e594332-744x1039.png
ven-197*,Vendetta,VEN,197*,"Kennen, Heart of the Tempest",Legend,Rare,Order|Chaos,,,,Yordle|Kennen,Action|Assault,True,,,"When you play a card from anywhere other than your hand, empower me. [Action][>] Disempower me, exhaust: Give a unit [Assault 2] this turn.",https://cmsassets.rgpub.io/sanity/images/dsfx7636/game_data_live/853681913bcd2a2e2b42217e290b530b72518142-744x1039.png
ven-r01a,Vendetta,VEN,r01a,Fury Rune,Rune,Showcase,Fury,,,,,,True,,Basic,,https://cmsassets.rgpub.io/sanity/images/dsfx7636/game_data_live/12bcd0cde5d9ff4640e82945001e9fef863530f1-744x1039.png
ven-r02a,Vendetta,VEN,r02a,Calm Rune,Rune,Showcase,Calm,,,,,,True,,Basic,,https://tcgplayer-cdn.tcgplayer.com/product/709310_in_1000x1000.jpg
ven-r03a,Vendetta,VEN,r03a,Mind Rune,Rune,Showcase,Mind,,,,,,True,,Basic,,https://cmsassets.rgpub.io/sanity/images/dsfx7636/game_data_live/f99aa4874baaebd2e81798c8a3aa01c5900f6d30-744x1039.png
ven-r04a,Vendetta,VEN,r04a,Body Rune,Rune,Showcase,Body,,,,,,True,,Basic,,https://cmsassets.rgpub.io/sanity/images/dsfx7636/game_data_live/3b3c3c07626d6180457c849047e0228dc0d19539-744x1039.png
ven-r05a,Vendetta,VEN,r05a,Chaos Rune,Rune,Showcase,Chaos,,,,,,True,,Basic,,https://cmsassets.rgpub.io/sanity/images/dsfx7636/game_data_live/daf23b0deaa5e1a5a5d310b59e9ad25d1bd70363-744x1039.png
ven-r06a,Vendetta,VEN,r06a,Order Rune,Rune,Showcase,Order,,,,,,True,,Basic,,https://cmsassets.rgpub.io/sanity/images/dsfx7636/game_data_live/35ec6fdd2124324bb7052cba31c8c44f2e98f3ae-744x1039.png
ogs-001,Origins: Proving Grounds,OGS,001,"Annie, Fiery",Unit,Epic,Fury,5,1,4,Annie|Noxus,,False,,Champion,Your spells and abilities deal 1 Bonus Damage. (Each instance of damage the spell deals is increased by 1.),https://cmsassets.rgpub.io/sanity/images/dsfx7636/game_data_live/532d75dc36a16eb5954253a77366fcceac7aec62-744x1039.png
ogs-002,Origins: Proving Grounds,OGS,002,Firestorm,Spell,Uncommon,Fury,6,1,,,,False,,,Deal 3 to all enemy units at a battlefield.,https://cmsassets.rgpub.io/sanity/images/dsfx7636/game_data_live/a7a34129e64f0296bf2da166c2b06ed156d568db-744x1039.png
ogs-003,Origins: Proving Grounds,OGS,003,Incinerate,Spell,Common,Fury,2,0,,,Action,False,,,[Action] (Play on your turn or in showdowns.) Deal 2 to a unit at a battlefield.,https://cmsassets.rgpub.io/sanity/images/dsfx7636/game_data_live/46e4eaada1412f9b6c24751bdb3932c6a51e905f-744x1039.png
ogs-004,Origins: Proving Grounds,OGS,004,"Master Yi, Meditative",Unit,Rare,Calm,5,1,4,Master Yi|Ionia,,False,,Champion,"While you have 8+ runes, I have +4 might.",https://cmsassets.rgpub.io/sanity/images/dsfx7636/game_data_live/5508566c8f05f09492148faa803332a731095eb7-744x1039.png
ogs-005,Origins: Proving Grounds,OGS,005,Zephyr Sage,Unit,Uncommon,Calm,6,1,6,Ionia|Bird,Shield,False,,,[Shield] (+1 might while I'm a defender.),https://cmsassets.rgpub.io/sanity/images/dsfx7636/game_data_live/7664b03bb107954195153d9f2f86c5d63682fa4b-744x1039.png
ogs-006,Origins: Proving Grounds,OGS,006,"Lux, Illuminated",Unit,Rare,Mind,6,1,5,Lux|Demacia,,False,,Champion,"When you play a spell that costs 5 energy or more, give me +3 might this turn.",https://cmsassets.rgpub.io/sanity/images/dsfx7636/game_data_live/a0d10edf30abb6fde21f5d386e9a7db3c1b0a098-744x1039.png
ogs-007,Origins: Proving Grounds,OGS,007,"Garen, Rugged",Unit,Rare,Body,6,1,5,Elite|Garen|Demacia,Assault|Shield,False,,Champion,"[Assault 2], [Shield 2] (+2 might while I'm an attacker or defender.)",https://cmsassets.rgpub.io/sanity/images/dsfx7636/game_data_live/67c22dc29a7a28dabe0f169a7848c25bef1fbda4-744x1039.png
ogs-008,Origins: Proving Grounds,OGS,008,Gentlemen's Duel,Spell,Common,Body,6,1,,,Action,False,,,[Action] (Play on your turn or in showdowns.) Give a friendly unit +3 might this turn. Then choose an enemy unit. They deal damage equal to their Mights to each other.,https://cmsassets.rgpub.io/sanity/images/dsfx7636/game_data_live/4568ab827fdcd42d6bb86b1c2de6182e286c9ee9-744x1039.png
ogs-009,Origins: Proving Grounds,OGS,009,"Master Yi, Honed",Unit,Epic,Body,7,1,6,Master Yi|Ionia,Ganking,False,,Champion,[Ganking] (I can move from battlefield to battlefield.) I enter ready.,https://cmsassets.rgpub.io/sanity/images/dsfx7636/game_data_live/0e16976cd6d7ee5a874be9351b428671990fbd25-744x1039.png
ogs-010,Origins: Proving Grounds,OGS,010,"Annie, Stubborn",Unit,Rare,Chaos,4,1,3,Annie|Noxus,,False,,Champion,"When you play me, return a spell from your trash to your hand.",https://cmsassets.rgpub.io/sanity/images/dsfx7636/game_data_live/44eb968cf0c54e75970588b69eef5c5f5ccc9b24-744x1039.png
ogs-011,Origins: Proving Grounds,OGS,011,Flash,Spell,Common,Chaos,2,0,,,Reaction,False,,,"[Reaction] (Play any time, even before spells and abilities resolve.) Move up to 2 friendly units to base.",https://cmsassets.rgpub.io/sanity/images/dsfx7636/game_data_live/4d9cc1c13b75933e509e642213f13359350cd3f9-744x1039.png
ogs-012,Origins: Proving Grounds,OGS,012,Blast of Power,Spell,Common,Order,6,1,,,Action,False,,,[Action] (Play on your turn or in showdowns.) Kill a unit at a battlefield.,https://cmsassets.rgpub.io/sanity/images/dsfx7636/game_data_live/026f851a703601fce4142c0791e913377c170b47-744x1039.png
ogs-013,Origins: Proving Grounds,OGS,013,"Garen, Commander",Unit,Epic,Order,6,1,5,Elite|Garen|Demacia,,False,,Champion,Other friendly units have +1 might here.,https://cmsassets.rgpub.io/sanity/images/dsfx7636/game_data_live/cbf2c12d69a86566e4cda07050b2d4495e40187e-744x1039.png
ogs-014,Origins: Proving Grounds,OGS,014,"Lux, Crownguard",Unit,Epic,Order,4,0,2,Lux|Demacia,Reaction|Add,False,,Champion,exhaust: [Reaction] — [Add] 2 energy. Use only to play spells. (Abilities that add resources can't be reacted to.),https://cmsassets.rgpub.io/sanity/images/dsfx7636/game_data_live/17d0793ad495727e67bb1c94ae0e11cd4705870f-744x1039.png
ogs-015,Origins: Proving Grounds,OGS,015,Recruit the Vanguard,Spell,Uncommon,Order,6,0,,,Action,False,,,[Action] (Play on your turn or in showdowns.) Play four 1 might Recruit unit tokens. (They can be played to your base or to battlefields you control.),https://cmsassets.rgpub.io/sanity/images/dsfx7636/game_data_live/81d1c47459606f7b627778cce9b5f0e44d80f7fa-744x1039.png
ogs-016,Origins: Proving Grounds,OGS,016,Vanguard Attendant,Unit,Common,Order,6,1,5,Elite|Demacia,,False,,,I enter ready.,https://cmsassets.rgpub.io/sanity/images/dsfx7636/game_data_live/4ce467c1d51a65ab4fbae918dca38ae90b510844-744x1039.png
ogs-017,Origins: Proving Grounds,OGS,017,"Annie, Dark Child",Legend,Rare,Fury|Chaos,,,,Annie,,False,,Champion,"At the end of your turn, ready 2 runes.",https://cmsassets.rgpub.io/sanity/images/dsfx7636/game_data_live/89963e1d1cffd69c620fb5d6b037f50d5c334463-744x1039.png
ogs-018,Origins: Proving Grounds,OGS,018,Tibbers,Unit,Epic,Fury|Chaos,8,2,7,Annie,,False,,Signature,"When you play me, deal 3 to all units at battlefields.",https://cmsassets.rgpub.io/sanity/images/dsfx7636/game_data_live/74f8bc78573b33d9979b0e9c121b858d770a490c-744x1039.png
ogs-019,Origins: Proving Grounds,OGS,019,"Master Yi, Wuju Bladesman",Legend,Rare,Calm|Body,,,,Master Yi,,False,,Champion,"While a friendly unit defends alone, it gets +2 might.",https://cmsassets.rgpub.io/sanity/images/dsfx7636/game_data_live/8231ced23eaf22ca3bf62ec8cb86b83a3e222da6-744x1039.png
ogs-020,Origins: Proving Grounds,OGS,020,Highlander,Spell,Epic,Calm|Body,4,0,,Master Yi,Reaction,False,,Signature,"[Reaction] (Play any time, even before spells and abilities resolve.) Choose a friendly unit. The next time it dies this turn, recall it exhausted instead. (Send it to base. This isn't a move.)",https://cmsassets.rgpub.io/sanity/images/dsfx7636/game_data_live/18c0818cbbfdf26a1237b4f7703b1f035f47b014-744x1039.png
ogs-021,Origins: Proving Grounds,OGS,021,"Lux, Lady of Luminosity",Legend,Rare,Mind|Order,,,,Lux,,False,,Champion,"When you play a spell that costs 5 energy or more, draw 1.",https://cmsassets.rgpub.io/sanity/images/dsfx7636/game_data_live/44885d811b70621b188d9813b2b10b5cff1b81e6-744x1039.png
ogs-022,Origins: Proving Grounds,OGS,022,Final Spark,Spell,Epic,Mind|Order,8,0,,Lux,Action,False,,Signature,[Action] (Play on your turn or in showdowns.) Deal 8 to a unit.,https://cmsassets.rgpub.io/sanity/images/dsfx7636/game_data_live/4558a2dc1bb1f1b8a73ec0d82244654e84b12687-744x1039.png
ogs-023,Origins: Proving Grounds,OGS,023,"Garen, Might of Demacia",Legend,Rare,Body|Order,,,,Garen,,False,,Champion,"When you conquer, if you have 4+ units at that battlefield, draw 2.",https://cmsassets.rgpub.io/sanity/images/dsfx7636/game_data_live/e7185deb46f17770802d06aeddfe3b929afff880-744x1039.png
ogs-024,Origins: Proving Grounds,OGS,024,Decisive Strike,Spell,Epic,Body|Order,5,1,,Garen,Action,False,,Signature,[Action] (Play on your turn or in showdowns.) Give friendly units +2 might this turn.,https://cmsassets.rgpub.io/sanity/images/dsfx7636/game_data_live/986782271be078c184a8d1c196e375106459c6c5-744x1039.png
