id,set,set_code,collector_number,name,type,rarity,domain,energy_cost,power_cost,might,tags,keywords,is_variant,banned_standard,supertype,text
ogn-001,Origins,OGN,001,Blazing Scorcher,Unit,Common,Fury,5,0,5,Dragon|Noxus,Accelerate,False,,,[Accelerate] (You may pay 1 energy and 1 fury rune as an additional cost to have me enter ready.)
ogn-002,Origins,OGN,002,Brazen Buccaneer,Unit,Common,Fury,6,0,5,Pirate|Bilgewater,,False,,,"As you play me, you may discard 1 as an additional cost. If you do, reduce my cost by 2 energy."
ogn-003,Origins,OGN,003,Chemtech Enforcer,Unit,Common,Fury,2,0,2,Zaun,Assault,False,,,"[Assault 2] (+2 might while I'm an attacker.) When you play me, discard 1."
ogn-004,Origins,OGN,004,Cleave,Spell,Common,Fury,1,0,,,Action|Assault,False,,,[Action] (Play on your turn or in showdowns.) Give a unit [Assault 3] this turn. (+3 might while it's an attacker.)
ogn-005,Origins,OGN,005,Disintegrate,Spell,Common,Fury,4,0,,,Action,False,,,"[Action] (Play on your turn or in showdowns.) Deal 3 to a unit at a battlefield. If this kills it, draw 1."
ogn-006,Origins,OGN,006,Flame Chompers,Unit,Common,Fury,3,0,3,Zaun,,False,,,"When you discard me, you may pay 1 fury rune to play me."
ogn-007,Origins,OGN,007,Fury Rune,Rune,Common,Fury,,,,,,False,,Basic,
ogn-008,Origins,OGN,008,Get Excited!,Spell,Common,Fury,2,1,,,Action,False,,,[Action] (Play on your turn or in showdowns.) Discard 1. Deal its Energy cost as damage to a unit at a battlefield. (Ignore its Power cost.)
ogn-009,Origins,OGN,009,Hextech Ray,Spell,Common,Fury,1,1,,,Action,False,,,[Action] (Play on your turn or in showdowns.) Deal 3 to a unit at a battlefield.
ogn-010,Origins,OGN,010,Legion Rearguard,Unit,Common,Fury,2,0,2,Trifarian|Noxus,Accelerate,False,,,[Accelerate] (You may pay 1 energy and 1 fury rune as an additional cost to have me enter ready.)
ogn-011,Origins,OGN,011,Magma Wurm,Unit,Common,Fury,8,1,8,Freljord,,False,,,Other friendly units enter ready.
ogn-012,Origins,OGN,012,Noxus Hopeful,Unit,Common,Fury,4,0,4,Trifarian|Noxus,Legion,False,,,[Legion] — I cost 2 energy less. (Get the effect if you've played another card this turn.)
ogn-013,Origins,OGN,013,Pouty Poro,Unit,Common,Fury,2,0,2,Poro,Deflect,False,,,[Deflect] (Opponents must pay 1 rune of any type to choose me with a spell or ability.)
ogn-014,Origins,OGN,014,Sky Splitter,Spell,Common,Fury,8,1,,,Action,False,,,[Action] (Play on your turn or in showdowns.) This spell's Energy cost is reduced by the highest Might among units you control. Deal 5 to a unit at a battlefield.
ogn-015,Origins,OGN,015,Captain Farron,Unit,Uncommon,Fury,4,1,5,Trifarian|Noxus,Assault,False,,,Other friendly units here have [Assault]. (+1 might while they're attackers.)
ogn-016,Origins,OGN,016,Dangerous Duo,Unit,Uncommon,Fury,3,0,3,Mech|Bandle City,Legion,False,,,"[Legion] — When you play me, give a unit +2 might this turn. (Get the effect if you've played another card this turn.)"
ogn-017,Origins,OGN,017,Iron Ballista,Gear,Uncommon,Fury,3,0,,,,False,,,This enters exhausted. exhaust: Deal 2 to a unit at a battlefield.
ogn-018,Origins,OGN,018,Noxus Saboteur,Unit,Uncommon,Fury,3,0,3,Trifarian|Noxus,Hidden,False,,,Your opponents' [Hidden] cards can't be revealed here.
ogn-019,Origins,OGN,019,Raging Soul,Unit,Uncommon,Fury,4,0,4,Spirit|Shadow Isles,Assault|Ganking,False,,,"If you've discarded a card this turn, I have [Assault] and [Ganking]. (+1 might while I'm an attacker. I can move from battlefield to battlefield.)"
ogn-020,Origins,OGN,020,Scrapyard Champion,Unit,Uncommon,Fury,5,1,5,Mech|Bandle City,Legion,False,,,"[Legion] — When you play me, discard 2, then draw 2. (Get the effect if you've played another card this turn.)"
ogn-021,Origins,OGN,021,Sun Disc,Gear,Uncommon,Fury,2,1,,,Legion,False,,,exhaust: [Legion] — The next unit you play this turn enters ready. (Get the effect if you've played another card this turn.)
ogn-022,Origins,OGN,022,Thermo Beam,Spell,Uncommon,Fury,5,2,,,Action,False,,,[Action] (Play on your turn or in showdowns.) Kill all gear.
ogn-023,Origins,OGN,023,Unlicensed Armory,Gear,Uncommon,Fury,2,0,,,,False,,,"Discard 1, exhaust: Choose a friendly unit. The next time it dies this turn, you may pay 1 fury rune to recall it exhausted instead. (Send it to base. This isn't a move.)"
ogn-024,Origins,OGN,024,Void Seeker,Spell,Uncommon,Fury,3,1,,,Action,False,,,[Action] (Play on your turn or in showdowns.) Deal 4 to a unit at a battlefield. Draw 1.
ogn-025,Origins,OGN,025,Blind Fury,Spell,Rare,Fury,4,2,,,Action,False,,,"[Action] (Play on your turn or in showdowns.) Each opponent reveals the top card of their Main Deck. Choose one and banish it, then play it, ignoring its cost. Then recycle the rest."
ogn-026,Origins,OGN,026,Brynhir Thundersong,Unit,Rare,Fury,6,0,5,Freljord,,False,,,"When you play me, opponents can't play cards this turn."
ogn-027,Origins,OGN,027,"Darius, Trifarian",Unit,Rare,Fury,5,1,5,Trifarian|Darius|Noxus,,False,,Champion,"When you play your second card in a turn, give me +2 might this turn and ready me."
ogn-028,Origins,OGN,028,"Draven, Showboat",Unit,Rare,Fury,5,1,3,Draven|Noxus,,False,,Champion,My Might is increased by your points.
ogn-029,Origins,OGN,029,Falling Star,Spell,Rare,Fury,2,2,,,,False,,,Deal 3 to a unit. Deal 3 to a unit.
ogn-030,Origins,OGN,030,"Jinx, Demolitionist",Unit,Rare,Fury,3,1,4,Jinx|Zaun,Accelerate|Assault,False,,Champion,"[Accelerate] (You may pay 1 energy and 1 fury rune as an additional cost to have me enter ready.) [Assault 2] (+2 might while I'm an attacker.) When you play me, discard 2."
ogn-031,Origins,OGN,031,Raging Firebrand,Unit,Rare,Fury,6,1,4,Dragon|Mount Targon,,False,,,"When you play me, the next spell you play this turn costs 5 energy less."
ogn-032,Origins,OGN,032,Ravenborn Tome,Gear,Rare,Fury,3,0,,,,False,,,exhaust: The next spell you play this turn deals 1 Bonus Damage. (Each instance of damage the spell deals is increased by 1.)
ogn-033,Origins,OGN,033,Shakedown,Spell,Rare,Fury,2,1,,,Reaction,False,,,"[Reaction] (Play any time, even before spells and abilities resolve.) Choose an enemy unit. Deal 6 to it unless its controller has you draw 2."
ogn-034,Origins,OGN,034,"Tryndamere, Barbarian",Unit,Rare,Fury,7,2,8,Tryndamere|Freljord,,False,,Champion,"When I conquer after an attack, if you assigned 5 or more excess damage to enemy units, you score 1 point."
ogn-035,Origins,OGN,035,"Vayne, Hunter",Unit,Rare,Fury,4,1,2,Vayne|Demacia,Assault,False,,Champion,"[Assault 3] (+3 might while I'm an attacker.) If an opponent controls a battlefield, I enter ready. When I conquer, you may pay 1 energy to return me to my owner's hand."
ogn-036,Origins,OGN,036,"Vi, Destructive",Unit,Rare,Fury,2,1,3,Vi|Piltover,Ganking,False,,Champion,[Ganking] (I can move from battlefield to battlefield.) Recycle 1 from your trash: Give me +1 might this turn.
ogn-037,Origins,OGN,037,Immortal Phoenix,Unit,Epic,Fury,3,1,3,Spirit,Assault,False,,,"[Assault 2] (+2 might while I'm an attacker.) When you kill a unit with a spell, you may pay 1 energy and 1 fury rune to play me from your trash."
ogn-038,Origins,OGN,038,Kadregrin the Infernal,Unit,Epic,Fury,9,2,9,Dragon|Demacia,Mighty,False,,,"When you play me, draw 1 for each of your [Mighty] units. (A unit is Mighty while it has 5+ might.)"
ogn-039,Origins,OGN,039,"Kai'Sa, Survivor",Unit,Epic,Fury,4,0,4,Kai'Sa|The Void,Accelerate,False,,Champion,"[Accelerate] (You may pay 1 energy and 1 fury rune as an additional cost to have me enter ready.) When I conquer, draw 1."
ogn-040,Origins,OGN,040,Seal of Rage,Gear,Epic,Fury,0,1,,,Reaction|Add,False,,,exhaust: [Reaction] — [Add] 1 fury rune. (Abilities that add resources can't be reacted to.)
ogn-041,Origins,OGN,041,"Volibear, Furious",Unit,Epic,Fury,10,2,9,Volibear|Freljord,Deflect,False,,Champion,"[Deflect 2] (Opponents must pay 2 runes of any type to choose me with a spell or ability.) When I attack, deal 5 damage split among any number of enemy units here."
ogn-042,Origins,OGN,042,Calm Rune,Rune,Common,Calm,,,,,,False,,Basic,
ogn-043,Origins,OGN,043,Charm,Spell,Common,Calm,1,1,,,,False,,,Move an enemy unit.
ogn-044,Origins,OGN,044,Clockwork Keeper,Unit,Common,Calm,2,0,2,Shurima,,False,,,"As you play me, you may pay 1 calm rune as an additional cost. If you do, draw 1."
ogn-045,Origins,OGN,045,Defy,Spell,Common,Calm,1,1,,,Reaction,False,,,"[Reaction] (Play any time, even before spells and abilities resolve.) Counter a spell that costs no more than 4 energy and no more than 1 rune of any type."
ogn-046,Origins,OGN,046,En Garde,Spell,Common,Calm,1,0,,,Reaction,False,,,"[Reaction] (Play any time, even before spells and abilities resolve.) Give a friendly unit +1 might this turn, then an additional +1 might this turn if it is the only unit you control there."
ogn-047,Origins,OGN,047,Find Your Center,Spell,Common,Calm,3,0,,,Action,False,,,"[Action] (Play on your turn or in showdowns.) If an opponent's score is within 3 points of the Victory Score, this costs 2 energy less. Draw 1 and channel 1 rune exhausted."
ogn-048,Origins,OGN,048,Meditation,Spell,Common,Calm,2,0,,,Reaction,False,,,"[Reaction] (Play any time, even before spells and abilities resolve.) As an additional cost to play this, you may exhaust a friendly unit. If you do, draw 2. Otherwise, draw 1."
ogn-049,Origins,OGN,049,Playful Phantom,Unit,Common,Calm,5,0,5,Spirit|Shadow Isles,,False,,,
ogn-050,Origins,OGN,050,Rune Prison,Spell,Common,Calm,2,1,,,Action,False,,,[Action] (Play on your turn or in showdowns.) Stun a unit. (It doesn't deal combat damage this turn.)
ogn-051,Origins,OGN,051,Solari Shieldbearer,Unit,Common,Calm,3,0,2,Mount Targon,,False,,,"When you play me, stun a unit. (It doesn't deal combat damage this turn.)"
ogn-052,Origins,OGN,052,Stalwart Poro,Unit,Common,Calm,2,0,2,Poro,Shield,False,,,[Shield] (+1 might while I'm a defender.)
ogn-053,Origins,OGN,053,Stand United,Spell,Common,Calm,3,0,,,Hidden|Action,False,,,"[Hidden] (Hide now for 1 rune of any type to react with later for 0 energy.) [Action] (Play on your turn or in showdowns.) Buff a friendly unit. Buffs give an additional +1 might to friendly units this turn. (To buff a unit, give it a +1 might buff if it doesn't already have one.)"
ogn-054,Origins,OGN,054,Sunlit Guardian,Unit,Common,Calm,3,0,3,Shurima,Shield|Tank,False,,,[Shield] (+1 might while I'm a defender.) [Tank] (I must be assigned combat damage first.)
ogn-055,Origins,OGN,055,Wielder of Water,Unit,Common,Calm,3,0,2,Ionia,,False,,,"While I'm attacking or defending alone, I have +2 might."
ogn-056,Origins,OGN,056,Adaptatron,Unit,Uncommon,Calm,4,0,3,Mech|Piltover,,False,,,"When I conquer, you may kill a gear. If you do, buff me. (If I don't have a buff, I get a +1 might buff.)"
ogn-057,Origins,OGN,057,Block,Spell,Uncommon,Calm,2,0,,,Hidden|Action|Shield|Tank,False,,,[Hidden] (Hide now for 1 rune of any type to react with later for 0 energy.) [Action] (Play on your turn or in showdowns.) Give a unit [Shield 3] and [Tank] this turn. (+3 might while it's a defender. It must be assigned combat damage first.)
ogn-058,Origins,OGN,058,Discipline,Spell,Uncommon,Calm,2,0,,,Reaction,False,,,"[Reaction] (Play any time, even before spells and abilities resolve.) Give a unit +2 might this turn. Draw 1."
ogn-059,Origins,OGN,059,Eclipse Herald,Unit,Uncommon,Calm,7,1,7,Bird|Mount Targon,,False,,,"When you stun an enemy unit, ready me and give me +1 might this turn."
ogn-060,Origins,OGN,060,Mask of Foresight,Gear,Uncommon,Calm,2,0,,,,False,,,"When a friendly unit attacks or defends alone, give it +1 might this turn."
ogn-061,Origins,OGN,061,Poro Herder,Unit,Uncommon,Calm,3,1,3,Freljord,,False,,,"When you play me, if you control a Poro, buff me and draw 1. (If I don't have a buff, I get a +1 might buff.)"
ogn-062,Origins,OGN,062,Reinforce,Spell,Uncommon,Calm,5,0,,,,False,,,"Look at the top 5 cards of your Main Deck. You may banish a unit from among them, then play it, reducing its cost by 5 energy. Recycle the remaining cards."
ogn-063,Origins,OGN,063,Spirit's Refuge,Gear,Uncommon,Calm,2,1,,,Deflect,False,,,"When you play this, buff a friendly unit. (If it doesn't have a buff, it gets a +1 might buff.) Friendly buffed units have [Deflect] if they didn't already. (Opponents must pay 1 rune of any type to choose those units with a spell or ability.)"
ogn-064,Origins,OGN,064,Wind Wall,Spell,Uncommon,Calm,3,2,,,Reaction,False,,,"[Reaction] (Play any time, even before spells and abilities resolve.) Counter a spell."
ogn-065,Origins,OGN,065,Wizened Elder,Unit,Uncommon,Calm,4,0,4,Ionia,,False,,,"While I'm buffed, I have an additional +1 might."
ogn-066,Origins,OGN,066,"Ahri, Alluring",Unit,Rare,Calm,5,1,4,Ahri|Ionia,,False,,Champion,"When I hold, you score 1 point."
ogn-067,Origins,OGN,067,"Blitzcrank, Impassive",Unit,Rare,Calm,5,1,5,Mech|Blitzcrank|Zaun,Tank,False,,Champion,"[Tank] (I must be assigned combat damage first.) When you play me to a battlefield, you may move an enemy unit to here. When I hold, return me to my owner's hand."
ogn-068,Origins,OGN,068,"Caitlyn, Patrolling",Unit,Rare,Calm,3,1,3,Caitlyn|Piltover,,False,,Champion,I must be assigned combat damage last. exhaust: Deal damage equal to my Might to a unit at a battlefield. Use this ability only while I'm at a battlefield.
ogn-069,Origins,OGN,069,Last Stand,Spell,Rare,Calm,3,1,,,Action|Temporary,False,,,"[Action] (Play on your turn or in showdowns.) Double a friendly unit's Might this turn. Give it [Temporary]. (Kill it at the start of its controller's Beginning Phase, before scoring.)"
ogn-070,Origins,OGN,070,Mageseeker Warden,Unit,Rare,Calm,6,1,5,Demacia,,False,,,"While I'm at a battlefield, opponents can only play units to their base. While I'm at a battlefield, spells and abilities can't ready enemy units and gear."
ogn-071,Origins,OGN,071,Party Favors,Spell,Rare,Calm,3,0,,,,False,,,"Each other player chooses Cards or Runes. For each player that chooses Cards, you and that player each draw 1. For each player that chooses Runes, you and that player each channel 1 rune exhausted."
ogn-072,Origins,OGN,072,Solari Shrine,Gear,Rare,Calm,3,0,,,,False,,,"When you kill a stunned enemy unit, you may exhaust this to draw 1."
ogn-073,Origins,OGN,073,"Sona, Harmonious",Unit,Rare,Calm,4,1,4,Sona|Demacia,,False,,Champion,"While I'm at a battlefield, ready 4 friendly runes at the end of your turn."
ogn-074,Origins,OGN,074,"Taric, Protector",Unit,Rare,Calm,4,1,4,Taric|Mount Targon,Shield|Tank,False,,Champion,[Shield] (+1 might while I'm a defender.) [Tank] (I must be assigned combat damage first.) Other friendly units here have [Shield].
ogn-075,Origins,OGN,075,Tasty Faefolk,Unit,Rare,Calm,7,0,6,Fae|Bandle City,Accelerate|Deathknell,False,,,"[Accelerate] (You may pay 1 energy and 1 calm rune as an additional cost to have me enter ready.) [Deathknell] — Channel 2 runes exhausted and draw 1. (When I die, get the effect.)"
ogn-076,Origins,OGN,076,"Yasuo, Remorseful",Unit,Rare,Calm,6,2,6,Yasuo|Ionia,,False,,Champion,"When I attack, deal damage equal to my Might to an enemy unit here."
ogn-077,Origins,OGN,077,Zhonya's Hourglass,Gear,Rare,Calm,2,0,,,Hidden,False,,,"[Hidden] (Hide now for 1 rune of any type to react with later for 0 energy.) The next time a friendly unit would die, kill this instead. Recall that unit exhausted. (Send it to base. This isn't a move.)"
ogn-078,Origins,OGN,078,"Lee Sin, Ascetic",Unit,Epic,Calm,5,1,5,Lee Sin|Ionia,Shield,False,,Champion,[Shield] (+1 might while I'm a defender.) exhaust: Buff me. (I get a +1 might buff.) I can have any number of buffs.
ogn-079,Origins,OGN,079,"Leona, Zealot",Unit,Epic,Calm,6,1,6,Leona|Mount Targon,,False,,Champion,"If an opponent's score is within 3 points of the Victory Score, I enter ready. Stunned enemy units here have -8 might, to a minimum of 1 might."
ogn-080,Origins,OGN,080,Mystic Reversal,Spell,Epic,Calm,4,3,,,Reaction,False,,,"[Reaction] (Play any time, even before spells and abilities resolve.) Gain control of a spell. You may make new choices for it."
ogn-081,Origins,OGN,081,Seal of Focus,Gear,Epic,Calm,0,1,,,Reaction|Add,False,,,exhaust: [Reaction] — [Add] 1 calm rune. (Abilities that add resources can't be reacted to.)
ogn-082,Origins,OGN,082,Whiteflame Protector,Unit,Epic,Calm,8,2,8,Dragon|Mount Targon,,False,,,"When you play me, give a unit +8 might this turn."
ogn-083,Origins,OGN,083,Consult the Past,Spell,Common,Mind,4,0,,,Hidden|Reaction,False,,,"[Hidden] (Hide now for 1 rune of any type to react with later for 0 energy.) [Reaction] (Play any time, even before spells and abilities resolve.) Draw 2."
ogn-084,Origins,OGN,084,Eager Apprentice,Unit,Common,Mind,3,0,3,Piltover,,False,,,"While I'm at a battlefield, the Energy costs for spells you play is reduced by 1 energy, to a minimum of 1 energy."
ogn-085,Origins,OGN,085,Falling Comet,Spell,Common,Mind,5,0,,,Action,False,,,[Action] (Play on your turn or in showdowns.) Deal 6 to a unit at a battlefield.
ogn-086,Origins,OGN,086,Jeweled Colossus,Unit,Common,Mind,5,0,5,Mount Targon,Vision|Shield,False,,,"[Vision] (When you play me, look at the top card of your Main Deck. You may recycle it.) [Shield] (+1 might while I'm a defender.)"
ogn-087,Origins,OGN,087,Lecturing Yordle,Unit,Common,Mind,3,0,2,Yordle|Bandle City,Tank,False,,,"[Tank] (I must be assigned combat damage first.) When you play me, draw 1."
ogn-088,Origins,OGN,088,Mega-Mech,Unit,Common,Mind,7,0,8,Mech|Bandle City,,False,,,
ogn-089,Origins,OGN,089,Mind Rune,Rune,Common,Mind,,,,,,False,,Basic,
ogn-090,Origins,OGN,090,Orb of Regret,Gear,Common,Mind,1,0,,,,False,,,"exhaust: Give a unit -1 might this turn, to a minimum of 1 might."
ogn-091,Origins,OGN,091,Pit Crew,Unit,Common,Mind,3,0,3,Bandle City,,False,,,"When you play a gear, ready me."
ogn-092,Origins,OGN,092,Riptide Rex,Unit,Common,Mind,6,2,6,Pirate|Bilgewater,,False,,,"When you play me, deal 6 to an enemy unit at a battlefield."
ogn-093,Origins,OGN,093,Smoke Screen,Spell,Common,Mind,2,1,,,Reaction,False,,,"[Reaction] (Play any time, even before spells and abilities resolve.) Give a unit -4 might this turn, to a minimum of 1 might."
ogn-094,Origins,OGN,094,Sprite Call,Spell,Common,Mind,3,0,,,Hidden|Action|Temporary,False,,,"[Hidden] (Hide now for 1 rune of any type to react with later for 0 energy.) [Action] (Play on your turn or in showdowns.) Play a ready 3 might Sprite unit token with [Temporary]. (Kill it at the start of its controller's Beginning Phase, before scoring.)"
ogn-095,Origins,OGN,095,Stupefy,Spell,Common,Mind,1,0,,,Reaction,False,,,"[Reaction] (Play any time, even before spells and abilities resolve.) Give a unit -1 might this turn, to a minimum of 1 might. Draw 1."
ogn-096,Origins,OGN,096,Watchful Sentry,Unit,Common,Mind,2,0,1,Freljord,Deathknell,False,,,"[Deathknell] — Draw 1. (When I die, get the effect.)"
ogn-097,Origins,OGN,097,Blastcone Fae,Unit,Uncommon,Mind,2,1,2,Fae|Bandle City,Hidden,False,,,"[Hidden] (Hide now for 1 rune of any type to react with later for 0 energy.) When you play me, give a unit -2 might this turn, to a minimum of 1 might."
ogn-098,Origins,OGN,098,Energy Conduit,Gear,Uncommon,Mind,3,0,,,Reaction|Add,False,,,exhaust: [Reaction] — [Add] 1 energy. (Abilities that add resources can't be reacted to.)
ogn-099,Origins,OGN,099,Garbage Grabber,Gear,Uncommon,Mind,2,0,,,,False,,,"Recycle 3 from your trash, 1 energy, exhaust: Draw 1."
ogn-100,Origins,OGN,100,Gemcraft Seer,Unit,Uncommon,Mind,3,1,3,Mount Targon,Vision,False,,,"[Vision] (When you play me, look at the top card of your Main Deck. You may recycle it.) Other friendly units have [Vision]."
ogn-101,Origins,OGN,101,Mushroom Pouch,Gear,Uncommon,Mind,2,0,,,,False,,,"At the start of your Beginning Phase, if you control a facedown card at a battlefield, draw 1."
ogn-102,Origins,OGN,102,Portal Rescue,Spell,Uncommon,Mind,3,1,,,Action,False,,,"[Action] (Play on your turn or in showdowns.) Banish a friendly unit, then play it to base, ignoring its cost."
ogn-103,Origins,OGN,103,Ravenbloom Student,Unit,Uncommon,Mind,2,0,2,Noxus,,False,,,"When you play a spell, give me +1 might this turn."
ogn-104,Origins,OGN,104,Retreat,Spell,Uncommon,Mind,1,0,,,Reaction,False,,,"[Reaction] (Play any time, even before spells and abilities resolve.) Return a friendly unit to its owner's hand. Its owner channels 1 rune exhausted."
ogn-105,Origins,OGN,105,Singularity,Spell,Uncommon,Mind,6,2,,,,False,,,Deal 6 to each of up to two units.
ogn-106,Origins,OGN,106,Sprite Mother,Unit,Uncommon,Mind,4,1,3,Fae,Temporary,False,,,"When you play me, play a ready 3 might Sprite unit token with [Temporary] here. (Kill it at the start of its controller's Beginning Phase, before scoring.)"
ogn-107,Origins,OGN,107,Ava Achiever,Unit,Rare,Mind,5,0,4,Yordle,Hidden,False,,,"When I attack, you may pay 1 mind rune to play a card with [Hidden] from your hand here, ignoring its cost."
ogn-108,Origins,OGN,108,Convergent Mutation,Spell,Rare,Mind,2,1,,,Reaction,False,,,"[Reaction] (Play any time, even before spells and abilities resolve.) Choose a friendly unit. This turn, increase its Might to the Might of another friendly unit."
ogn-109,Origins,OGN,109,"Dr. Mundo, Expert",Unit,Rare,Mind,8,2,6,Dr. Mundo|Zaun,,False,,Champion,"My Might is increased by the number of cards in your trash. At the start of your Beginning Phase, recycle 3 from your trash."
ogn-110,Origins,OGN,110,"Ekko, Recurrent",Unit,Rare,Mind,5,1,5,Ekko|Zaun,Accelerate|Deathknell,False,2026-09-18,Champion,"[Accelerate] (You may pay 1 energy and 1 mind rune as an additional cost to have me enter ready.) [Deathknell] — Recycle me to ready your runes. (When I die, get the effect.)"
ogn-111,Origins,OGN,111,"Heimerdinger, Inventor",Unit,Rare,Mind,3,1,3,Yordle|Heimerdinger|Piltover,,False,,Champion,"I have all exhaust abilities of all friendly legends, units, and gear."
ogn-112,Origins,OGN,112,"Kai'Sa, Evolutionary",Unit,Rare,Mind,6,1,6,Kai'Sa|The Void,Ganking,False,,Champion,"[Ganking] (I can move from battlefield to battlefield.) When I conquer, you may play a spell from your trash with Energy cost less than your points without paying its Energy cost. Then recycle it. (You must still pay its Power cost.)"
ogn-113,Origins,OGN,113,"Malzahar, Fanatic",Unit,Rare,Mind,4,0,3,Malzahar|The Void,Action|Add,False,,Champion,"Kill a friendly unit or gear, exhaust: [Action] — [Add] 2 runes of any type. (Use on your turn or in showdowns. Abilities that add resources can't be reacted to.)"
ogn-114,Origins,OGN,114,Progress Day,Spell,Rare,Mind,6,1,,,,False,,,Draw 4.
ogn-115,Origins,OGN,115,Promising Future,Spell,Rare,Mind,5,1,,,,False,,,"Each player looks at the top 5 cards of their Main Deck, chooses one, then recycles the rest. Starting with the next player, each player plays those cards, ignoring Energy costs. (They must still pay Power costs.)"
ogn-116,Origins,OGN,116,Thousand-Tailed Watcher,Unit,Rare,Mind,7,1,7,Ionia,Accelerate,False,,,"[Accelerate] (You may pay 1 energy and 1 mind rune as an additional cost to have me enter ready.) When you play me, give enemy units -3 might this turn, to a minimum of 1 might."
ogn-117,Origins,OGN,117,"Viktor, Innovator",Unit,Rare,Mind,4,1,3,Viktor|Zaun,,False,,Champion,"When you play a card on an opponent's turn, play a 1 might Recruit unit token in your base."
ogn-118,Origins,OGN,118,Wraith of Echoes,Unit,Rare,Mind,6,1,5,Spirit|Shadow Isles,,False,,,"The first time a friendly unit dies each turn, draw 1."
ogn-119,Origins,OGN,119,"Ahri, Inquisitive",Unit,Epic,Mind,3,1,3,Ahri|Ionia,,False,,Champion,"When I attack or defend, give an enemy unit here -2 might this turn, to a minimum of 1 might."
ogn-120,Origins,OGN,120,Seal of Insight,Gear,Epic,Mind,0,1,,,Reaction|Add,False,,,exhaust: [Reaction] — [Add] 1 mind rune. (Abilities that add resources can't be reacted to.)
ogn-121,Origins,OGN,121,"Teemo, Strategist",Unit,Epic,Mind,2,1,2,Yordle|Teemo|Bandle City,Hidden,False,,Champion,"[Hidden] (Hide now for 1 rune of any type to react with later for 0 energy.) When I defend or I'm played from [Hidden], reveal the top 5 cards of your Main Deck. Deal 1 to an enemy unit here for each card with [Hidden], then recycle them."
ogn-122,Origins,OGN,122,Time Warp,Spell,Epic,Mind,10,4,,,,False,,,Take a turn after this one. Banish this.
ogn-123,Origins,OGN,123,Unchecked Power,Spell,Epic,Mind,7,2,,,,False,,,"Exhaust all friendly units, then deal 12 to ALL units at battlefields."
ogn-124,Origins,OGN,124,Arena Bar,Gear,Common,Body,3,0,,,,False,,,"exhaust: Buff an exhausted friendly unit. (If it doesn't have a buff, it gets a +1 might buff.)"
ogn-125,Origins,OGN,125,Bilgewater Bully,Unit,Common,Body,6,0,6,Bilgewater,Ganking,False,,,"While I'm buffed, I have [Ganking]. (I can move from battlefield to battlefield.)"
ogn-126,Origins,OGN,126,Body Rune,Rune,Common,Body,,,,,,False,,Basic,
ogn-127,Origins,OGN,127,Cannon Barrage,Spell,Common,Body,2,1,,,Reaction,False,,,"[Reaction] (Play any time, even before spells and abilities resolve.) Deal 2 to all enemy units in combat."
ogn-128,Origins,OGN,128,Challenge,Spell,Common,Body,2,1,,,Action,False,,,[Action] (Play on your turn or in showdowns.) Choose a friendly unit and an enemy unit. They deal damage equal to their Mights to each other.
ogn-129,Origins,OGN,129,Confront,Spell,Common,Body,2,0,,,Action,False,,,[Action] (Play on your turn or in showdowns.) Units you play this turn enter ready. Draw 1.
ogn-130,Origins,OGN,130,Crackshot Corsair,Unit,Common,Body,3,0,3,Pirate|Bilgewater,,False,,,"When I attack, deal 1 to an enemy unit here."
ogn-131,Origins,OGN,131,Dune Drake,Unit,Common,Body,5,0,5,Dragon|Shurima,,False,,,"When I attack, give me +2 might this turn if there is a ready enemy unit here."
ogn-132,Origins,OGN,132,First Mate,Unit,Common,Body,3,0,3,Pirate|Bilgewater,,False,,,"When you play me, ready another unit."
ogn-133,Origins,OGN,133,Flurry of Blades,Spell,Common,Body,1,0,,,Reaction,False,,,"[Reaction] (Play any time, even before spells and abilities resolve.) Deal 1 to all units at battlefields."
ogn-134,Origins,OGN,134,Mobilize,Spell,Common,Body,2,0,,,,False,,,"Channel 1 rune exhausted. If you can't, draw 1."
ogn-135,Origins,OGN,135,Pakaa Cub,Unit,Common,Body,3,0,3,Cat|Ixtal,Hidden,False,,,[Hidden] (Hide now for 1 rune of any type to react with later for 0 energy.)
ogn-136,Origins,OGN,136,Pit Rookie,Unit,Common,Body,2,0,2,Bilgewater,,False,,,"When you play me, buff another friendly unit. (If it doesn't have a buff, it gets a +1 might buff.)"
ogn-137,Origins,OGN,137,Stormclaw Ursine,Unit,Common,Body,7,0,6,Freljord,Tank,False,,,"[Tank] (I must be assigned combat damage first.) When you play me, channel 1 rune exhausted."
ogn-138,Origins,OGN,138,Catalyst of Aeons,Spell,Uncommon,Body,4,0,,,,False,,,"Channel 2 runes exhausted. If you couldn't channel 2 runes this way, draw 1."
ogn-139,Origins,OGN,139,Cithria of Cloudfield,Unit,Uncommon,Body,2,0,1,Elite|Demacia,,False,,,"When you play another unit, buff me. (If I don't have a buff, I get a +1 might buff.)"
ogn-140,Origins,OGN,140,Herald of Scales,Unit,Uncommon,Body,4,0,3,Mount Targon,,False,,,"Your Dragons' Energy costs are reduced by 2 energy, to a minimum of 1 energy."
ogn-141,Origins,OGN,141,Kinkou Monk,Unit,Uncommon,Body,4,1,4,Ionia,,False,,,"When you play me, buff up to two other friendly units. (Each one that doesn't have a buff gets a +1 might buff.)"
ogn-142,Origins,OGN,142,Mountain Drake,Unit,Uncommon,Body,9,0,10,Dragon,,False,,,
ogn-143,Origins,OGN,143,Pirate's Haven,Gear,Uncommon,Body,3,0,,,,False,,,"When you ready a friendly unit, give it +1 might this turn."
ogn-144,Origins,OGN,144,Spoils of War,Spell,Uncommon,Body,4,1,,,Reaction,False,,,"[Reaction] (Play any time, even before spells and abilities resolve.) If an enemy unit has died this turn, this costs 2 energy less. Draw 2."
ogn-145,Origins,OGN,145,Unyielding Spirit,Spell,Uncommon,Body,1,1,,,Reaction,False,,,"[Reaction] (Play any time, even before spells and abilities resolve.) Prevent all spell and ability damage this turn."
ogn-146,Origins,OGN,146,Wallop,Spell,Uncommon,Body,2,0,,,Action,False,,,"[Action] (Play on your turn or in showdowns.) As you play this, you may spend a buff as an additional cost. If you do, ignore this spell's cost. Ready a unit."
ogn-147,Origins,OGN,147,Wildclaw Shaman,Unit,Uncommon,Body,4,0,3,Freljord,,False,,,"When you play me, you may spend a buff to buff me and ready me. (If I don't have a buff, I get a +1 might buff.)"
ogn-148,Origins,OGN,148,"Anivia, Primal",Unit,Rare,Body,7,2,8,Bird|Anivia|Freljord,,False,,Champion,"When I attack, deal 3 to all enemy units here."
ogn-149,Origins,OGN,149,Carnivorous Snapvine,Unit,Rare,Body,5,2,6,Shadow Isles,,False,,,"When you play me, choose an enemy unit at a battlefield. We deal damage equal to our Mights to each other."
ogn-150,Origins,OGN,150,Kraken Hunter,Unit,Rare,Body,3,2,5,Pirate|Bilgewater,Accelerate|Assault,False,,,"[Accelerate] (You may pay 1 energy and 1 body rune as an additional cost to have me enter ready.) [Assault] (+1 might while I'm an attacker.) As you play me, you may spend any number of buffs as an additional cost. Reduce my cost by 1 body rune for each buff you spend."
ogn-151,Origins,OGN,151,"Lee Sin, Centered",Unit,Rare,Body,6,0,6,Lee Sin|Ionia,Accelerate,False,,Champion,[Accelerate] (You may pay 1 energy and 1 body rune as an additional cost to have me enter ready.) Other buffed friendly units at my battlefield have +2 might.
ogn-152,Origins,OGN,152,Mistfall,Gear,Rare,Body,3,0,,,,False,,,"When you buff a friendly unit, you may pay 1 body rune and exhaust this to ready it."
ogn-153,Origins,OGN,153,Overt Operation,Spell,Rare,Body,5,2,,,Action,False,,,"[Action] (Play on your turn or in showdowns.) For each friendly unit, you may spend its buff to ready it. Then buff all friendly units. (Each one that doesn't have a buff gets a +1 might buff.)"
ogn-154,Origins,OGN,154,Primal Strength,Spell,Rare,Body,4,1,,,Action,False,,,[Action] (Play on your turn or in showdowns.) Give a unit +7 might this turn.
ogn-155,Origins,OGN,155,"Qiyana, Victorious",Unit,Rare,Body,4,1,4,Qiyana|Ixtal,Deflect,False,,Champion,"[Deflect] (Opponents must pay 1 rune of any type to choose me with a spell or ability.) When I conquer, draw 1 or channel 1 rune exhausted."
ogn-156,Origins,OGN,156,Sabotage,Spell,Rare,Body,1,1,,,,False,,,"Choose an opponent. They reveal their hand. Choose a non-unit card from it, and recycle that card."
ogn-157,Origins,OGN,157,"Udyr, Wildman",Unit,Rare,Body,6,1,6,Udyr|Freljord,Ganking,False,,Champion,Spend my buff: Choose one you've not chosen this turn —Deal 2 to a unit at a battlefield.Stun a unit at a battlefield.Ready me.Give me [Ganking] this turn.
ogn-158,Origins,OGN,158,"Volibear, Imposing",Unit,Rare,Body,12,2,10,Volibear|Freljord,Shield|Tank,False,,Champion,"[Shield 3] (+3 might while I'm a defender.) [Tank] (I must be assigned combat damage first.) When an opponent moves to a battlefield other than mine, draw 1. (Bases are not battlefield.)"
ogn-159,Origins,OGN,159,"Warwick, Hunter",Unit,Rare,Body,6,1,5,Dog|Warwick|Zaun,,False,,Champion,"I enter ready. When I attack, kill all damaged enemy units here."
ogn-160,Origins,OGN,160,Dazzling Aurora,Gear,Epic,Body,9,2,,,,False,,,"At the end of your turn, reveal cards from the top of your Main Deck until you reveal a unit. Play it, ignoring its cost, and recycle the rest."
ogn-161,Origins,OGN,161,Deadbloom Predator,Unit,Epic,Body,8,2,8,Shadow Isles,Deflect,False,,,[Deflect] (Opponents must pay 1 rune of any type to choose me with a spell or ability.) You may play me to an occupied enemy battlefield.
ogn-162,Origins,OGN,162,"Miss Fortune, Captain",Unit,Epic,Body,5,1,5,Pirate|Miss Fortune|Bilgewater,Accelerate|Ganking,False,,Champion,"[Accelerate] (You may pay 1 energy and 1 body rune as an additional cost to have me enter ready.) [Ganking] (I can move from battlefield to battlefield.) The first time I move each turn, you may ready something else that's exhausted."
ogn-163,Origins,OGN,163,Seal of Strength,Gear,Epic,Body,0,1,,,Reaction|Add,False,,,exhaust: [Reaction] — [Add] 1 body rune. (Abilities that add resources can't be reacted to.)
ogn-164,Origins,OGN,164,"Sett, Brawler",Unit,Epic,Body,5,1,4,Sett|Ionia,,False,,Champion,"When I'm played and when I conquer, buff me. (If I don't have a buff, I get a +1 might buff.) Spend my buff: Give me +4 might this turn."
ogn-165,Origins,OGN,165,Cemetery Attendant,Unit,Common,Chaos,3,1,3,Dog|Shadow Isles,,False,,,"When you play me, return a unit from your trash to your hand."
ogn-166,Origins,OGN,166,Chaos Rune,Rune,Common,Chaos,,,,,,False,,Basic,
ogn-167,Origins,OGN,167,Ember Monk,Unit,Common,Chaos,4,0,4,Bandle City,Hidden,False,,,"When you play a card from [Hidden], give me +2 might this turn."
ogn-168,Origins,OGN,168,Fight or Flight,Spell,Common,Chaos,2,0,,,Hidden|Action,False,2026-03-31,,[Hidden] (Hide now for 1 rune of any type to react with later for 0 energy.) [Action] (Play on your turn or in showdowns.) Move a unit from a battlefield to its base.
ogn-169,Origins,OGN,169,Gust,Spell,Common,Chaos,1,0,,,Reaction,False,,,"[Reaction] (Play any time, even before spells and abilities resolve.) Return a unit at a battlefield with 3 might or less to its owner's hand."
ogn-170,Origins,OGN,170,Morbid Return,Spell,Common,Chaos,2,0,,,Action,False,,,[Action] (Play on your turn or in showdowns.) Return a unit from your trash to your hand.
ogn-171,Origins,OGN,171,Mystic Poro,Unit,Common,Chaos,2,0,2,Poro,Vision,False,,,"[Vision] (When you play me, look at the top card of your Main Deck. You may recycle it.)"
ogn-172,Origins,OGN,172,Rebuke,Spell,Common,Chaos,2,2,,,Action,False,,,[Action] (Play on your turn or in showdowns.) Return a unit at a battlefield to its owner's hand.
ogn-173,Origins,OGN,173,Ride The Wind,Spell,Common,Chaos,2,1,,,Action,False,,,[Action] (Play on your turn or in showdowns.) Move a friendly unit and ready it.
ogn-174,Origins,OGN,174,Sai Scout,Unit,Common,Chaos,6,0,5,Shurima,Vision,False,,,"[Vision] (When you play me, look at the top card of your Main Deck. You may recycle it.) You may play me to an open battlefield."
ogn-175,Origins,OGN,175,Shipyard Skulker,Unit,Common,Chaos,3,0,3,Pirate|Bilgewater,,False,,,
ogn-176,Origins,OGN,176,Sneaky Deckhand,Unit,Common,Chaos,3,0,2,Pirate|Bilgewater,,False,,,You may play me to an open battlefield.
ogn-177,Origins,OGN,177,Stealthy Pursuer,Unit,Common,Chaos,4,1,4,Shurima,,False,2026-07-24,,"When a friendly unit moves from my location, I may be moved with it."
ogn-178,Origins,OGN,178,Undercover Agent,Unit,Common,Chaos,5,1,5,,Deathknell,False,,,"[Deathknell] — Discard 2, then draw 2. (When I die, get the effect.)"
ogn-179,Origins,OGN,179,Acceptable Losses,Spell,Uncommon,Chaos,1,0,,,Action,False,,,[Action] (Play on your turn or in showdowns.) Each player kills one of their gear.
ogn-180,Origins,OGN,180,Fading Memories,Spell,Uncommon,Chaos,4,1,,,Temporary,False,,,"Give a unit at a battlefield or a gear [Temporary]. (Kill it at the start of its controller's Beginning Phase, before scoring.)"
ogn-181,Origins,OGN,181,Pack of Wonders,Gear,Uncommon,Chaos,2,0,,,Hidden,False,,,"exhaust: Return another friendly gear, unit, or [Hidden] card to its owner's hand."
ogn-182,Origins,OGN,182,Scrapheap,Gear,Uncommon,Chaos,2,0,,,,False,2026-03-31,,"When this is played, discarded, or killed, draw 1."
ogn-183,Origins,OGN,183,Stacked Deck,Spell,Uncommon,Chaos,1,0,,,Action,False,2026-09-18,,[Action] (Play on your turn or in showdowns.) Look at the top 3 cards of your Main Deck. Put 1 into your hand and recycle the rest.
ogn-184,Origins,OGN,184,The Syren,Gear,Uncommon,Chaos,2,0,,,,False,,,"1 energy, exhaust: Move a friendly unit at a battlefield to your base."
ogn-185,Origins,OGN,185,Traveling Merchant,Unit,Uncommon,Chaos,2,0,2,Bilgewater,,False,,,"When I move, discard 1, then draw 1."
ogn-186,Origins,OGN,186,Treasure Trove,Gear,Uncommon,Chaos,2,0,,,,False,,,"When this leaves the board, draw 1 and channel 1 rune exhausted. 1 chaos rune, exhaust: Kill this."
ogn-187,Origins,OGN,187,Whirlwind,Spell,Uncommon,Chaos,3,1,,,,False,,,"Starting with the next player, each player may return a unit to its owner's hand."
ogn-188,Origins,OGN,188,Zaunite Bouncer,Unit,Uncommon,Chaos,4,2,2,Zaun,,False,,,"When you play me, return another unit at a battlefield to its owner's hand."
ogn-189,Origins,OGN,189,"Kayn, Unleashed",Unit,Rare,Chaos,6,1,6,Kayn|Ionia,Ganking,False,,Champion,"[Ganking] (I can move from battlefield to battlefield.) If I have moved twice this turn, I don't take damage."
ogn-190,Origins,OGN,190,"Kog'Maw, Caustic",Unit,Rare,Chaos,3,1,1,Kog'Maw|The Void,Deathknell,False,,Champion,"[Deathknell] — Deal 4 to all units at my battlefield. (When I die, get the effect.)"
ogn-191,Origins,OGN,191,Maddened Marauder,Unit,Rare,Chaos,5,0,4,Pirate|Bilgewater,Tank,False,,,"[Tank] (I must be assigned combat damage first.) When you play me, move a unit from a battlefield to its base."
ogn-192,Origins,OGN,192,Mindsplitter,Unit,Rare,Chaos,7,2,7,Dragon|Mount Targon,,False,,,"When you play me, choose an opponent. They reveal their hand. Choose a card from it, and they discard that card."
ogn-193,Origins,OGN,193,"Miss Fortune, Buccaneer",Unit,Rare,Chaos,4,1,4,Pirate|Miss Fortune|Bilgewater,,False,,Champion,You may play me to an open battlefield. Friendly units may be played to open battlefields.
ogn-194,Origins,OGN,194,"Nocturne, Horrifying",Unit,Rare,Chaos,4,1,4,Nocturne,Ganking,False,,Champion,"[Ganking] (I can move from battlefield to battlefield.) When you look at cards from the top of your deck (and don't draw them) and see me, you may play me for 1 rune of any type."
ogn-195,Origins,OGN,195,Rhasa the Sunderer,Unit,Rare,Chaos,10,1,6,Spirit|Shadow Isles,,False,,,I cost 1 energy less for each card in your trash.
ogn-196,Origins,OGN,196,Soulgorger,Unit,Rare,Chaos,8,2,5,Spirit|Shadow Isles,,False,,,"When you play me, you may play a unit from your trash, ignoring its Energy cost. (You must still pay its Power cost.)"
ogn-197,Origins,OGN,197,"Teemo, Scout",Unit,Rare,Chaos,2,0,1,Yordle|Teemo|Bandle City,Hidden,False,,Champion,"[Hidden] (Hide now for 1 rune of any type to react with later for 0 energy.) When you play me, give me +3 might this turn."
ogn-198,Origins,OGN,198,The Harrowing,Spell,Rare,Chaos,6,2,,,,False,,,"Play a unit from your trash, ignoring its Energy cost. (You must still pay its Power cost.)"
ogn-199,Origins,OGN,199,Tideturner,Unit,Rare,Chaos,2,0,2,Bilgewater,Hidden,False,,,"[Hidden] (Hide now for 1 rune of any type to react with later for 0 energy.) When you play me, you may choose a friendly unit. Move me to its location and it to my original location."
ogn-200,Origins,OGN,200,"Twisted Fate, Gambler",Unit,Rare,Chaos,4,0,4,Twisted Fate|Bilgewater,,False,,Champion,"When I attack, reveal the top rune of your rune deck, then recycle it. Do one of the following based on its domain:1 fury rune — Deal 2 to an enemy unit here and 1 to all other enemy units here.1 mind rune — Draw 1.1 order rune — Stun an enemy unit."
ogn-201,Origins,OGN,201,Invert Timelines,Spell,Epic,Chaos,3,1,,,,False,,,"Each player discards their hand, then draws 4."
ogn-202,Origins,OGN,202,"Jinx, Rebel",Unit,Epic,Chaos,5,1,5,Jinx|Zaun,,False,,Champion,"When you discard one or more cards, ready me and give me +1 might this turn."
ogn-203,Origins,OGN,203,Possession,Spell,Epic,Chaos,8,3,,,Action,False,,,[Action] (Play on your turn or in showdowns.) Choose an enemy unit at a battlefield. Take control of it and recall it. (Send it to your base. This isn't a move.)
ogn-204,Origins,OGN,204,Seal of Discord,Gear,Epic,Chaos,0,1,,,Reaction|Add,False,,,exhaust: [Reaction] — [Add] 1 chaos rune. (Abilities that add resources can't be reacted to.)
ogn-205,Origins,OGN,205,"Yasuo, Windrider",Unit,Epic,Chaos,5,1,4,Yasuo|Ionia,Ganking,False,,Champion,"[Ganking] (I can move from battlefield to battlefield.) The third time I move in a turn, you score 1 point."
ogn-206,Origins,OGN,206,Back to Back,Spell,Common,Order,3,0,,,Reaction,False,,,"[Reaction] (Play any time, even before spells and abilities resolve.) Give two friendly units each +2 might this turn."
ogn-207,Origins,OGN,207,Call to Glory,Spell,Common,Order,3,0,,,Reaction,False,,,"[Reaction] (Play any time, even before spells and abilities resolve.) As you play this, you may spend a buff as an additional cost. If you do, ignore this spell's cost. Give a unit +3 might this turn."
ogn-208,Origins,OGN,208,Cruel Patron,Unit,Common,Order,4,0,6,Noxus,,False,,,"As an additional cost to play me, kill a friendly unit."
ogn-209,Origins,OGN,209,Cull the Weak,Spell,Common,Order,2,1,,,,False,,,Each player kills one of their units.
ogn-210,Origins,OGN,210,Daring Poro,Unit,Common,Order,2,0,2,Poro,Assault,False,,,[Assault] (+1 might while I'm an attacker.)
ogn-211,Origins,OGN,211,Faithful Manufactor,Unit,Common,Order,3,0,2,Piltover,,False,,,"When you play me, play a 1 might Recruit unit token here."
ogn-212,Origins,OGN,212,Forge of the Future,Gear,Common,Order,2,0,,,,False,,,"When you play this, play a 1 might Recruit unit token at your base. Kill this: Recycle up to 4 cards from trashes."
ogn-213,Origins,OGN,213,Hidden Blade,Spell,Common,Order,2,1,,,Hidden|Action,False,,,[Hidden] (Hide now for 1 rune of any type to react with later for 0 energy.) [Action] (Play on your turn or in showdowns.) Kill a unit at a battlefield. Its controller draws 2.
ogn-214,Origins,OGN,214,Order Rune,Rune,Common,Order,,,,,,False,,Basic,
ogn-215,Origins,OGN,215,Petty Officer,Unit,Common,Order,5,0,5,Pirate|Bilgewater,Assault,False,,,[Assault] (+1 might while I'm an attacker.)
ogn-216,Origins,OGN,216,Soaring Scout,Unit,Common,Order,2,0,1,Bird|Freljord,Deathknell,False,,,"[Deathknell] — Channel 1 rune exhausted. (When I die, get the effect.)"
ogn-217,Origins,OGN,217,Trifarian Gloryseeker,Unit,Common,Order,2,0,2,Trifarian|Noxus,Legion,False,,,"[Legion] — When you play me, buff me. (If I don't have a buff, I get a +1 might buff. Get the effect if you've played another card this turn.)"
ogn-218,Origins,OGN,218,Vanguard Captain,Unit,Common,Order,3,1,3,Elite|Demacia,Legion,False,,,"[Legion] — When you play me, play two 1 might Recruit unit tokens here. (Get the effect if you've played another card this turn.)"
ogn-219,Origins,OGN,219,Vanguard Sergeant,Unit,Common,Order,4,0,4,Elite|Demacia,,False,,,
ogn-220,Origins,OGN,220,Facebreaker,Spell,Uncommon,Order,2,0,,,Hidden|Action,False,,,[Hidden] (Hide now for 1 rune of any type to react with later for 0 energy.) [Action] (Play on your turn or in showdowns.) Stun a friendly unit and an enemy unit at the same battlefield. (They don't deal combat damage this turn.)
ogn-221,Origins,OGN,221,Imperial Decree,Spell,Uncommon,Order,5,2,,,Action,False,,,"[Action] (Play on your turn or in showdowns.) When any unit takes damage this turn, kill it."
ogn-222,Origins,OGN,222,Noxian Drummer,Unit,Uncommon,Order,3,0,3,Trifarian|Noxus,,False,,,"When I move to a battlefield, play a 1 might Recruit unit token here. (It is also at the battlefield.)"
ogn-223,Origins,OGN,223,Peak Guardian,Unit,Uncommon,Order,6,1,5,Mount Targon,,False,,,"When you play me, buff me. Then, if I am at a battlefield, buff all other friendly units there. (To buff a unit, give it a +1 might buff if it doesn't already have one.)"
ogn-224,Origins,OGN,224,Salvage,Spell,Uncommon,Order,2,1,,,Action,False,,,[Action] (Play on your turn or in showdowns.) You may kill a gear. Draw 1.
ogn-225,Origins,OGN,225,Solari Chief,Unit,Uncommon,Order,5,1,4,Mount Targon,,False,,,"When you play me, choose an enemy unit. If it is stunned, kill it. Otherwise, stun it. (It doesn't deal combat damage this turn.)"
ogn-226,Origins,OGN,226,Spectral Matron,Unit,Uncommon,Order,4,2,4,Spirit|Shadow Isles,,False,,,"When you play me, you may play a unit costing no more than 3 energy and no more than 1 rune of any type from your trash, ignoring its cost."
ogn-227,Origins,OGN,227,Symbol of the Solari,Gear,Uncommon,Order,1,0,,,,False,,,"If a combat where you are the attacker ends in a tie, recall ALL units instead. (Send them to base. This isn't a move. Ties are calculated after combat damage is dealt.)"
ogn-228,Origins,OGN,228,Vanguard Helm,Gear,Uncommon,Order,2,0,,,,False,,,"When a buffed friendly unit dies, buff another friendly unit. (If it doesn't have a buff, it gets a +1 might buff.)"
ogn-229,Origins,OGN,229,Vengeance,Spell,Uncommon,Order,4,2,,,,False,,,Kill a unit.
ogn-230,Origins,OGN,230,Albus Ferros,Unit,Rare,Order,4,0,3,Piltover,,False,,,"When you play me, spend any number of buffs. For each buff spent, channel 1 rune exhausted."
ogn-231,Origins,OGN,231,Commander Ledros,Unit,Rare,Order,6,4,8,Spirit|Shadow Isles,Deflect|Ganking,False,,,"As you play me, you may kill any number of friendly units as an additional cost. Reduce my cost by 1 order rune for each killed this way. [Deflect] (Opponents must pay 1 rune of any type to choose me with a spell or ability.) [Ganking] (I can move from battlefield to battlefield.)"
ogn-232,Origins,OGN,232,"Fiora, Victorious",Unit,Rare,Order,4,0,4,Fiora|Demacia,Mighty|Deflect|Ganking|Shield,False,,Champion,"While I'm [Mighty], I have [Deflect], [Ganking], and [Shield]. (I'm Mighty while I have 5+ might.)"
ogn-233,Origins,OGN,233,Grand Strategem,Spell,Rare,Order,6,3,,,Action,False,,,[Action] (Play on your turn or in showdowns.) Give friendly units +5 might this turn.
ogn-234,Origins,OGN,234,Harnessed Dragon,Unit,Rare,Order,8,2,6,Dragon|Demacia,,False,,,"When you play me, kill an enemy unit."
ogn-235,Origins,OGN,235,"Karma, Channeler",Unit,Rare,Order,6,1,6,Karma|Ionia,Vision,False,,Champion,"[Vision] (When you play me, look at the top card of your Main Deck. You may recycle it.) When you recycle one or more cards, buff a friendly unit. (If it doesn't have a buff, it gets a +1 might buff. Runes aren't cards.)"
ogn-236,Origins,OGN,236,"Karthus, Eternal",Unit,Rare,Order,3,1,3,Spirit|Karthus|Shadow Isles,Deathknell,False,,Champion,Your [Deathknell] effects trigger an additional time.
ogn-237,Origins,OGN,237,King's Edict,Spell,Rare,Order,6,2,,,,False,,,"Starting with the next player, each other player chooses a unit you don't control that hasn't been chosen for this spell. Kill those units."
ogn-238,Origins,OGN,238,"Leona, Determined",Unit,Rare,Order,4,1,4,Leona|Mount Targon,Shield,False,,Champion,"[Shield] (+1 might while I'm a defender.) When I attack, stun an enemy unit here. (It doesn't deal combat damage this turn.)"
ogn-239,Origins,OGN,239,Machine Evangel,Unit,Rare,Order,5,1,4,Piltover,Deathknell,False,,,"[Deathknell] — Play three 1 might Recruit unit tokens into your base. (When I die, get the effect.)"
ogn-240,Origins,OGN,240,"Sett, Kingpin",Unit,Rare,Order,4,1,5,Sett|Ionia,Tank,False,,Champion,[Tank] (I must be assigned combat damage first.) I get +1 might for each buffed friendly unit at my battlefield.
ogn-241,Origins,OGN,241,"Shen, Kinkou",Unit,Rare,Order,3,1,3,Shen|Ionia,Reaction|Shield|Tank,False,,Champion,"[Reaction] (Play any time, even before spells and abilities resolve, including to a battlefield you control.) [Shield 2] (+2 might while I'm a defender.) [Tank] (I must be assigned combat damage first.)"
ogn-242,Origins,OGN,242,Baited Hook,Gear,Epic,Order,3,0,,,,False,,,"1 energy and 1 order rune, exhaust: Kill a friendly unit. Look at the top 5 cards of your Main Deck. You may banish a unit from among them that has Might up to 1 more than the killed unit and play it, ignoring its cost. Then recycle the rest."
ogn-243,Origins,OGN,243,"Darius, Executioner",Unit,Epic,Order,6,1,6,Trifarian|Darius|Noxus,Legion,False,,Champion,"[Legion] — When you play me, ready me. (Get the effect if you've played another card this turn) Other friendly units have +1 might here."
ogn-244,Origins,OGN,244,Divine Judgment,Spell,Epic,Order,7,2,,,,False,,,"Each player chooses 2 units, 2 gear, 2 runes, and 2 cards in their hands. Recycle the rest."
ogn-245,Origins,OGN,245,Seal of Unity,Gear,Epic,Order,0,1,,,Reaction|Add,False,,,exhaust: [Reaction] — [Add] 1 order rune. (Abilities that add resources can't be reacted to.)
ogn-246,Origins,OGN,246,"Viktor, Leader",Unit,Epic,Order,4,1,4,Viktor|Zaun,,False,,Champion,"When another non-Recruit unit you control dies, play a 1 might Recruit unit token into your base."
ogn-247,Origins,OGN,247,"Kai'Sa, Daughter of the Void",Legend,Rare,Fury|Mind,,,,Kai'Sa,Reaction|Add,False,,Champion,exhaust: [Reaction] — [Add] 1 rune of any type. Use only to play spells. (Abilities that add resources can't be reacted to.)
ogn-248,Origins,OGN,248,Icathian Rain,Spell,Epic,Fury|Mind,7,3,,Kai'Sa,,False,,Signature,Deal 2 to a unit. Deal 2 to a unit. Deal 2 to a unit. Deal 2 to a unit. Deal 2 to a unit. Deal 2 to a unit.
ogn-249,Origins,OGN,249,"Volibear, Relentless Storm",Legend,Rare,Fury|Body,,,,Volibear,Mighty,False,,Champion,"When you play a [Mighty] unit, you may exhaust me to channel 1 rune exhausted. (A unit is Mighty while it has 5+ might.)"
ogn-250,Origins,OGN,250,Stormbringer,Spell,Epic,Fury|Body,6,2,,Volibear,,False,,Signature,"Choose a friendly unit in your base. Deal damage equal to its Might to all enemy units at a battlefield, then move your unit there."
ogn-251,Origins,OGN,251,"Jinx, Loose Cannon",Legend,Rare,Fury|Chaos,,,,Jinx,,False,,,"At start of your Beginning Phase, draw 1 if you have one or fewer cards in your hand."
ogn-252,Origins,OGN,252,Super Mega Death Rocket!,Spell,Epic,Fury|Chaos,4,1,,Jinx,,False,,Signature,"Deal 5 to a unit. When you conquer, you may discard 1 to return this from your trash to your hand."
ogn-253,Origins,OGN,253,"Darius, Hand of Noxus",Legend,Rare,Fury|Order,,,,Darius,Reaction|Legion|Add,False,,,"exhaust: [Reaction], [Legion] — [Add] 1 energy. (Abilities that add resources can't be reacted to. Get the effect if you've played a card this turn.)"
ogn-254,Origins,OGN,254,Noxian Guillotine,Spell,Epic,Fury|Order,4,1,,Darius,Action|Legion,False,,Signature,[Action] (Play on your turn or in showdowns.) Choose a unit. Kill it the next time it takes damage this turn. [Legion] — Kill it now instead. (Get the effect if you've played another card this turn.)
ogn-255,Origins,OGN,255,"Ahri, Nine-Tailed Fox",Legend,Rare,Calm|Mind,,,,Ahri,,False,,Champion,"When an enemy unit attacks a battlefield you control, give it -1 might this turn, to a minimum of 1 might."
ogn-256,Origins,OGN,256,Fox-Fire,Spell,Epic,Calm|Mind,3,0,,Ahri,Hidden|Action,False,,Signature,[Hidden] (Hide now for 1 rune of any type to react with later for 0 energy.) [Action] (Play on your turn or in showdowns.) Kill any number of units at a battlefield with total Might 4 or less.
ogn-257,Origins,OGN,257,"Lee Sin, Blind Monk",Legend,Rare,Calm|Body,,,,Lee Sin,,False,,,"1 energy, exhaust: Buff a friendly unit. (If it doesn't have a buff, it gets a +1 might buff.)"
ogn-258,Origins,OGN,258,Dragon's Rage,Spell,Epic,Calm|Body,4,1,,Lee Sin,,False,,Signature,Move an enemy unit. Then choose another enemy unit at its destination. They deal damage equal to their Mights to each other.
ogn-259,Origins,OGN,259,"Yasuo, Unforgiven",Legend,Rare,Calm|Chaos,,,,Yasuo,,False,,Champion,"2 energy, exhaust: Move a friendly unit to or from its base."
ogn-260,Origins,OGN,260,Last Breath,Spell,Epic,Calm|Chaos,3,2,,Yasuo,Action,False,,Signature,[Action] (Play on your turn or in showdowns.) Ready a friendly unit. It deals damage equal to its Might to an enemy unit at a battlefield.
ogn-261,Origins,OGN,261,"Leona, Radiant Dawn",Legend,Rare,Calm|Order,,,,Leona,,False,,,"When you stun one or more enemy units, buff a friendly unit. (If it doesn't have a buff, it gets a +1 might buff.)"
ogn-262,Origins,OGN,262,Zenith Blade,Spell,Epic,Calm|Order,3,2,,Leona,Action,False,,Signature,[Action] (Play on your turn or in showdowns.) Stun an enemy unit at a battlefield. You may move a friendly unit to that enemy unit's battlefield. (A stunned unit doesn't deal combat damage this turn.)
ogn-263,Origins,OGN,263,"Teemo, Swift Scout",Legend,Rare,Mind|Chaos,,,,Teemo,Hidden,False,,,"You may pay 1 energy to hide a card with [Hidden] instead of 1 rune of any type. 1 energy, exhaust: Put a Teemo unit you own into your hand from your Champion Zone or the board."
ogn-264,Origins,OGN,264,Guerilla Warfare,Spell,Epic,Mind|Chaos,2,1,,Teemo,Hidden,False,,Signature,Return up to two cards with [Hidden] from your trash to your hand. You can hide cards ignoring costs this turn.
ogn-265,Origins,OGN,265,"Viktor, Herald of the Arcane",Legend,Rare,Mind|Order,,,,Viktor,,False,,,"1 energy, exhaust: Play a 1 might Recruit unit token."
ogn-266,Origins,OGN,266,Siphon Power,Spell,Epic,Mind|Order,2,1,,Viktor,Reaction,False,,Signature,"[Reaction] (Play any time, even before spells and abilities resolve.) Choose a battlefield. Give friendly units there +1 might this turn and enemy units there -1 might this turn, to a minimum of 1 might."
ogn-267,Origins,OGN,267,"Miss Fortune, Bounty Hunter",Legend,Rare,Body|Chaos,,,,Miss Fortune,Ganking,False,,Champion,exhaust: Give a unit [Ganking] this turn. (It can move from battlefield to battlefield.)
ogn-268,Origins,OGN,268,Bullet Time,Spell,Epic,Body|Chaos,1,0,,Miss Fortune,Action,False,,Signature,[Action] (Play on your turn or in showdowns.) Pay any amount of 1 rune of any type to deal that much damage to all enemy units at a battlefield.
ogn-269,Origins,OGN,269,"Sett, The Boss",Legend,Rare,Body|Order,,,,Sett,,False,,,"When a buffed unit you control would die, you may pay 1 rune of any type and exhaust me to spend its buff and recall it exhausted instead. (Send it to base. This isn't a move.) When you conquer, ready me."
ogn-270,Origins,OGN,270,Showstopper,Spell,Epic,Body|Order,1,1,,Sett,,False,,Signature,"Buff a friendly unit in your base, then move it to a battlefield. (If it doesn't have a buff, it gets a +1 might buff.)"
ogn-271,Origins,OGN,271,Recruit (271) // Buff,Unit,Common,Colorless,,0,1,Recruit,,False,,Token,
ogn-272,Origins,OGN,272,Recruit (272) // Buff,Unit,Common,Colorless,,0,1,Recruit,,False,,Token,
ogn-273,Origins,OGN,273,Recruit (273) // Buff,Unit,Common,Colorless,,0,1,Recruit,,False,,Token,
ogn-274,Origins,OGN,274,Sprite (274) // Buff,Unit,Common,Colorless,,0,3,Fae,Temporary,False,,Token,"[Temporary] (Kill me at the start of your Beginning Phase, before scoring.)"
ogn-275,Origins,OGN,275,Altar to Unity,Battlefield,Uncommon,Colorless,,,,,,False,,,"When you hold here, play a 1 might Recruit unit token in your base."
ogn-276,Origins,OGN,276,Aspirant's Climb,Battlefield,Uncommon,Colorless,,,,,,False,2026-07-24,,Increase the points needed to win the game by 1.
ogn-277,Origins,OGN,277,Back-Alley Bar,Battlefield,Uncommon,Colorless,,,,,,False,,,"When a unit moves from here, give it +1 might this turn."
ogn-278,Origins,OGN,278,Bandle Tree,Battlefield,Uncommon,Colorless,,,,,,False,,,You may hide an additional card here.
ogn-279,Origins,OGN,279,Fortified Position,Battlefield,Uncommon,Colorless,,,,,Shield,False,,,"When you defend here, choose a unit. It gains [Shield 2] this combat. (+2 might while it's a defender.)"
ogn-280,Origins,OGN,280,Grove of the God-Willow,Battlefield,Uncommon,Colorless,,,,,,False,,,"When you hold here, draw 1."
ogn-281,Origins,OGN,281,Hallowed Tomb,Battlefield,Uncommon,Colorless,,,,,,False,,,"When you hold here, you may return your Chosen Champion from your trash to your Champion Zone if it is empty."
ogn-282,Origins,OGN,282,Monastery of Hirana,Battlefield,Uncommon,Colorless,,,,,,False,,,"When you conquer here, you may spend a buff to draw 1."
ogn-283,Origins,OGN,283,Navori Fighting Pit,Battlefield,Uncommon,Colorless,,,,,,False,,,"When you hold here, buff a unit here. (If it doesn't have a buff, it gets a +1 might buff.)"
ogn-284,Origins,OGN,284,Obelisk of Power,Battlefield,Uncommon,Colorless,,,,,,False,2026-03-31,,"At the start of each player's first Beginning Phase, that player channels 1 rune."
ogn-285,Origins,OGN,285,Reaver's Row,Battlefield,Uncommon,Colorless,,,,,,False,2026-03-31,,"When you defend here, you may move a friendly unit here to base."
ogn-286,Origins,OGN,286,Reckoner's Arena,Battlefield,Uncommon,Colorless,,,,,,False,,,"When you hold here, activate the conquer effects of units here."
ogn-287,Origins,OGN,287,Sigil of the Storm,Battlefield,Uncommon,Colorless,,,,,,False,,,"When you conquer here, recycle one of your runes."
ogn-288,Origins,OGN,288,Startipped Peak,Battlefield,Uncommon,Colorless,,,,,,False,,,"When you hold here, you may channel 1 rune exhausted."
ogn-289,Origins,OGN,289,Targon's Peak,Battlefield,Uncommon,Colorless,,,,,,False,,,"When you conquer here, ready 2 runes at the end of this turn."
ogn-290,Origins,OGN,290,The Arena's Greatest,Battlefield,Uncommon,Colorless,,,,,,False,2026-07-24,,"At the start of each player's first Beginning Phase, that player gains 1 point."
ogn-291,Origins,OGN,291,The Candlelit Sanctum,Battlefield,Uncommon,Colorless,,,,,,False,,,"When you conquer here, look at the top two cards of your Main Deck. You may recycle one or both of them. Put those you don't back in any order."
ogn-292,Origins,OGN,292,The Dreaming Tree,Battlefield,Uncommon,Colorless,,,,,,False,2026-03-31,,"When a player chooses a friendly unit here with a spell for the first time each turn, they draw 1."
ogn-293,Origins,OGN,293,The Grand Plaza,Battlefield,Uncommon,Colorless,,,,,,False,,,"When you hold here, if you have 7+ units here, you win the game."
ogn-294,Origins,OGN,294,Trifarian War Camp,Battlefield,Uncommon,Colorless,,,,,,False,,,Units here have +1 might. (This includes attackers.)
ogn-295,Origins,OGN,295,Vilemaw's Lair,Battlefield,Uncommon,Colorless,,,,,,False,,,Units can't move from here to base.
ogn-296,Origins,OGN,296,Void Gate,Battlefield,Uncommon,Colorless,,,,,,False,,,Spells and abilities affecting units here each deal 1 Bonus Damage. (Each instance of damage the spell deals is increased by 1.)
ogn-297,Origins,OGN,297,Windswept Hillock,Battlefield,Uncommon,Colorless,,,,,Ganking,False,,,Units here have [Ganking]. (They can move from battlefield to battlefield.)
ogn-298,Origins,OGN,298,Zaun Warrens,Battlefield,Uncommon,Colorless,,,,,,False,,,"When you conquer here, discard 1, then draw 1."
sfd-001,Spiritforged,SFD,001,Against the Odds,Spell,Common,Fury,2,0,,,Reaction,False,,,"[Reaction] (Play any time, even before spells and abilities resolve.) Give a friendly unit at a battlefield +2 might this turn for each enemy unit there."
sfd-002,Spiritforged,SFD,002,Armed Assailant,Unit,Common,Fury,6,1,6,Noxus,Accelerate|Weaponmaster|Equip,False,,,"[Accelerate] (You may pay 1 energy and 1 fury rune as an additional cost to have me enter ready.) [Weaponmaster] (When you play me, you may [Equip] one of your Equipment to me for 1 rune of any type less, even if it's already attached.)"
sfd-003,Spiritforged,SFD,003,Blood Rush,Spell,Common,Fury,1,0,,,Action|Repeat|Assault,False,,,[Action] (Play on your turn or in showdowns.) [Repeat] 1 energy (You may pay the additional cost to repeat this spell's effect.) Give a unit [Assault 2]. (+2 might while it's an attacker.)
sfd-004,Spiritforged,SFD,004,Bushwhack,Spell,Common,Fury,2,1,,,Hidden,False,,,[Hidden] (Hide now for 1 rune of any type to react with later for 0 energy.) Friendly units enter ready this turn. Play a Gold gear token exhausted.
sfd-005,Spiritforged,SFD,005,Detonate,Spell,Common,Fury,1,1,,,,False,,,Kill a gear. Its controller draws 2.
sfd-006,Spiritforged,SFD,006,Eager Drakehound,Unit,Common,Fury,3,1,3,Dog|Dragon|Noxus,,False,,,I enter ready.
sfd-007,Spiritforged,SFD,007,Gem Jammer,Unit,Common,Fury,2,0,2,Mech|Bandle City,Ganking,False,,,"When you play me, give a unit [Ganking] this turn. (It can move from battlefield to battlefield.)"
sfd-008,Spiritforged,SFD,008,Sentinel Adept,Unit,Common,Fury,3,0,3,Shadow Isles|Sentinel,Weaponmaster|Equip,False,,,"[Weaponmaster] (When you play me, you may [Equip] one of your Equipment to me for 1 rune of any type less, even if it's already attached.)"
sfd-009,Spiritforged,SFD,009,Serrated Dirk,Gear,Common,Fury,1,0,,Equipment,Equip,False,,,[Equip] 1 fury rune (1 fury rune: Attach this to a unit you control.)
sfd-010,Spiritforged,SFD,010,Void Drone,Unit,Common,Fury,3,0,3,The Void,,False,,,I cost 2 energy less to play from anywhere other than your hand.
sfd-011,Spiritforged,SFD,011,Angle Shot,Spell,Uncommon,Fury,2,0,,,Reaction,False,,,"[Reaction] (Play any time, even before spells and abilities resolve.) Choose a unit and an Equipment with the same controller. Attach that Equipment to that unit or detach that Equipment from that unit. Draw 1."
sfd-012,Spiritforged,SFD,012,Battering Ram,Unit,Uncommon,Fury,5,0,5,Trifarian|Noxus,,False,,,"I cost 1 energy less for each card you've played this turn, to a minimum of 1 energy."
sfd-013,Spiritforged,SFD,013,Blast Corps Cadet,Unit,Uncommon,Fury,2,0,2,Piltover,,False,,,"You may pay 1 energy and 1 fury rune as an additional cost to play me. When you play me, if you paid the additional cost, deal 2 to a unit at a battlefield."
sfd-014,Spiritforged,SFD,014,Minotaur Reckoner,Unit,Uncommon,Fury,5,0,5,Noxus,,False,,,Units can't move to base.
sfd-015,Spiritforged,SFD,015,Perched Grimwyrm,Unit,Uncommon,Fury,4,0,5,Dragon|Shadow Isles,,False,,,Play me only to a battlefield you conquered this turn. (You can't play me anywhere else.)
sfd-016,Spiritforged,SFD,016,Recurve Bow,Gear,Uncommon,Fury,2,0,,Equipment,Equip,False,,,[Equip] 1 fury rune (1 fury rune: Attach this to a unit you control.)
sfd-017,Spiritforged,SFD,017,Sudden Storm,Spell,Uncommon,Fury,3,0,,,Hidden|Action,False,,,"[Hidden] (Hide now for 1 rune of any type to react with later for 0 energy.) [Action] (Play on your turn or in showdowns.) Deal 2 to a unit at a battlefield. If it's attacking, deal 4 to it instead."
sfd-018,Spiritforged,SFD,018,Void Hatchling,Unit,Uncommon,Fury,2,0,2,The Void,,False,,,"If you would reveal cards from a deck, look at the top card first. You may recycle it. Then reveal those cards."
sfd-019,Spiritforged,SFD,019,Assembly Rig,Gear,Rare,Fury,4,0,,,,False,,,"1 energy and 1 fury rune, Recycle a unit from your trash, exhaust: Play a 3 might Mech unit token to your base."
sfd-020,Spiritforged,SFD,020,"Draven, Vanquisher",Unit,Rare,Fury,4,0,4,Draven|Noxus,,False,2026-03-31,Champion,"When I win a combat, play a Gold gear token exhausted. When I attack or defend, you may pay 1 fury rune. If you do, give me +2 might this turn."
sfd-021,Spiritforged,SFD,021,Ferrous Forerunner,Unit,Rare,Fury,6,1,6,Mech|Yordle|Bandle City,Deathknell,False,,,"[Deathknell] — Play two 3 might Mech unit tokens to your base. (When I die, get the effect.)"
sfd-022,Spiritforged,SFD,022,Long Sword,Gear,Rare,Fury,2,1,,Equipment,Quick-Draw|Reaction|Equip,False,,,"[Quick-Draw] (This has [Reaction]. When you play it, attach it to a unit you control.) [Equip] 1 fury rune (1 fury rune: Attach this to a unit you control.)"
sfd-023,Spiritforged,SFD,023,Piercing Light,Spell,Rare,Fury,2,1,,,Repeat,False,,,"[Repeat] 2 energy and 1 fury rune (You may pay the additional cost to repeat this spell's effect.) Deal 2 to a unit at a battlefield, then deal 2 to up to one other unit."
sfd-024,Spiritforged,SFD,024,"Rell, Magnetic",Unit,Rare,Fury,4,0,4,Rell|Noxus,Tank,False,,Champion,"[Tank] (I must be assigned combat damage first.) When I attack, you may play an Equipment with Energy cost no more than 2 energy, ignoring its cost, and attach it to me."
sfd-025,Spiritforged,SFD,025,"Rengar, Pouncing",Unit,Rare,Fury,3,1,3,Cat|Rengar|Ixtal,Reaction|Assault,False,,Champion,"[Reaction] (Play any time, even before spells and abilities resolve, including to a battlefield you control.) [Assault 2] (+2 might while I'm an attacker.) I can be played to a battlefield you're attacking."
sfd-026,Spiritforged,SFD,026,"Rumble, Hotheaded",Unit,Rare,Fury,4,0,4,Mech|Yordle|Rumble|Bandle City,Assault,False,,Champion,"Your Mechs each have [Assault]. (+1 might while we're attackers.) When I conquer, you may recycle another friendly unit to play a Mech from your trash. Reduce its Energy cost by the Might of the unit you recycled."
sfd-027,Spiritforged,SFD,027,Dunebreaker,Unit,Epic,Fury,7,1,7,The Void,,False,,,"If you have two or fewer cards in your hand, I enter ready. When I hold, draw 2."
sfd-028,Spiritforged,SFD,028,"Lucian, Gunslinger",Unit,Epic,Fury,3,0,2,Lucian|Demacia|Sentinel,Assault,False,,Champion,"[Assault] (+1 might while I'm an attacker.) When I attack, deal damage equal to my [Assault] to an enemy unit here."
sfd-029,Spiritforged,SFD,029,"Rek'Sai, Breacher",Unit,Epic,Fury,3,0,3,Rek'Sai|The Void,Accelerate|Assault,False,,Champion,[Accelerate] (You may pay 1 energy and 1 fury rune as an additional cost to have me enter ready.) [Assault] (+1 might while I'm an attacker.) Friendly units played from anywhere other than a player's hand have [Accelerate].
sfd-030,Spiritforged,SFD,030,Skyfall of Areion,Gear,Epic,Fury,3,0,,Equipment,Equip,False,,,[Equip] 1 energy and 1 fury rune (1 energy and 1 fury rune: Attach this to a unit you control.)
sfd-031,Spiritforged,SFD,031,Desert's Call,Spell,Common,Calm,2,0,,,Repeat,False,,,[Repeat] 2 energy (You may pay the additional cost to repeat this spell's effect.) Play a 2 might Sand Soldier unit token.
sfd-032,Spiritforged,SFD,032,Disarming Rake,Unit,Common,Calm,3,1,2,Demacia,,False,,,"When you play me, you may kill a gear."
sfd-033,Spiritforged,SFD,033,Doran's Shield,Gear,Common,Calm,1,0,,Equipment,Equip,False,,,[Equip] 1 calm rune (1 calm rune: Attach this to a unit you control.)
sfd-034,Spiritforged,SFD,034,Feral Strength,Spell,Common,Calm,2,0,,,Reaction|Repeat,False,,,"[Reaction] (Play any time, even before spells and abilities resolve.) [Repeat] 2 energy (You may pay the additional cost to repeat this spell's effect.) Give a unit +2 might this turn."
sfd-035,Spiritforged,SFD,035,Guardian of the Passage,Unit,Common,Calm,6,0,6,Spirit|Shadow Isles,,False,,,"When I hold, you may return a unit or gear from your trash to your hand."
sfd-036,Spiritforged,SFD,036,Lonely Poro,Unit,Common,Calm,2,0,2,Poro|Freljord,Deathknell,False,,,"[Deathknell] — If I died alone, draw 1. (When I die, get the effect. I'm alone if there are no other friendly units here.)"
sfd-037,Spiritforged,SFD,037,Navori Scout,Unit,Common,Calm,4,0,4,Yordle|Ionia,Deflect,False,,,[Deflect] (Opponents must pay 1 rune of any type to choose me with a spell or ability.)
sfd-038,Spiritforged,SFD,038,Ribbon Dancer,Unit,Common,Calm,3,0,3,Ionia,,False,,,"When I move to a battlefield, give another friendly unit +1 might this turn."
sfd-039,Spiritforged,SFD,039,Royal Entourage,Unit,Common,Calm,3,1,4,Shurima,,False,,,"When you play me, ready or exhaust a legend."
sfd-040,Spiritforged,SFD,040,Thwonk!,Spell,Common,Calm,2,0,,,Action|Repeat,False,,,[Action] (Play on your turn or in showdowns.) [Repeat] 2 energy (You may pay the additional cost to repeat this spell's effect.) Stun an attacking unit. (It doesn't deal combat damage this turn.)
sfd-041,Spiritforged,SFD,041,Apprentice Smith,Unit,Uncommon,Calm,2,0,2,Freljord,,False,,,"When I move, reveal the top card of your Main Deck. If it's a gear, draw it. Otherwise, recycle it."
sfd-042,Spiritforged,SFD,042,Brutalizer,Gear,Uncommon,Calm,2,0,,Equipment,Equip,False,,,[Equip] 1 calm rune (1 calm rune: Attach this to a unit you control.)
sfd-043,Spiritforged,SFD,043,Emperor's Divide,Spell,Uncommon,Calm,2,0,,,Hidden|Action,False,,,[Hidden] (Hide now for 1 rune of any type to react with later for 0 energy.) [Action] (Play on your turn or in showdowns.) Move any number of friendly units at a battlefield to their base.
sfd-044,Spiritforged,SFD,044,Legion Quartermaster,Unit,Uncommon,Calm,3,0,4,Trifarian|Noxus,,False,,,"As an additional cost to play me, return a friendly gear to its owner's hand."
sfd-045,Spiritforged,SFD,045,Not So Fast,Spell,Uncommon,Calm,2,1,,,Reaction,False,,,"[Reaction] (Play any time, even before spells and abilities resolve.) Counter an enemy spell or ability that chooses a friendly unit or gear."
sfd-046,Spiritforged,SFD,046,Poro Snax,Gear,Uncommon,Calm,1,1,,,,False,,,"When you play this, draw 1. 1 energy and 1 calm rune, exhaust, Kill this: Draw 1."
sfd-047,Spiritforged,SFD,047,Simian Ancestor,Unit,Uncommon,Calm,5,1,5,Ionia,,False,,,"When you buff me, ready me."
sfd-048,Spiritforged,SFD,048,Stellacorn Herder,Unit,Uncommon,Calm,4,0,3,Mount Targon,,False,,,"When I move, draw 1."
sfd-049,Spiritforged,SFD,049,"Aphelios, Exalted",Unit,Rare,Calm,4,1,4,Aphelios|Mount Targon,,False,,Champion,"When you attach an Equipment to me, choose one that hasn't been chosen this turn —Ready 2 runes.Channel 1 rune exhausted.Buff a friendly unit."
sfd-050,Spiritforged,SFD,050,"Azir, Ascendant",Unit,Rare,Calm,6,1,6,Bird|Azir|Shurima,Action,False,,Champion,"1 calm rune: [Action] — Choose a unit you control. Move me to its location and it to my original location. If it's equipped, you may attach one of its Equipment to me. Use only once per turn."
sfd-051,Spiritforged,SFD,051,Guardian Angel,Gear,Rare,Calm,2,0,,Equipment,Equip,False,,,[Equip] 1 calm rune (1 calm rune: Attach this to a unit you control.)
sfd-052,Spiritforged,SFD,052,Heart of Dark Ice,Gear,Rare,Calm,3,1,,,,False,,,exhaust: Give a unit +3 might this turn.
sfd-053,Spiritforged,SFD,053,"Janna, Savior",Unit,Rare,Calm,3,1,3,Janna|Zaun,Reaction,False,,Champion,"[Reaction] (Play any time, even before spells and abilities resolve, including to a battlefield you control.) When you play me, heal your units here, then move an enemy unit from here to its base."
sfd-054,Spiritforged,SFD,054,"Jax, Unmatched",Unit,Rare,Calm,5,1,5,Jax|Icathia,Deflect|Quick-Draw|Reaction,False,,Champion,"[Deflect] (Opponents must pay 1 rune of any type to choose me with a spell or ability.) Each Equipment in your hand has [Quick-Draw]. (It gains [Reaction]. When you play it, attach it to a unit you control.)"
sfd-055,Spiritforged,SFD,055,Needlessly Large Yordle,Unit,Rare,Calm,10,3,5,Yordle|Bandle City,Shield|Tank,False,,,[Shield 5] (+5 might while I'm a defender.) [Tank] (I must be assigned combat damage first.) I cost 2 energy and 1 calm rune less for each point you scored from holding this turn.
sfd-056,Spiritforged,SFD,056,Sterak's Gage,Gear,Rare,Calm,3,2,,Equipment,Quick-Draw|Reaction|Equip,False,,,"[Quick-Draw] (This has [Reaction]. When you play it, attach it to a unit you control.) [Equip] 1 calm rune (1 calm rune: Attach this to a unit you control.)"
sfd-057,Spiritforged,SFD,057,"Irelia, Fervent",Unit,Epic,Calm,5,0,4,Irelia|Ionia,Deflect,False,,Champion,"[Deflect] (Opponents must pay 1 rune of any type to choose me with a spell or ability.) When you choose or ready me, give me +1 might this turn."
sfd-058,Spiritforged,SFD,058,"Ornn, Blacksmith",Unit,Epic,Calm,5,1,5,Ornn|Freljord,,False,,Champion,"When you play me or when I hold, look at the top 4 cards of your Main Deck. You may reveal a gear from among them and draw it. Then recycle the rest."
sfd-059,Spiritforged,SFD,059,Svellsongur,Gear,Epic,Calm,3,1,,Equipment,Equip,False,,,"[Equip] 1 energy and 1 calm rune (1 energy and 1 calm rune: Attach this to a unit you control.) As this is attached to a unit, copy that unit's text to this Equipment's effect text for as long as this is attached to it."
sfd-060,Spiritforged,SFD,060,Tianna Crownguard,Unit,Epic,Calm,7,2,4,Elite|Demacia,Deflect,False,,,"[Deflect] (Opponents must pay 1 rune of any type to choose me with a spell or ability.) While I'm at a battlefield, opponents can't score points."
sfd-061,Spiritforged,SFD,061,Aspiring Engineer,Unit,Common,Mind,3,1,3,Piltover,,False,,,"When you play me, return a gear from your trash to your hand."
sfd-062,Spiritforged,SFD,062,Bubble Bot,Unit,Common,Mind,3,0,3,Mech|Yordle|Bandle City,,False,,,"When you play me, ready another friendly Mech."
sfd-063,Spiritforged,SFD,063,Chemtech Cask,Gear,Common,Mind,1,0,,,,False,,,"When you play a spell on an opponent's turn, you may exhaust me to play a Gold gear token exhausted."
sfd-064,Spiritforged,SFD,064,Cloth Armor,Gear,Common,Mind,1,0,,Equipment,Quick-Draw|Reaction|Equip,False,,,"[Quick-Draw] (This has [Reaction]. When you play it, attach it to a unit you control.) [Equip] 1 mind rune (1 mind rune: Attach this to a unit you control.)"
sfd-065,Spiritforged,SFD,065,Forecaster,Unit,Common,Mind,2,0,2,Mech|Yordle|Bandle City,Vision,False,,,"Your Mechs have [Vision]. (When you play us, look at the top card of your Main Deck. You may recycle it.)"
sfd-066,Spiritforged,SFD,066,Frigid Touch,Spell,Common,Mind,2,0,,,Reaction|Repeat,False,,,"[Reaction] (Play any time, even before spells and abilities resolve.) [Repeat] 2 energy (You may pay the additional cost to repeat this spell's effect.) Give a unit -2 might this turn."
sfd-067,Spiritforged,SFD,067,Frostcoat Cub,Unit,Common,Mind,3,0,3,Dog|Freljord,,False,,,"You may pay 1 mind rune as an additional cost to play me. When you play me, if you paid the additional cost, give a unit -2 might this turn."
sfd-068,Spiritforged,SFD,068,Gearhead,Unit,Common,Mind,5,0,3,Zaun,Accelerate,False,,,[Accelerate] (You may pay 1 energy and 1 mind rune as an additional cost to have me enter ready.) Each Equipment attached to me gives double its base Might bonus.
sfd-069,Spiritforged,SFD,069,Plundering Poro,Unit,Common,Mind,2,0,2,Poro|Pirate|Bilgewater,,False,,,"When I conquer, play a Gold gear token exhausted."
sfd-070,Spiritforged,SFD,070,Wages of Pain,Spell,Common,Mind,3,0,,,Hidden|Action,False,,,[Hidden] (Hide now for 1 rune of any type to react with later for 0 energy.) [Action] (Play on your turn or in showdowns.) Deal 3 to a unit at a battlefield. Play a Gold gear token exhausted.
sfd-071,Spiritforged,SFD,071,Breakneck Mech,Unit,Uncommon,Mind,8,2,7,Mech|Yordle|Bandle City,Deflect|Ganking,False,,,Your Mechs have [Deflect] and [Ganking]. (Opponents must pay 1 rune of any type to choose us with a spell or ability. We can move from battlefield to battlefield.) I enter ready if you control another Mech.
sfd-072,Spiritforged,SFD,072,Dropboarder,Unit,Uncommon,Mind,4,0,4,Zaun,,False,,,"When you play me, if you control two or more gear, ready me."
sfd-073,Spiritforged,SFD,073,Experimental Hexplate,Gear,Uncommon,Mind,1,0,,Equipment,Equip,False,,,[Equip] 1 mind rune (1 mind rune: Attach this to a unit you control.)
sfd-074,Spiritforged,SFD,074,Pickpocket,Unit,Uncommon,Mind,3,0,3,Zaun,,False,,,"When you play me, you may kill a gear with Energy cost no more than 1 energy. If you do, play a Gold gear token exhausted."
sfd-075,Spiritforged,SFD,075,Prize of Progress,Unit,Uncommon,Mind,4,1,3,Mech|Piltover,,False,,,"When you use an activated ability of a gear, give me +1 might this turn."
sfd-076,Spiritforged,SFD,076,Production Surge,Spell,Uncommon,Mind,4,1,,,,False,,,This costs 2 energy less if you control a Mech. Play a 3 might Mech unit token to your base. Draw 1.
sfd-077,Spiritforged,SFD,077,Rocket Barrage,Spell,Uncommon,Mind,4,1,,,Repeat,False,,,"[Repeat] 4 energy and 1 mind rune (You may pay the additional cost to repeat this spell's effect, and may make different choices.) Choose one —Deal 4 to a unit in a base.Kill a gear."
sfd-078,Spiritforged,SFD,078,Temporal Portal,Gear,Uncommon,Mind,3,0,,,Repeat,False,,,"1 rune of any type, exhaust: Give the next spell you play this turn [Repeat] equal to its cost. (You may pay the additional cost to repeat the spell's effect.)"
sfd-079,Spiritforged,SFD,079,"Bard, Mercurial",Unit,Rare,Mind,4,1,4,Bard,,False,,Champion,"You may exhaust your legend as an additional cost to play me. When you play me, if you paid the additional cost, move any number of your units to an open battlefield."
sfd-080,Spiritforged,SFD,080,Bellows Breath,Spell,Rare,Mind,1,1,,,Action|Repeat,False,,,[Action] (Play on your turn or in showdowns.) [Repeat] 1 energy and 1 mind rune (You may pay the additional cost to repeat this spell's effect.) Deal 1 to up to three units at the same location.
sfd-081,Spiritforged,SFD,081,Card Sharp,Unit,Rare,Mind,3,0,3,Bilgewater,,False,,,"When you play me, you and each opponent may play a Gold gear token exhausted. For each opponent who did, you play a Gold gear token exhausted."
sfd-082,Spiritforged,SFD,082,"Ezreal, Dashing",Unit,Rare,Mind,4,1,3,Ezreal|Piltover,Action,False,,Champion,"When I attack or defend, deal damage equal to my Might to an enemy unit here. I don't deal combat damage. 1 mind rune: [Action] — Move me to your base."
sfd-083,Spiritforged,SFD,083,Hextech Anomaly,Gear,Rare,Mind,3,1,,,Reaction|Add,False,,,exhaust: [Reaction] — Pay any amount of 1 rune of any type to [Add] that much Energy. (Abilities that add resources can't be reacted to.)
sfd-084,Spiritforged,SFD,084,"Jayce, Man of Progress",Unit,Rare,Mind,4,0,4,Jayce|Piltover,,False,,Champion,"When you play me, you may kill a friendly gear. If you do, you may play a gear with Energy cost no more than 7 energy from hand this turn, ignoring its Energy cost. (You must still pay its Power cost.)"
sfd-085,Spiritforged,SFD,085,"Ornn, Forge God",Unit,Rare,Mind,6,0,4,Ornn|Freljord,Deflect|Weaponmaster|Equip,False,,Champion,"[Deflect 2] (Opponents must pay 2 runes of any type to choose me with a spell or ability.) [Weaponmaster] (When you play me, you may [Equip] one of your Equipment to me for 1 rune of any type less, even if it's already attached.) I have +1 might for each friendly gear."
sfd-086,Spiritforged,SFD,086,World Atlas,Gear,Rare,Mind,3,0,,Equipment,Equip,False,,,[Equip] 1 mind rune (1 mind rune: Attach this to a unit you control.)
sfd-087,Spiritforged,SFD,087,Premonition,Spell,Epic,Mind,2,3,,,Reaction,False,,,"[Reaction] (Play any time, even before spells and abilities resolve.) Draw 3."
sfd-088,Spiritforged,SFD,088,"Renata Glasc, Mastermind",Unit,Epic,Mind,5,0,4,Renata Glasc|Zaun,,False,,Champion,"1 energy and 1 mind rune: Draw 1. 4 energy and 4 mind runes, exhaust: Score 1 point. Use my abilities only while I'm at a battlefield."
sfd-089,Spiritforged,SFD,089,"Rumble, Scrapper",Unit,Epic,Mind,5,1,4,Mech|Yordle|Rumble|Bandle City,,False,,Champion,"Your Mechs have +1 might (including me). When I hold, play a 3 might Mech unit token to your base."
sfd-090,Spiritforged,SFD,090,The Zero Drive,Gear,Epic,Mind,3,0,,Equipment,Equip,False,,,"[Equip] 1 energy and 1 mind rune (1 energy and 1 mind rune: Attach this to a unit you control.) 3 energy and 1 mind rune, Banish this: Play all units banished with this, ignoring their costs. (Use only if unattached.)"
sfd-091,Spiritforged,SFD,091,Buhru Captain,Unit,Common,Body,3,1,3,Bilgewater,,False,,,"When you play me, you may draw 1 or buff me. (To buff a unit, give it a +1 might buff if it doesn't already have one.)"
sfd-092,Spiritforged,SFD,092,Combat Chef,Unit,Common,Body,5,0,5,Demacia,Weaponmaster|Equip,False,,,"[Weaponmaster] (When you play me, you may [Equip] one of your Equipment to me for 1 rune of any type less, even if it's already attached.)"
sfd-093,Spiritforged,SFD,093,Dauntless Vanguard,Unit,Common,Body,4,1,4,Elite|Demacia,,False,,,You may play me to an occupied enemy battlefield.
sfd-094,Spiritforged,SFD,094,Direwing,Unit,Common,Body,7,0,7,Dragon|Demacia,,False,,,I enter ready if you control another Dragon.
sfd-095,Spiritforged,SFD,095,Doran's Blade,Gear,Common,Body,2,0,,Equipment,Equip,False,,,[Equip] 1 body rune (1 body rune: Attach this to a unit you control.)
sfd-096,Spiritforged,SFD,096,Laurent Bladekeeper,Unit,Common,Body,3,0,3,Demacia,,False,,,Ganking (I can move from battlefield to battlefield.)
sfd-097,Spiritforged,SFD,097,Punch First,Spell,Common,Body,1,2,,,Action,False,,,[Action] (Play on your turn or in showdowns.) Give a unit +5 might this turn.
sfd-098,Spiritforged,SFD,098,Sea Monkey,Unit,Common,Body,2,0,2,Pirate|Bilgewater,,False,,,"You may pay 1 energy as an additional cost to play me. When you play me, if you paid the additional cost, buff me. (Give me a +1 might buff if I don't already have one.)"
sfd-099,Spiritforged,SFD,099,Veteran Poro,Unit,Common,Body,2,0,2,Poro|Freljord,Weaponmaster|Equip,False,,,"[Weaponmaster] (When you play me, you may [Equip] one of your Equipment to me for 1 rune of any type less, even if it's already attached.)"
sfd-100,Spiritforged,SFD,100,Yordle Explorer,Unit,Common,Body,4,0,4,Yordle|Bandle City,,False,,,"When you play a card with Power cost 2 runes of any type or more, draw 1."
sfd-101,Spiritforged,SFD,101,Fae Dragon,Unit,Uncommon,Body,7,1,7,Fae|Dragon|Bandle City,,False,,,"When you play me, buff up to four friendly units. (Give each a +1 might buff if it doesn't have one.) When you spend a buff, play a Gold gear token exhausted."
sfd-102,Spiritforged,SFD,102,Hexdrinker,Gear,Uncommon,Body,2,0,,Equipment,Equip,False,,,[Equip] 1 body rune (1 body rune: Attach this to a unit you control.)
sfd-103,Spiritforged,SFD,103,Jaull-Fish,Unit,Uncommon,Body,7,2,6,Bilgewater,Accelerate|Mighty,False,,,[Accelerate] (You may pay 1 energy and 1 body rune as an additional cost to have me enter ready.) I cost 2 energy less for each of your [Mighty] units. (A unit is Mighty while it has 5+ might.)
sfd-104,Spiritforged,SFD,104,Petricite Monument,Gear,Uncommon,Body,2,0,,,Temporary|Deflect,False,,,"[Temporary] (Kill this at the start of its controller's Beginning Phase, before scoring.) Friendly units have [Deflect]. (Opponents must pay 1 rune of any type to choose them with a spell or ability.)"
sfd-105,Spiritforged,SFD,105,Ruin Runner,Unit,Uncommon,Body,6,0,5,Shurima,,False,,,I can't be chosen by enemy spells and abilities.
sfd-106,Spiritforged,SFD,106,Show of Strength,Spell,Uncommon,Body,2,1,,,Reaction|Mighty,False,,,"[Reaction] (Play any time, even before spells and abilities resolve.) Draw 1 for each of your [Mighty] units. (A unit is Mighty while it has 5+ might.)"
sfd-107,Spiritforged,SFD,107,Strike Down,Spell,Uncommon,Body,3,1,,,,False,,,Choose an equipped friendly unit. It deals damage equal to its Might to an enemy unit. Then detach an Equipment from it.
sfd-108,Spiritforged,SFD,108,Warmog's Armor,Gear,Uncommon,Body,1,0,,Equipment,Equip,False,,,[Equip] 1 body rune (1 body rune: Attach this to a unit you control.)
sfd-109,Spiritforged,SFD,109,"Akshan, Mischievous",Unit,Rare,Body,4,0,4,Akshan|Shurima|Sentinel,Weaponmaster,False,,Champion,"[Weaponmaster] You may pay 2 body runes as an additional cost to play me. When you play me, if you paid the additional cost, move an enemy gear to your base. You control it until I leave the board. If it's an Equipment, attach it to me."
sfd-110,Spiritforged,SFD,110,"Fiora, Peerless",Unit,Rare,Body,3,1,3,Fiora|Demacia,,False,,Champion,"When I attack or defend one on one, double my Might this combat."
sfd-111,Spiritforged,SFD,111,Here to Help,Spell,Rare,Body,2,1,,,Hidden|Action,False,,,"[Hidden] (Hide now for 1 rune of any type to react with later for 0 energy.) [Action] (Play on your turn or in showdowns.) You may play a unit from hand to a battlefield you control, reducing its cost by 3 energy."
sfd-112,Spiritforged,SFD,112,Kato the Arm,Unit,Rare,Body,4,1,3,Noxus,Deflect,False,,,"[Deflect] (Opponents must pay 1 rune of any type to choose me with a spell or ability.) When I move to a battlefield, give a friendly unit my keywords and +might equal to my Might this turn."
sfd-113,Spiritforged,SFD,113,"Lucian, Merciless",Unit,Rare,Body,3,0,3,Lucian|Demacia|Sentinel,Weaponmaster|Equip,False,,Champion,"[Weaponmaster] (When you play me, you may [Equip] one of your Equipment to me for 1 rune of any type less, even if it's already attached.) The first time I conquer each turn, ready me."
sfd-114,Spiritforged,SFD,114,Marching Orders,Spell,Rare,Body,3,0,,,Action|Repeat,False,,,[Action] (Play on your turn or in showdowns.) [Repeat] 3 energy (You may pay the additional cost to repeat this spell's effect.) Choose a friendly unit anywhere and an enemy unit at a battlefield. They deal damage equal to their Mights to each other.
sfd-115,Spiritforged,SFD,115,Trinity Force,Gear,Rare,Body,4,0,,Equipment,Equip,False,,,[Equip] 1 body rune (1 body rune: Attach this to a unit you control.)
sfd-116,Spiritforged,SFD,116,"Yone, Blademaster",Unit,Rare,Body,5,1,5,Yone|Ionia|Demon,Weaponmaster|Equip,False,,Champion,"[Weaponmaster] (When you play me, you may [Equip] one of your Equipment to me for 1 rune of any type less, even if it's already attached.) When I conquer an open battlefield, deal damage equal to my Might to an enemy unit in a base."
sfd-117,Spiritforged,SFD,117,Ancient Henge,Gear,Epic,Body,2,1,,,Reaction|Add,False,,,exhaust: [Reaction] — Pay any amount of Energy to [Add] that much 1 rune of any type. (Abilities that add resources can't be reacted to.)
sfd-118,Spiritforged,SFD,118,Boneshiver,Gear,Epic,Body,3,0,,Equipment,Equip,False,,,[Equip] 1 energy and 1 body rune (1 energy and 1 body rune: Attach this to a unit you control.)
sfd-119,Spiritforged,SFD,119,"Jax, Unrelenting",Unit,Epic,Body,4,1,3,Jax|Icathia,Weaponmaster|Equip,False,,Champion,"[Weaponmaster] (When you play me, you may [Equip] one of your Equipment to me for 1 rune of any type less, even if it's already attached.) When you attach an Equipment to me, you may pay 1 energy to draw 1."
sfd-120,Spiritforged,SFD,120,"Sivir, Ambitious",Unit,Epic,Body,6,3,7,Sivir|Shurima,Deflect,False,,Champion,"[Deflect 2] (Opponents must pay 2 runes of any type to choose me with a spell or Ability.) When I conquer after an attack, if you assigned 5 or more excess damage to enemy units, you may deal that much to an enemy unit."
sfd-121,Spiritforged,SFD,121,Black Market Broker,Unit,Common,Chaos,3,0,3,Zaun,,False,,,"When you play a card from face down, play a Gold gear token exhausted."
sfd-122,Spiritforged,SFD,122,Called Shot,Spell,Common,Chaos,0,1,,,Action|Repeat,False,2026-03-31,,[Action] (Play on your turn or in showdowns.) [Repeat] 1 chaos rune (You may pay the additional cost to repeat this spell's effect.) Look at the top 2 cards of your Main Deck. Draw one and recycle the other.
sfd-123,Spiritforged,SFD,123,Corrupt Enforcer,Unit,Common,Chaos,3,1,4,Piltover,,False,,,"When I move to a battlefield, discard 1. When I win a combat, draw 1."
sfd-124,Spiritforged,SFD,124,Doran's Ring,Gear,Common,Chaos,1,0,,Equipment,Equip,False,,,[Equip] 1 chaos rune (1 chaos rune: Attach this to a unit you control.)
sfd-125,Spiritforged,SFD,125,Fae Porter,Unit,Common,Chaos,4,0,4,Fae|Ionia,,False,,,"When I move to a battlefield, you may pay 1 chaos rune to move a unit you control to the same battlefield."
sfd-126,Spiritforged,SFD,126,Loyal Pup,Unit,Common,Chaos,3,0,3,Dog|Bandle City,,False,,,"When you defend at a battlefield, you may move me there."
sfd-127,Spiritforged,SFD,127,Master Bingwen,Unit,Common,Chaos,6,0,6,Ionia,Weaponmaster|Equip,False,,,"[Weaponmaster] (When you play me, you may [Equip] one of your Equipment to me for 1 rune of any type less, even if it's already attached.)"
sfd-128,Spiritforged,SFD,128,Overzealous Fan,Unit,Common,Chaos,2,0,2,Noxus,,False,,,"When I defend, you may kill me to move an attacking unit to its base."
sfd-129,Spiritforged,SFD,129,Temptation,Spell,Common,Chaos,2,0,,,Repeat,False,,,[Repeat] 2 energy (You may pay the additional cost to repeat this spell's effect.) Move an enemy unit to a location where there's a unit with the same controller.
sfd-130,Spiritforged,SFD,130,Treasure Hunter,Unit,Common,Chaos,2,0,1,Shurima,,False,,,"When I move, play a Gold gear token exhausted."
sfd-131,Spiritforged,SFD,131,Ancient Warmonger,Unit,Uncommon,Chaos,5,0,4,Spirit|Noxus,Accelerate|Assault,False,,,[Accelerate] (You may pay 1 energy and 1 chaos rune as an additional cost to have me enter ready.) I have [Assault] equal to the number of enemy units here. (+1 might while I'm an attacker for each instance of Assault.)
sfd-132,Spiritforged,SFD,132,Beast Below,Unit,Uncommon,Chaos,7,2,8,Bilgewater,,False,,,"When you play me, return another friendly unit and an enemy unit to their owners' hands."
sfd-133,Spiritforged,SFD,133,Boots of Swiftness,Gear,Uncommon,Chaos,3,0,,Equipment,Equip,False,,,[Equip] 1 chaos rune (1 chaos rune: Attach this to a unit you control.)
sfd-134,Spiritforged,SFD,134,Cull,Gear,Uncommon,Chaos,1,0,,Equipment,Equip,False,,,[Equip] 1 chaos rune (1 chaos rune: Attach this to a unit you control.)
sfd-135,Spiritforged,SFD,135,Factory Recall,Spell,Uncommon,Chaos,1,0,,,Action,False,,,[Action] (Play on your turn or in showdowns.) Return a gear to its owner's hand.
sfd-136,Spiritforged,SFD,136,Hard Bargain,Spell,Uncommon,Chaos,2,0,,,Reaction|Repeat,False,,,"[Reaction] (Play any time, even before spells and abilities resolve.) [Repeat] 2 energy (You may pay the additional cost to repeat this spell's effect.) Counter a spell unless its controller pays 2 energy."
sfd-137,Spiritforged,SFD,137,Harpoon Squad,Unit,Uncommon,Chaos,4,0,4,Pirate|Bilgewater,,False,,,"When I move from a battlefield, give me +2 might this turn."
sfd-138,Spiritforged,SFD,138,Windsinger,Unit,Uncommon,Chaos,2,0,1,Ionia,,False,,,"Hidden (Hide now for 1 rune of any type to react with later for 0 energy.) When you play me, you may return another unit at a battlefield with 3 might or less to its owner's hand."
sfd-139,Spiritforged,SFD,139,Edge of Night,Gear,Rare,Chaos,3,0,,Equipment,Hidden|Equip,False,,,"[Hidden] (Hide now for 1 rune of any type to react with later for 0 energy.) When you play this from face down, attach it to a unit you control here. [Equip] 1 chaos rune (1 chaos rune: Attach this to a unit you control.)"
sfd-140,Spiritforged,SFD,140,"Fizz, Trickster",Unit,Rare,Chaos,3,1,3,Yordle|Fizz|Bilgewater,,False,,Champion,"When you play me, you may play a spell from your trash with Energy cost no more than 3 energy, ignoring its Energy cost. Recycle that spell after you play it. (You must still pay its Power cost.)"
sfd-141,Spiritforged,SFD,141,"Irelia, Graceful",Unit,Rare,Chaos,4,1,4,Irelia|Ionia,,False,,Champion,Your spells that choose me cost 1 energy or 1 rune of any type less.
sfd-142,Spiritforged,SFD,142,Jae Medarda,Unit,Rare,Chaos,5,2,5,Noxus,,False,,,"When you choose me with a spell, draw 1."
sfd-143,Spiritforged,SFD,143,"Sivir, Mercenary",Unit,Rare,Chaos,4,1,4,Sivir|Shurima,Accelerate|Ganking,False,,Champion,"[Accelerate] (You may pay 1 energy and 1 chaos rune as an additional cost to have me enter ready.) If you've spent at least 2 runes of any type this turn, I have +2 might and [Ganking]. (I can move from battlefield to battlefield.)"
sfd-144,Spiritforged,SFD,144,Spirit Wheel,Gear,Rare,Chaos,2,0,,,,False,,,"When you choose a friendly unit, you may pay 1 energy and exhaust this to draw 1."
sfd-145,Spiritforged,SFD,145,Switcheroo,Spell,Rare,Chaos,2,2,,,Hidden|Action,False,,,[Hidden] (Hide now for 1 rune of any type to react with later for 0 energy.) [Action] (Play on your turn or in showdowns.) Swap the Might of two units at the same battlefield this turn.
sfd-146,Spiritforged,SFD,146,"Vex, Cheerless",Unit,Rare,Chaos,5,1,5,Yordle|Vex|Shadow Isles,,False,,Champion,"While I'm in combat, friendly spells cost 1 energy and 1 rune of any type less to a minimum of 1 energy, and enemy spells cost 1 energy and 1 rune of any type more."
sfd-147,Spiritforged,SFD,147,Downwell,Spell,Epic,Chaos,8,2,,,,False,,,Return all units and gear to their owners' hands.
sfd-148,Spiritforged,SFD,148,"Draven, Audacious",Unit,Epic,Chaos,6,1,6,Draven|Noxus,Deflect,False,,Champion,"[Deflect] (Opponents must pay 1 rune of any type to choose me with a spell or ability.) The first time I win a combat each turn, you score 1 point. When I die in combat, choose an opponent. They score 1 point."
sfd-149,Spiritforged,SFD,149,"Ezreal, Prodigy",Unit,Epic,Chaos,3,1,3,Ezreal|Piltover,,False,,Champion,"When you play me, discard 1, then draw 2. Optional additional costs you pay cost 1 energy or 1 rune of any type less."
sfd-150,Spiritforged,SFD,150,Last Rites,Gear,Epic,Chaos,3,0,,Equipment,Equip,False,,,"[Equip] — 1 chaos rune, Recycle 2 cards from your trash (Pay the cost: Attach this to a unit you control.)"
sfd-151,Spiritforged,SFD,151,Bonds of Strength,Spell,Common,Order,2,0,,,Reaction|Repeat,False,,,"[Reaction] (Play any time, even before spells and abilities resolve.) [Repeat] 2 energy (You may pay the additional cost to repeat this spell's effect.) Give two friendly units each +1 might this turn."
sfd-152,Spiritforged,SFD,152,Eminent Benefactor,Unit,Common,Order,6,0,5,Piltover,,False,,,"When I hold, play two Gold gear tokens exhausted."
sfd-153,Spiritforged,SFD,153,Eye of the Herald,Gear,Common,Order,1,0,,Equipment,Equip,False,,,[Equip] 1 order rune (1 order rune: Attach this to a unit you control.)
sfd-154,Spiritforged,SFD,154,Guards!,Spell,Common,Order,3,0,,,Hidden,False,,,[Hidden] (Hide now for 1 rune of any type to react with later for 0 energy.) Play a 2 might Sand Soldier unit token. You may pay 1 order rune to ready it.
sfd-155,Spiritforged,SFD,155,Honest Broker,Unit,Common,Order,2,0,2,Ionia,Deathknell,False,,,"[Deathknell] — Play a Gold gear token exhausted. (When I die, get the effect.)"
sfd-156,Spiritforged,SFD,156,Laurent Duelist,Unit,Common,Order,4,0,3,Demacia,Assault,False,,,[Assault 2] (+2 might while I'm an attacker.)
sfd-157,Spiritforged,SFD,157,Royal Guard,Unit,Common,Order,4,0,2,Shurima,,False,,,"When you play me, play a 2 might Sand Soldier unit token here."
sfd-158,Spiritforged,SFD,158,Sandshifter,Unit,Common,Order,5,2,6,Shurima,,False,,,"When you play me, kill an enemy unit with 3 might or less."
sfd-159,Spiritforged,SFD,159,Trusty Ramhound,Unit,Common,Order,2,0,2,Dog|Elite|Demacia,,False,,,"While you have another unit here, I have +1 might."
sfd-160,Spiritforged,SFD,160,Zaun Punk,Unit,Common,Order,3,0,3,Zaun,,False,,,"You may kill a friendly gear as an additional cost to play me. When you play me, if you paid the additional cost, kill a gear."
sfd-161,Spiritforged,SFD,161,B.F. Sword,Gear,Uncommon,Order,4,0,,Equipment,Equip,False,,,[Equip] 1 order rune (1 order rune: Attach this to a unit you control.)
sfd-162,Spiritforged,SFD,162,Blood Money,Spell,Uncommon,Order,2,0,,,Action,False,,,"[Action] (Play on your turn or in showdowns.) Kill a unit at a battlefield with 2 might or less. If it was an enemy unit, play a Gold gear token exhausted. If it was a friendly unit, play two Gold gear tokens exhausted."
sfd-163,Spiritforged,SFD,163,Deathgrip,Spell,Uncommon,Order,2,0,,,Reaction,False,,,"[Reaction] (Play any time, even before spells and abilities resolve.) Kill a friendly unit to give +might equal to its Might to another friendly unit this turn. Draw 1."
sfd-164,Spiritforged,SFD,164,Drag Under,Spell,Uncommon,Order,5,1,,,Action,False,,,[Action] (Play on your turn or in showdowns.) I cost 2 energy less to play from anywhere other than your hand. Kill a unit at a battlefield.
sfd-165,Spiritforged,SFD,165,Glasc Mixologist,Unit,Uncommon,Order,5,1,5,Zaun,Deathknell,False,,,"[Deathknell] — You may play a unit with cost no more than 3 energy and no more than 1 rune of any type from your trash, ignoring its cost. (When I die, get the effect.)"
sfd-166,Spiritforged,SFD,166,Rally the Troops,Spell,Uncommon,Order,2,0,,,Action,False,,,"[Action] (Play on your turn or in showdowns.) When a friendly unit is played this turn, buff it. (If it doesn't have a buff, it gets a +1 might buff.) Draw 1."
sfd-167,Spiritforged,SFD,167,Unsung Hero,Unit,Uncommon,Order,2,0,2,Elite|Demacia,Deathknell|Mighty,False,,,"[Deathknell] — If I was [Mighty], draw 2. (When I die, get the effect. I'm Mighty while I have 5+ might.)"
sfd-168,Spiritforged,SFD,168,Vanguard Armory,Gear,Uncommon,Order,7,1,,,,False,,,exhaust: Play three 1 might Recruit unit tokens. (You may play them to different locations.)
sfd-169,Spiritforged,SFD,169,Altar of Memories,Gear,Rare,Order,2,0,,,,False,,,"When a friendly unit dies, you may exhaust me to draw 1, then put a card from your hand on the top or bottom of your Main Deck."
sfd-170,Spiritforged,SFD,170,"Rek'Sai, Swarm Queen",Unit,Rare,Order,5,1,5,Rek'Sai|The Void,,False,,Champion,"When I attack, you may reveal the top 2 cards of your Main Deck. You may play one. Then recycle the rest. If the played card is a unit, you may play it here."
sfd-171,Spiritforged,SFD,171,"Renata Glasc, Industrialist",Unit,Rare,Order,4,1,4,Renata Glasc|Zaun,,False,,Champion,Your tokens enter ready.
sfd-172,Spiritforged,SFD,172,Sacred Shears,Gear,Rare,Order,2,1,,Equipment,Equip,False,,,[Equip] 1 order rune (1 order rune: Attach this to a unit you control.)
sfd-173,Spiritforged,SFD,173,"Soraka, Wanderer",Unit,Rare,Order,4,1,4,Soraka|Mount Targon,,False,,Champion,"I must be assigned combat damage last. If another unit you control here would die, if it has less Might than me, instead heal it, exhaust it, and recall it. (Send it to base. This isn't a move.)"
sfd-174,Spiritforged,SFD,174,Trove Golem,Unit,Rare,Order,8,2,9,Freljord,,False,,,"When you play me, play four Gold gear tokens exhausted."
sfd-175,Spiritforged,SFD,175,Undertitan,Unit,Rare,Order,6,1,5,The Void,Add,False,,,"When you play me, give your other units +2 might this turn. As I'm revealed from your deck, [Add] 2 energy."
sfd-176,Spiritforged,SFD,176,"Xin Zhao, Vigilant",Unit,Rare,Order,3,1,4,Demacia|Xin Zhao,Tank,False,,Champion,[Tank] (I must be assigned combat damage first.) I enter ready if you have two or more other units in your base.
sfd-177,Spiritforged,SFD,177,"Azir, Sovereign",Unit,Epic,Order,4,0,4,Bird|Azir|Shurima,Accelerate,False,,Champion,"[Accelerate] (You may pay 1 energy and 1 order rune as an additional cost to have me enter ready.) When I attack, you may move any number of your token units to this battlefield."
sfd-178,Spiritforged,SFD,178,Blade of the Ruined King,Gear,Epic,Order,3,1,,Equipment,Equip,False,,,"[Equip] — 1 order rune, Kill a friendly unit (Pay the cost: Attach this to a unit you control.)"
sfd-179,Spiritforged,SFD,179,Corina Veraza,Unit,Epic,Order,7,1,6,Zaun,Accelerate,False,,,"[Accelerate] (You may pay 1 energy and 1 order rune as an additional cost to have me enter ready.) When I move to a battlefield, play three 1 might Recruit unit tokens here."
sfd-180,Spiritforged,SFD,180,"Fiora, Worthy",Unit,Epic,Order,3,0,3,Fiora|Demacia,Mighty,False,,Champion,"When a unit you control becomes [Mighty], you may pay 1 order rune to ready it. (A unit is Mighty while it has 5+ might.)"
sfd-181,Spiritforged,SFD,181,"Rumble, Mechanized Menace",Legend,Rare,Fury|Mind,,,,Rumble,Shield,False,,,Your Mechs have [Shield]. (+1 might while they're defenders.)
sfd-182,Spiritforged,SFD,182,Danger Zone,Spell,Epic,Fury|Mind,1,1,,Rumble,Reaction|Repeat,False,,Signature,"[Reaction] (Play any time, even before spells and abilities resolve.) [Repeat] 1 energy and 1 rune of any type (You may pay the additional cost to repeat this spell's effect.) Give your Mechs +1 might this turn."
sfd-183,Spiritforged,SFD,183,"Lucian, Purifier",Legend,Rare,Fury|Body,,,,Lucian,Assault,False,,,Your Equipment each give [Assault]. (+1 might while equipped unit is an attacker.)
sfd-184,Spiritforged,SFD,184,Relentless Pursuit,Spell,Epic,Fury|Body,2,1,,Lucian,Action,False,,Signature,"[Action] (Play on your turn or in showdowns.) Move a friendly unit. You may attach an Equipment with the same controller to it. This turn, that unit has ""When I conquer, you may move me to my base."""
sfd-185,Spiritforged,SFD,185,"Draven, Glorious Executioner",Legend,Rare,Fury|Chaos,,,,Draven,,False,,,"When you win a combat, draw 1. (You win if only your units remain after combat.)"
sfd-186,Spiritforged,SFD,186,Spinning Axe,Gear,Epic,Fury|Chaos,2,1,,Draven|Equipment,Quick-Draw|Reaction|Equip|Temporary,False,,Signature,"[Quick-Draw] (This has [Reaction]. When you play it, attach it to a unit you control.) [Equip] 1 rune of any type (1 rune of any type: Attach this to a unit you control.) [Temporary] (If this is unattached, kill it at the start of its controller's Beginning Phase, before scoring.)"
sfd-187,Spiritforged,SFD,187,"Rek'sai, Void Burrower",Legend,Rare,Fury|Order,,,,Rek'Sai,,False,,,"When you conquer, you may exhaust me to reveal the top 2 cards of your Main Deck. You may play one. Then recycle the rest."
sfd-188,Spiritforged,SFD,188,Void Rush,Spell,Epic,Fury|Order,2,1,,Rek'Sai,,False,,Signature,"Reveal the top 2 cards of your Main Deck. You may play one of them, reducing its cost by 2 energy. Draw any you did not play this way."
sfd-189,Spiritforged,SFD,189,"Ornn, Fire Below the Mountain",Legend,Rare,Calm|Mind,,,,Ornn,Reaction|Add,False,,,exhaust: [Reaction] — [Add] 1 rune of any type. Use only to play gear or use gear abilities. (Abilities that add resources can't be reacted to.)
sfd-190,Spiritforged,SFD,190,Forgefire Cape,Gear,Epic,Calm|Mind,4,2,,Ornn|Equipment,Unique|Equip,False,,Signature,[Unique] (Your deck can have only 1 card with this name.) [Equip] 1 rune of any type (1 rune of any type: Attach this to a unit you control.)
sfd-191,Spiritforged,SFD,191,Rabadon's Deathcrown,Gear,Epic,Calm|Mind,4,2,,Ornn|Equipment,Unique|Equip,False,,Signature,[Unique] (Your deck can have only 1 card with this name.) [Equip] 1 rune of any type (1 rune of any type: Attach this to a unit you control.)
sfd-192,Spiritforged,SFD,192,Shurelya's Requiem,Gear,Epic,Calm|Mind,4,2,,Ornn|Equipment,Unique|Equip,False,,Signature,"[Unique] (Your deck can have only 1 card with this name.) [Equip] 1 rune of any type (1 rune of any type: Attach this to a unit you control.) When you play this, ready your units."
sfd-193,Spiritforged,SFD,193,"Jax, Grandmaster At Arms",Legend,Rare,Calm|Body,,,,Jax,,False,,,"1 energy, exhaust: Attach a detached Equipment you control to a unit you control. exhaust: Attach an attached Equipment you control to a unit you control."
sfd-194,Spiritforged,SFD,194,Counter Strike,Spell,Epic,Calm|Body,2,1,,Jax,Reaction,False,,Signature,"[Reaction] (Play any time, even before spells and abilities resolve.) Choose a unit. The next time that unit would be dealt damage this turn, prevent it. Draw 1."
sfd-195,Spiritforged,SFD,195,"Irelia, Blade Dancer",Legend,Rare,Calm|Chaos,,,,Irelia,,False,,,"When you choose a friendly unit, you may exhaust me and pay 1 rune of any type to ready it. When you conquer, you may pay 1 energy to ready me."
sfd-196,Spiritforged,SFD,196,Defiant Dance,Spell,Epic,Calm|Chaos,1,1,,Irelia,Reaction,False,,Signature,"[Reaction] (Play any time, even before spells and abilities resolve.) Give a unit +2 might this turn and another unit -2 might this turn."
sfd-197,Spiritforged,SFD,197,"Azir, Emperor of the Sands",Legend,Rare,Calm|Order,,,,Azir,Weaponmaster,False,,,"Your Sand Soldiers have [Weaponmaster]. 1 energy, exhaust: Play a 2 might Sand Soldier unit token to your base. Use only if you've played an Equipment this turn."
sfd-198,Spiritforged,SFD,198,Arise!,Spell,Epic,Calm|Order,6,1,,Azir,,False,,Signature,Play a 2 might Sand Soldier unit token for each Equipment you control. Then ready two of them.
sfd-199,Spiritforged,SFD,199,"Ezreal, Prodigal Explorer",Legend,Rare,Mind|Chaos,,,,Ezreal,Reaction,False,,,exhaust: [Reaction] — Draw 1. Use only if you've chosen enemy units and/or gear twice this turn with spells or unit abilities.
sfd-200,Spiritforged,SFD,200,Arcane Shift,Spell,Epic,Mind|Chaos,3,1,,Ezreal,Action,False,,Signature,"[Action] (Play on your turn or in showdowns.) Banish a friendly unit, then its owner plays it, ignoring its cost. Deal 3 to an enemy unit at a battlefield. Banish this."
sfd-201,Spiritforged,SFD,201,"Renata Glasc, Chem-Baroness",Legend,Rare,Mind|Order,,,,Renata Glasc,ADD,False,,,"When you or an ally hold, you may exhaust me to play a Gold gear token exhausted. While your score is within 3 points of the Victory Score, your Gold [ADD] an additional 1 energy."
sfd-202,Spiritforged,SFD,202,Hostile Takeover,Spell,Epic,Mind|Order,5,2,,Renata Glasc,Hidden,False,,Signature,"[Hidden] (Hide now for 1 rune of any type to react with later for 0 energy.) Take control of an enemy unit at a battlefield. Ready it. (Start a combat if other enemies are there. Otherwise, conquer.) Lose control of that unit and recall it at end of turn. (Send it to base. This isn't a move.)"
sfd-203,Spiritforged,SFD,203,"Sivir, Battle Mistress",Legend,Rare,Body|Chaos,,,,Sivir,,False,,,"When you recycle a rune, you may exhaust me to play a Gold gear token exhausted. When one or more enemy units die, ready me."
sfd-204,Spiritforged,SFD,204,On the Hunt,Spell,Epic,Body|Chaos,1,2,,Sivir,,False,,Signature,Ready your units.
sfd-205,Spiritforged,SFD,205,"Fiora, Grand Duelist",Legend,Rare,Body|Order,,,,Fiora,Mighty,False,,,"When one of your units becomes [Mighty], you may exhaust me to channel 1 rune exhausted. (A unit is Mighty while it has 5+ might.)"
sfd-206,Spiritforged,SFD,206,Riposte,Spell,Epic,Body|Order,2,2,,Fiora,Reaction,False,,Signature,"[Reaction] (Play any time, even before spells and abilities resolve.) Choose a friendly unit and a spell. Counter that spell and give that unit +might equal to that spell's Energy cost this turn."
sfd-207,Spiritforged,SFD,207,Emperor's Dais,Battlefield,Uncommon,Colorless,,,,,,False,,,"When you conquer here, you may pay 1 energy and return a unit you control here to its owner's hand. If you do, play a 2 might Sand Soldier unit token here."
sfd-208,Spiritforged,SFD,208,Forge of the Fluft,Battlefield,Uncommon,Colorless,,,,,,False,,,"While you control this battlefield, friendly legends have ""exhaust: Attach an Equipment you control to a unit you control."""
sfd-209,Spiritforged,SFD,209,Forgotten Monument,Battlefield,Uncommon,Colorless,,,,,,False,,,Players can't score here until their third turn.
sfd-210,Spiritforged,SFD,210,Hall of Legends,Battlefield,Uncommon,Colorless,,,,,,False,,,"When you conquer here, you may pay 1 energy to ready your legend."
sfd-211,Spiritforged,SFD,211,Marai Spire,Battlefield,Uncommon,Colorless,,,,,Repeat,False,,,"While you control this battlefield, friendly [Repeat] costs cost 1 energy less."
sfd-212,Spiritforged,SFD,212,Minefield,Battlefield,Uncommon,Colorless,,,,,,False,,,"When you conquer here, put the top 2 cards of your Main Deck into your trash."
sfd-213,Spiritforged,SFD,213,Ornn's Forge,Battlefield,Uncommon,Colorless,,,,,,False,,,"While you control this battlefield, the first friendly non-token gear played each turn costs 1 energy less."
sfd-214,Spiritforged,SFD,214,Power Nexus,Battlefield,Uncommon,Colorless,,,,,,False,,,"When you hold here, you may pay 4 runes of any type to score 1 point."
sfd-215,Spiritforged,SFD,215,Ravenbloom Conservatory,Battlefield,Uncommon,Colorless,,,,,,False,,,"When you defend here, reveal the top card of your Main Deck. If it's a spell, put it in your hand. Otherwise, recycle it."
sfd-216,Spiritforged,SFD,216,Rockfall Path,Battlefield,Uncommon,Colorless,,,,,,False,,,Units can't be played here.
sfd-217,Spiritforged,SFD,217,Seat of Power,Battlefield,Uncommon,Colorless,,,,,,False,,,"When you conquer here, draw 1 for each other battlefield you or allies control.."
sfd-218,Spiritforged,SFD,218,Sunken Temple,Battlefield,Uncommon,Colorless,,,,,Mighty,False,,,"When you conquer here with one or more [Mighty] units, you may pay 1 energy to draw 1. (A unit is Mighty while it has 5+ might.)"
sfd-219,Spiritforged,SFD,219,The Papertree,Battlefield,Uncommon,Colorless,,,,,,False,,,"When you hold here, each player channels 1 rune exhausted."
sfd-220,Spiritforged,SFD,220,Treasure Hoard,Battlefield,Uncommon,Colorless,,,,,,False,,,"When you conquer here, you may pay 1 energy to play a Gold gear token exhausted."
sfd-221,Spiritforged,SFD,221,Veiled Temple,Battlefield,Uncommon,Colorless,,,,,,False,,,"When you conquer here, you may ready a friendly gear. If it's an Equipment, you may detach it."
sfd-t03,Spiritforged,SFD,t03,Gold // Buff,Gear,Common,Colorless,,0,,,Reaction|Add,True,,Token,"Kill this, exhaust: [Reaction] — [Add] 1 rune of any type. (Abilities that add resources can't be reacted to.)"
unl-001,Unleashed,UNL,001,Arena Kingpin,Unit,Common,Fury,5,0,3,Yordle|Noxus,,False,,,I enter ready. exhaust: Give a unit +3 might this turn.
unl-002,Unleashed,UNL,002,Inferna,Unit,Common,Fury,2,0,1,Bilgewater,Ambush|Reaction|Assault,False,,,[Ambush] (You may play me as a [Reaction] to a battlefield where you have units.) [Assault 2] (+2 might while I'm an attacker.)
unl-003,Unleashed,UNL,003,Mischievous Marai,Unit,Common,Fury,2,0,2,Bilgewater,Hidden,False,,,"[Hidden] (Hide now for 1 rune of any type to react with later for 0 energy.) When you play me to a battlefield, deal 2 to an enemy unit here."
unl-004,Unleashed,UNL,004,Prepared Neophyte,Unit,Common,Fury,3,0,1,Shadow Isles,,False,,,"If you've spent 4 energy or more to play a spell this turn, I have +4 might."
unl-005,Unleashed,UNL,005,Revna the Lorekeeper,Unit,Common,Fury,7,1,7,Freljord,Ganking,False,,,"[Ganking] (I can move from battlefield to battlefield.) When you play a spell, if you spent 4 energy or more, ready me."
unl-006,Unleashed,UNL,006,Sharkling,Unit,Common,Fury,3,0,1,Bilgewater,Accelerate|Assault,False,,,[Accelerate] (You may pay 1 energy and 1 fury rune as an additional cost to have me enter ready.) [Assault 4] (+4 might while I'm an attacker.)
unl-007,Unleashed,UNL,007,Smite,Spell,Common,Fury,2,1,,,Action,False,,,"[Action] (Play on your turn or in showdowns.) Deal 3 to a unit at a battlefield. If it would die this turn, banish it instead."
unl-008,Unleashed,UNL,008,Towering Pairofant,Unit,Common,Fury,6,0,6,Shurima,Assault,False,,,"[Assault] (+1 might while I'm an attacker.) If a unit died this turn, I enter ready."
unl-009,Unleashed,UNL,009,Upstage Comedy,Spell,Common,Fury,2,0,,,Repeat,False,,,[Repeat] 2 energy (You may pay the additional cost to repeat this spell's effect.) Ready a unit.
unl-010,Unleashed,UNL,010,Vault Breaker,Spell,Common,Fury,1,1,,,Action|Assault|Ganking,False,,,[Action] (Play on your turn or in showdowns.) Give a unit [Assault 2] and [Ganking] this turn. (+2 might while it's an attacker. It can move from battlefield to battlefield.)
unl-011,Unleashed,UNL,011,Fresh Beans,Gear,Uncommon,Fury,2,0,,,,False,,,"When you play a unit during a showdown, you may exhaust this to draw 1."
unl-012,Unleashed,UNL,012,Lord Broadmane,Unit,Uncommon,Fury,5,1,5,Noxus,Ambush|Reaction|Assault,False,,,"[Ambush] (You may play me as a [Reaction] to a battlefield where you have units.) When you play me, give your other units here [Assault] this turn. (+1 might while they're attackers.)"
unl-013,Unleashed,UNL,013,Lotus Trap,Spell,Uncommon,Fury,2,0,,,Hidden|Reaction,False,,,"[Hidden] (Hide now for 1 rune of any type to react with later for 0 energy.) [Reaction] (Play any time, even before spells and abilities resolve.) Choose a unit. Double all damage that would be dealt to it this turn."
unl-014,Unleashed,UNL,014,Monster Harpoon,Spell,Uncommon,Fury,1,1,,,Action,False,,,"[Action] (Play on your turn or in showdowns.) Deal 2 to a unit at a battlefield. If you control a facedown card, deal 4 to it instead."
unl-015,Unleashed,UNL,015,Right of Conquest,Spell,Uncommon,Fury,3,1,,,,False,,,"Draw 1, then draw 1 for each battlefield you or allies control."
unl-016,Unleashed,UNL,016,Scorchclaw,Unit,Uncommon,Fury,3,1,3,Dog|Noxus,Hunt|Level,False,,,"[Hunt 2] (When I conquer or hold, gain 2 XP.) [Level 3][>] I have +1 might and enter ready. (While you have 3+ XP, get the effect.)"
unl-017,Unleashed,UNL,017,Square Up,Spell,Uncommon,Fury,4,0,,,Repeat|Assault,False,,,[Repeat] — Discard 1 (You may pay the additional cost to repeat this spell's effect.) Give a unit [Assault 4] this turn. (+4 might while it's an attacker.)
unl-018,Unleashed,UNL,018,Yeti Brawler,Unit,Uncommon,Fury,6,0,6,Noxus,Reaction|Add,False,,,"When I conquer, if you assigned 3 or more excess damage, play two Gold gear tokens exhausted. (They have ""[Reaction][>] Kill this, exhaust: [Add] 1 rune of any type."")"
unl-019,Unleashed,UNL,019,Blighted Battleaxe,Gear,Rare,Fury,4,0,,Equipment,Equip,False,,,[Equip] 1 energy and 1 fury rune (1 energy and 1 fury rune: Attach this to a unit you control.)
unl-020,Unleashed,UNL,020,Dancing Grenade,Spell,Rare,Fury,2,1,,,,False,,,"Deal 2 to a unit. Its controller may play this spell again for 1 rune of any type. If they do, this deals 1 additional Bonus Damage for each time this spell has dealt damage this turn."
unl-021,Unleashed,UNL,021,Grim Apothecary,Unit,Rare,Fury,3,0,3,Noxus,Ambush|Reaction,False,,,"[Ambush] (You may play me as a [Reaction] to a battlefield where you have units.) When you play me, you may return a friendly unit at a battlefield to its owner's hand."
unl-022,Unleashed,UNL,022,"Jhin, Murderous Artist",Unit,Rare,Fury,4,1,4,Jhin|Ionia,Deflect|Ganking|Add,False,,Champion,"[Deflect] (Opponents must pay 1 rune of any type to choose me with a spell or ability.) [Ganking] (I can move from battlefield to battlefield.) When I move, [Add] 1 energy and 1 rune of any type. (Abilities that add resources can't be reacted to.)"
unl-023,Unleashed,UNL,023,"Katarina, Reckless",Unit,Rare,Fury,5,1,5,Katarina|Noxus,,False,,Champion,"When you hide a card, ready me. When you play a card from face down, deal 2 to an enemy unit."
unl-024,Unleashed,UNL,024,"Rengar, Unseen",Unit,Rare,Fury,4,1,4,Cat|Rengar|Ixtal,Accelerate|Assault|Deflect|Ganking,False,,Champion,[Accelerate] (You may pay 1 energy and 1 fury rune as an additional cost to have me enter ready.) [Assault 2] (+2 might while I'm an attacker.) [Deflect] (Opponents must pay 1 rune of any type to choose me with a spell or ability.) [Ganking] (I can move from battlefield to battlefield.)
unl-025,Unleashed,UNL,025,Undying Legion,Unit,Rare,Fury,3,0,3,Spirit|Shadow Isles,Legion,False,,,[Legion][>] You may play me from your trash for 3 energy and 1 fury rune. (Get the effect if you've played another card this turn.)
unl-026,Unleashed,UNL,026,"Xerath, Freed",Unit,Rare,Fury,5,0,5,Shurima|Xerath,,False,,Champion,"1 fury rune, exhaust: Deal 3 to a unit. Use this ability only while I'm at a battlefield."
unl-027,Unleashed,UNL,027,Inviolus Vox,Unit,Epic,Fury,8,2,8,Dragon|Mount Targon,,False,,,"When I conquer, give a friendly unit +8 might this turn."
unl-028,Unleashed,UNL,028,"Pyke, Dockside Butcher",Unit,Epic,Fury,3,0,2,Pyke|Bilgewater,Hidden|Ganking,False,,Champion,"[Hidden] (Hide now for 1 rune of any type to react with later for 0 energy.) [Ganking] (I can move from battlefield to battlefield.) You may pay 1 fury rune as an additional cost to play me. When you play me, if you paid the additional cost, ready me and give me +2 might this turn."
unl-029,Unleashed,UNL,029,Red Brambleback,Unit,Epic,Fury,4,1,4,Ionia,Accelerate|Buff,False,,,"[Accelerate] (You may pay 1 energy and 1 fury rune as an additional cost to have me enter ready.) Your conquer effects for conquering here trigger an additional time. When I conquer, [Buff] a friendly unit. (Give it a +1 might buff if it doesn't have one.)"
unl-030,Unleashed,UNL,030,"Vi, Hotheaded",Unit,Epic,Fury,4,0,3,Vi|Zaun,Deflect,False,,Champion,[Deflect] (Opponents must pay 1 rune of any type to choose me with a spell or ability.) 2 energy and 1 fury rune: Double my Might this turn.
unl-031,Unleashed,UNL,031,Combat Experience,Spell,Common,Calm,1,0,,,Reaction|Level,False,,,"[Reaction] (Play any time, even before spells and abilities resolve.) Give a unit +1 might this turn. [Level 6][>] Give it +3 might this turn instead. (While you have 6+ XP, get the effect.)"
unl-032,Unleashed,UNL,032,Double Trouble,Spell,Common,Calm,2,0,,,Repeat,False,,,[Repeat] 2 energy (You may pay the additional cost to repeat this spell's effect.) Look at the top 3 cards of your Main Deck. You may reveal a unit from among them and draw it. Recycle the rest.
unl-033,Unleashed,UNL,033,Frisky Hunter,Unit,Common,Calm,4,0,3,Cat|Zaun,Deflect,False,,,"When you play me, play a 1 might Bird unit token with [Deflect] here. (Opponents must pay 1 rune of any type to choose it with a spell or ability.)"
unl-034,Unleashed,UNL,034,Herald of Spring,Unit,Common,Calm,4,1,4,Ionia,Hunt,False,,,"[Hunt] (When I conquer or hold, gain 1 XP.) When you play me, gain 2 XP."
unl-035,Unleashed,UNL,035,Monch,Unit,Common,Calm,6,0,6,Bandle City,,False,,,"If an opponent controls a stunned unit, I cost 2 energy less and enter ready."
unl-036,Unleashed,UNL,036,Mutated Mouser,Unit,Common,Calm,2,0,1,Cat|Bilgewater,Shield|Tank,False,,,[Shield 2] (+2 might while I'm a defender.) [Tank] (I must be assigned combat damage first.)
unl-037,Unleashed,UNL,037,Shadow Watcher,Unit,Common,Calm,4,1,5,Ionia,,False,,,"If a friendly unit died during your Beginning Phase this turn, I enter ready."
unl-038,Unleashed,UNL,038,Skyward Strike,Spell,Common,Calm,2,1,,,Level|Stun,False,,,"Move an enemy unit. [Level 6][>] [Stun] an enemy unit. (While you have 6+ XP, get the effect. A stunned unit doesn't deal combat damage this turn.)"
unl-039,Unleashed,UNL,039,Soul Sword,Gear,Common,Calm,1,0,,Equipment,Equip,False,,,[Equip] 1 calm rune (1 calm rune: Attach this to a unit you control.)
unl-040,Unleashed,UNL,040,Wuju Apprentice,Unit,Common,Calm,2,0,2,Ionia,Hunt|Level,False,,,"[Hunt] (When I conquer or hold, gain 1 XP.) [Level 6][>] When you play me, draw 1. (While you have 6+ XP, get the effect.)"
unl-041,Unleashed,UNL,041,"Allay, Eager Admirer",Unit,Uncommon,Calm,3,0,3,Yordle|Bandle City,Deflect,False,,,"[Deflect] (Opponents must pay 1 rune of any type to choose me with a spell or ability.) While I'm at a battlefield, your other units here have [Deflect]."
unl-042,Unleashed,UNL,042,Back Off,Spell,Uncommon,Calm,3,0,,,Hidden|Action|Stun,False,,,"[Hidden] (Hide now for 1 rune of any type to react with later for 0 energy.) [Action] (Play on your turn or in showdowns.) [Stun] a unit. (It doesn't deal combat damage this turn.) If you played this from your hand, draw 1."
unl-043,Unleashed,UNL,043,Enthusiastic Promoter,Unit,Uncommon,Calm,3,0,2,Yordle|Bandle City,Backline|Buff,False,,,"[Backline] (I must be assigned combat damage last.) When I hold, [Buff] all units here. (Give each a +1 might buff if it doesn't have one.)"
unl-044,Unleashed,UNL,044,Flurry of Feathers,Spell,Uncommon,Calm,4,2,,,Reaction|Deflect,False,,,[Reaction] Choose one —Counter a spell.Play four 1 might Bird unit tokens with [Deflect]. (Opponents must pay 1 rune of any type to choose them with a spell or ability.)
unl-045,Unleashed,UNL,045,Forgotten Signpost,Gear,Uncommon,Calm,2,0,,,Action,False,,,"[Action][>] Exhaust a unit you control, exhaust: Move a different unit you control to the location of the unit you exhausted to pay for this ability."
unl-046,Unleashed,UNL,046,Friendship,Spell,Uncommon,Calm,1,0,,,Reaction,False,,,"[Reaction] (Play any time, even before spells and abilities resolve.) Choose a unit. Give it +1 might this turn for each of the following tags among your units — Bird, Cat, Dog, and Poro."
unl-047,Unleashed,UNL,047,Mosstomper,Unit,Uncommon,Calm,3,1,3,Dog|Ixtal,Hunt|Level|Deflect,False,,,"[Hunt 2] (When I conquer or hold, gain 2 XP.) [Level 3][>] I have +1 might and [Deflect]. (While you have 3+ XP, get the effect. Opponents must pay 1 rune of any type to choose a [Deflect] unit with a spell or ability.)"
unl-048,Unleashed,UNL,048,Trevor Snoozebottom,Unit,Uncommon,Calm,3,0,3,Yordle|Ionia,Shield|Temporary,False,,,"[Shield] (+1 might while I'm a defender.) When I hold, play a ready 3 might Sprite unit token with [Temporary] here. (Kill it at the start of its controller's next Beginning Phase, before scoring.)"
unl-049,Unleashed,UNL,049,Honeyfruit,Gear,Rare,Calm,2,0,,,Reaction|Add|Level,False,,,This enters exhausted. [Reaction][>] exhaust: [Add] 1 rune of any type. (Abilities that add resources can't be reacted to.) [Level 6][>] [>>][Reaction][>] exhaust: [Add] 1 energy and 1 rune of any type. (Use this ability only while you have 6+ XP.)
unl-050,Unleashed,UNL,050,Iascylla,Unit,Rare,Calm,7,1,6,Bilgewater,,False,,,"When I hold, at the start of your next Main Phase, you may move an enemy unit to this battlefield."
unl-051,Unleashed,UNL,051,"Ivern, Nurturer",Unit,Rare,Calm,5,1,4,Ivern|Ionia,Buff,False,,Champion,"When you play me or when I hold, look at the top 3 cards of your Main Deck. You may reveal a unit from among them and draw it. Recycle the rest. Then if you revealed a Bird, Cat, Dog, or Poro, do this: [Buff] a friendly unit. (Give it a +1 might buff if it doesn't have one.)"
unl-052,Unleashed,UNL,052,"Nami, Headstrong",Unit,Rare,Calm,3,0,3,Mount Targon|Nami,Stun|Buff,False,,Champion,"You may pay 1 calm rune as an additional cost to play me. When you play me, if you paid the additional cost, [Stun] an enemy unit. (It doesn't deal combat damage this turn.) When I hold, the next time you play a unit this turn, ready it and [Buff] it."
unl-053,Unleashed,UNL,053,Scuttle Crab,Unit,Rare,Calm,2,0,0,Bilgewater,Deathknell,False,,,"(Units with 0 might can conquer and hold.) When you play me, draw 1. [Deathknell][>] Choose an opponent. They reveal their hand. You can look at their facedown cards this turn. Gain 1 XP. (When I die, get the effects.)"
unl-054,Unleashed,UNL,054,Tricksy Tentacles,Spell,Rare,Calm,4,1,,,,False,,,Move any number of enemy units with the same controller and a total Might of 8 or less to a single location.
unl-055,Unleashed,UNL,055,"Vex, Mocking",Unit,Rare,Calm,5,1,5,Yordle|Vex|Shadow Isles,Shield|Tank|Stun,False,,Champion,"[Shield] (+1 might while I'm a defender.) [Tank] (I must be assigned combat damage first.) When you [Stun] an enemy unit at a battlefield, you may move me to that battlefield."
unl-056,Unleashed,UNL,056,"Yuumi, Magical Cat",Unit,Rare,Calm,3,1,1,Fae|Cat|Bandle City|Yuumi,Tank,False,,Champion,"When I attack or defend, give one of your other units here +3 might and [Tank] this turn. (It must be assigned combat damage first.)"
unl-057,Unleashed,UNL,057,Alpha Wildclaw,Unit,Epic,Calm,6,2,7,Cat|Freljord,Tank,False,,,[Tank] (I must be assigned combat damage first.) Your units here with less Might than me can't be chosen by enemy spells and abilities.
unl-058,Unleashed,UNL,058,"Lillia, Protector of Dreams",Unit,Epic,Calm,5,0,4,Fae|Lillia|Ionia,Tank,False,,Champion,"When you play a token unit, give me +1 might this turn. Your token units have [Tank]. (They must be assigned combat damage first.)"
unl-059,Unleashed,UNL,059,"Master Yi, Unstoppable",Unit,Epic,Calm,12,3,12,Master Yi|Ionia,Level,False,,Champion,"[Level 3][>] I cost 2 energy and 1 calm rune less. (While you have 3+ XP, get the effect.) [Level 6][>] I cost 4 energy and 2 calm runes less instead. [Level 11][>] I cost 6 energy and 3 calm runes less instead. [Level 16][>] I can't be chosen by enemy spells and abilities."
unl-060,Unleashed,UNL,060,Vilemaw,Unit,Epic,Calm,8,2,8,Shadow Isles|Spider,Ambush|Reaction,False,,,"[Ambush] (You may play me as a [Reaction] to a battlefield where you have units.) Enemy units here with less Might than me don't deal combat damage. When I hold, draw 1."
unl-061,Unleashed,UNL,061,Downstage Dramatics,Spell,Common,Mind,2,0,,,Reaction|Repeat,False,,,"[Reaction] (Play any time, even before spells and abilities resolve.) [Repeat] 2 energy (You may pay the additional cost to repeat this spell's effect.) Draw 1."
unl-062,Unleashed,UNL,062,Dramatic Visionary,Unit,Common,Mind,4,0,4,Ionia,Deathknell|Predict,False,,,"[Deathknell][>] [Predict 2]. (When I die, look at the top two cards of your Main Deck. Recycle any of them and put the rest back in any order.)"
unl-063,Unleashed,UNL,063,Eclipse,Spell,Common,Mind,3,0,,,Reaction|Predict,False,,,"[Reaction] (Play any time, even before spells and abilities resolve.) Give a unit -4 might this turn. [Predict]. (Look at the top card of your Main Deck. You may recycle it.)"
unl-064,Unleashed,UNL,064,Fate Weaver,Unit,Common,Mind,5,0,4,Ionia,,False,,,"When you play me, look at the top 4 cards of your Main Deck. You may reveal a spell with Energy cost 4 energy or more from among them and draw it. Recycle the rest."
unl-065,Unleashed,UNL,065,Icevale Archer,Unit,Common,Mind,2,0,2,Freljord,,False,,,"When I attack, you may pay 1 energy to give a unit here -1 might this turn."
unl-066,Unleashed,UNL,066,Moonlight Affliction,Spell,Common,Mind,7,0,,,Reaction,False,,,"[Reaction] (Play any time, even before spells and abilities resolve.) Give a unit -10 might this turn."
unl-067,Unleashed,UNL,067,Ruined Rex,Unit,Common,Mind,6,1,6,Bilgewater,Deathknell,False,,,"[Deathknell][>] Deal 4 to an enemy unit. (When I die, get the effect.)"
unl-068,Unleashed,UNL,068,Spectral Centaur,Unit,Common,Mind,6,0,5,Spirit|Shadow Isles,,False,,,"When another friendly unit dies, give me +2 might this turn."
unl-069,Unleashed,UNL,069,Sprite Burst,Spell,Common,Mind,5,0,,,Temporary,False,,,"Play two ready 3 might Sprite unit tokens with [Temporary]. (Kill each at the start of its controller's Beginning Phase, before scoring.)"
unl-070,Unleashed,UNL,070,Turn to Dust,Spell,Common,Mind,2,0,,,Temporary,False,,,"Give a gear [Temporary]. (Kill it at the start of its controller's Beginning Phase, before scoring.)"
unl-071,Unleashed,UNL,071,Chakram Dancer,Unit,Uncommon,Mind,3,0,3,Bilgewater,Ambush|Reaction|Shield,False,,,"[Ambush] (You may play me as a [Reaction] to a battlefield where you have units.) When you play me, give your other units here [Shield] this turn. (+1 might while they're defenders.)"
unl-072,Unleashed,UNL,072,Crescent Strike,Spell,Uncommon,Mind,3,1,,,Action,False,,,[Action] (Play on your turn or in showdowns.) Choose a battlefield and an enemy unit there. Deal 4 to that unit and 1 to each other enemy unit there.
unl-073,Unleashed,UNL,073,Deadly Flourish,Spell,Uncommon,Mind,4,0,,,Reaction|Add,False,,,"Deal 3 to an enemy unit. When it dies this turn, play a Gold gear token exhausted. (It has ""[Reaction][>] Kill this, exhaust: [Add] 1 rune of any type."")"
unl-074,Unleashed,UNL,074,Frigid Jewel,Gear,Uncommon,Mind,2,0,,,,False,,,"When you draw your second card each turn, give a friendly unit +2 might this turn."
unl-075,Unleashed,UNL,075,Gustwalker,Unit,Uncommon,Mind,3,1,3,Dog|Ionia,Hunt|Level|Ganking,False,,,"[Hunt 2] (When I conquer or hold, gain 2 XP.) [Level 3][>] I have +1 might and [Ganking]. (While you have 3+ XP, get the effect. A [Ganking] unit can move from battlefield to battlefield.)"
unl-076,Unleashed,UNL,076,Petal Pixie,Unit,Uncommon,Mind,2,0,2,Fae|Ionia,Temporary,False,,,I have +1 might for each of your units with [Temporary] at my battlefield.
unl-077,Unleashed,UNL,077,Soul Shepherd,Unit,Uncommon,Mind,5,0,3,Shadow Isles,,False,,,Your token units have +1 might.
unl-078,Unleashed,UNL,078,Sprite Fountain,Gear,Uncommon,Mind,2,1,,,Temporary|Deathknell,False,,,"[Temporary] (Kill this at the start of its controller's Beginning Phase, before scoring.) When you play this, play a ready 3 might Sprite unit token with [Temporary] to your base. [Deathknell][>] Repeat this gear's play effect. (When this dies, get the effect.)"
unl-079,Unleashed,UNL,079,"Diana, Lunari",Unit,Rare,Mind,3,0,3,Diana|Mount Targon,Predict,False,,Champion,"When a showdown begins here, you may pay 1 energy. If you do, [Predict], then reveal the top card of your Main Deck. If it's a spell, draw it. (To Predict, look at the top card of your Main Deck. You may recycle it.)"
unl-080,Unleashed,UNL,080,"Hwei, Brooding Painter",Unit,Rare,Mind,5,1,5,Ionia|Hwei,,False,,Champion,"When I move, draw 1, then discard 1. Then, do the following based on the discarded card's type:Spell — Draw 1.Gear — Ready up to 2 runes.Unit — Give me +3 might this turn."
unl-081,Unleashed,UNL,081,Keeper of Masks,Unit,Rare,Mind,2,0,1,Ionia,Hidden|Temporary,False,,,"[Hidden] (Hide now for 1 rune of any type to react with later for 0 energy.) [Temporary] (Kill me at the start of my controller's Beginning Phase, before scoring.) When you play me, play two Reflection unit tokens here. They become copies of me."
unl-082,Unleashed,UNL,082,"Lillia, Fae Fawn",Unit,Rare,Mind,3,0,3,Fae|Lillia|Ionia,Accelerate|Temporary,False,,Champion,"[Accelerate] (You may pay 1 energy and 1 mind rune as an additional cost to have me enter ready.) When I move from a location, play a 3 might Sprite unit token with [Temporary] there. (Kill it at the start of its controller's Beginning Phase, before scoring.)"
unl-083,Unleashed,UNL,083,Smoke and Mirrors,Spell,Rare,Mind,2,0,,,Hidden|Action|Temporary,False,,,"[Hidden] (Hide now for 1 rune of any type to react with later for 0 energy.) [Action] (Play on your turn or in showdowns.) Choose a unit you control and another unit you control at a different location. If at least one of them has [Temporary], move each to the other's location. Draw 1."
unl-084,Unleashed,UNL,084,Sprite Queen,Unit,Rare,Mind,7,1,6,Fae|Ionia,Temporary,False,,,"When you play me or at the start of your Beginning Phase, play a ready 3 might Sprite unit token with [Temporary] to your base. (Kill them at the start of their controller's next Beginning Phase, before scoring.)"
unl-085,Unleashed,UNL,085,Sumpworks Map,Gear,Rare,Mind,2,0,,,Reaction|Temporary,False,,,"[Reaction] (Play any time, even before spells and abilities resolve.) [Temporary] (Kill this at the start of its controller's Beginning Phase, before scoring.) When an opponent scores, draw 1."
unl-086,Unleashed,UNL,086,"Zilean, Time Mage",Unit,Rare,Mind,5,1,5,Icathia|Zilean,,False,,Champion,"Once each turn, if you would play a token unit while I'm at a battlefield, you may play that token and an additional copy of it instead."
unl-087,Unleashed,UNL,087,Blue Sentinel,Unit,Epic,Mind,4,1,4,Mount Targon,Shield|Add,False,,,"[Shield 2] (+2 might while I'm a defender.) Your hold effects for holding here trigger an additional time. When I hold, [Add] 1 rune of any type at the start of your next Main Phase. (Abilities that add resources can't be reacted to.)"
unl-088,Unleashed,UNL,088,Gutter Palace,Gear,Epic,Mind,4,0,,,Deflect,False,,,"At the start of your Beginning Phase, if you have exactly 4 cards in hand and exactly 4 units at battlefields, you win the game. Discard 1, exhaust: Play a 1 might Bird unit token with [Deflect]. (Opponents must pay 1 rune of any type to choose it with a spell or ability.)"
unl-089,Unleashed,UNL,089,"Jhin, Meticulous Killer",Unit,Epic,Mind,4,0,4,Jhin|Ionia,Vision,False,,Champion,"[Vision] (When you play me, look at the top card of your Main Deck. You may recycle it.) If you've spent 4 energy or more to play a spell this turn, you may play me for 1 mind rune."
unl-090,Unleashed,UNL,090,"LeBlanc, Everywhere At Once",Unit,Epic,Mind,4,0,4,Noxus|LeBlanc,Backline|Temporary,False,,Champion,[Backline] (I must be assigned combat damage last.) Your [Temporary] effects at my battlefield don't trigger.
unl-091,Unleashed,UNL,091,Concentrate,Spell,Common,Body,5,0,,,Level,False,,,"Draw 2. [Level 6][>] This costs 2 energy less. (While you have 6+ XP, get the effect.) [Level 11][>] This costs 4 energy less instead."
unl-092,Unleashed,UNL,092,Demacian Diplomat,Unit,Common,Body,2,0,2,Demacia,,False,,,"When you play me, gain 1 XP."
unl-093,Unleashed,UNL,093,Dragonsoul Sage,Unit,Common,Body,2,0,1,Ionia,Reaction|Add,False,,,[Reaction][>] exhaust: [Add] 1 energy. (Abilities that add resources can't be reacted to.)
unl-094,Unleashed,UNL,094,Gemhand Hunter,Unit,Common,Body,2,0,2,Yordle|Mount Targon,Hunt|Level,False,,,"[Hunt] (When I conquer or hold, gain 1 XP.) [Level 6][>] I have +1 might. (While you have 6+ XP, get the effect.)ambush"
unl-095,Unleashed,UNL,095,Grim Resolve,Spell,Common,Body,2,0,,,Action,False,,,"[Action] (Play on your turn or in showdowns.) Give a friendly unit +3 might this turn. When it wins a combat this turn, gain 2 XP."
unl-096,Unleashed,UNL,096,Hunter's Machete,Gear,Common,Body,3,0,,Equipment,Equip,False,,,[Equip] 1 body rune (1 body rune: Attach this to a unit you control.)
unl-097,Unleashed,UNL,097,Kinkou Initiate,Unit,Common,Body,3,0,3,Ionia,,False,,,"When you play me, draw 1 if your other units have total Might 5 or more."
unl-098,Unleashed,UNL,098,Targonian Visionary,Unit,Common,Body,6,0,6,Mount Targon,Level,False,,,"[Level 11][>] I have +4 might. (While you have 11+ XP, get the effect.)"
unl-099,Unleashed,UNL,099,Towering Combatant,Unit,Common,Body,4,0,3,Shurima,Shield|Tank,False,,,[Shield 2] (+2 might while I'm a defender.) [Tank] (I must be assigned combat damage first.)
unl-100,Unleashed,UNL,100,Voracious Gromp,Unit,Common,Body,5,0,5,Freljord,Hunt,False,,,"[Hunt 3] (When I conquer or hold, gain 3 XP.)"
unl-101,Unleashed,UNL,101,Call to Battle,Spell,Uncommon,Body,3,0,,,,False,,,"Move a unit you control to a battlefield you control. Then, choose an opponent. They move a unit they control to the same battlefield."
unl-102,Unleashed,UNL,102,Crowd Favorite,Unit,Uncommon,Body,3,0,3,Noxus,Hunt|Buff,False,,,"[Hunt] (When I conquer or hold, gain 1 XP.) Spend 2 XP: [Buff] me. (Give me a +1 might buff if I don't have one.)"
unl-103,Unleashed,UNL,103,Disposal Order,Spell,Uncommon,Body,2,0,,,Reaction,False,,,"[Reaction] (Play any time, even before spells and abilities resolve.) Choose one —Choose up to 3 cards from opponents' trashes. Their owners recycle them.Draw 1."
unl-104,Unleashed,UNL,104,Gentle Gemdragon,Unit,Uncommon,Body,8,0,8,Dragon|Mount Targon,,False,,,"When you play me or another Dragon, ready up to 2 runes."
unl-105,Unleashed,UNL,105,Imposing Challenger,Unit,Uncommon,Body,5,0,5,Ionia,,False,,,"When I move, you may move an enemy unit here with less Might than me to a different battlefield."
unl-106,Unleashed,UNL,106,Repulse,Spell,Uncommon,Body,1,1,,,Reaction,False,,,"[Reaction] (Play any time, even before spells and abilities resolve.) Choose a friendly unit at a battlefield. Counter an enemy spell or ability that chooses it and no other friendly unit."
unl-107,Unleashed,UNL,107,Stare Down,Spell,Uncommon,Body,2,0,,,,False,,,Choose a friendly unit and a battlefield. Move all enemy units at that battlefield with less Might than the chosen unit to their base. Gain 1 XP.
unl-108,Unleashed,UNL,108,Wily Newtfish,Unit,Uncommon,Body,4,0,4,Bilgewater,Ganking,False,,,"If you've gained XP this turn, I have +1 might and [Ganking]. (I can move from battlefield to battlefield.)"
unl-109,Unleashed,UNL,109,Blood Rose,Gear,Rare,Body,1,0,,,,False,,,"When you play a unit, you may pay 1 energy to gain 1 XP. Spend 3 XP, exhaust: Ready a unit."
unl-110,Unleashed,UNL,110,Clash of Giants,Spell,Rare,Body,6,2,,,,False,,,Choose two units. They deal damage equal to their Mights to each other.
unl-111,Unleashed,UNL,111,Determined Sentry,Unit,Rare,Body,1,0,1,Yordle|Bandle City,,False,,,I can't move to base.
unl-112,Unleashed,UNL,112,Irresistible Faefolk,Unit,Rare,Body,2,0,1,Fae|Ionia,,False,,,"When I move to a battlefield, you may move an enemy unit to that battlefield."
unl-113,Unleashed,UNL,113,"Master Yi, Tempered",Unit,Rare,Body,4,0,4,Master Yi|Ionia,Hunt|Level|Deflect|Ganking,False,,Champion,"[Hunt 2] (When I conquer or hold, gain 2 XP.) [Level 6][>] I have [Deflect] and [Ganking]. (While you have 6+ XP, opponents must pay 1 rune of any type to choose me with a spell or ability and I can move from battlefield to battlefield.)"
unl-114,Unleashed,UNL,114,"Nidalee, Cat Form",Unit,Rare,Body,3,1,4,Cat|Ixtal|Nidalee,Ambush|Reaction,False,,Champion,"[Ambush] (You may play me as a [Reaction] to a battlefield where you have units.) When I win a combat, draw 1. (I win if I remain after combat.)"
unl-115,Unleashed,UNL,115,"Nilah, Joyful Ascetic",Unit,Rare,Body,3,1,4,Nilah|Kathkan|Demon,Accelerate|Ganking,False,,Champion,"[Accelerate] (You may pay 1 energy and 1 body rune as an additional cost to have me enter ready.) [Ganking] (I can move from battlefield to battlefield.) When I move, gain 1 XP."
unl-116,Unleashed,UNL,116,"Poppy, Paragon",Unit,Rare,Body,5,0,5,Yordle|Demacia|Poppy,Deflect,False,,Champion,"[Deflect] (Opponents must pay 1 rune of any type to choose me with a spell or ability.) When you play me, if an opponent's score is within 3 points of the Victory Score, ready me and gain 3 XP."
unl-117,Unleashed,UNL,117,Arachnoid Horror,Unit,Epic,Body,6,1,6,Shadow Isles|Spider,Hunt,False,,,"[Hunt 2] (When I conquer or hold, gain 2 XP.) I can be played to an occupied battlefield if an enemy unit is alone there. Friendly units can be played to an occupied battlefield if an enemy unit is alone there."
unl-118,Unleashed,UNL,118,Elder Dragon,Unit,Epic,Body,12,4,10,Dragon|Demacia,,False,,,"Any amount of your damage is enough to kill enemy units. When you play me, choose up to one enemy unit at each location. Deal 1 to them."
unl-119,Unleashed,UNL,119,"Kha'Zix, Evolving Hunter",Unit,Epic,Body,5,1,5,Kha'Zix|The Void,Hunt,False,,Champion,"[Hunt] (When I conquer or hold, gain 1 XP.) When I attack, you may spend 3 XP to deal damage equal to my Might to an enemy unit here."
unl-120,Unleashed,UNL,120,"Rengar, Trophy Hunter",Unit,Epic,Body,5,1,6,Cat|Rengar|Ixtal,Ambush|Reaction,False,,Champion,[Ambush] (You may play me as a [Reaction] to a battlefield where you have units.) I can be played to a battlefield where there are enemy units (even if you don't have units there).
unl-121,Unleashed,UNL,121,Bewitching Spirit,Unit,Common,Chaos,3,0,2,Spirit|Shadow Isles,,False,,,"When you play me, choose a player. They discard 1."
unl-122,Unleashed,UNL,122,Crescent Guardian,Unit,Common,Chaos,4,0,4,Mount Targon,,False,,,"If you've played a spell this turn, you may pay 1 chaos rune as an additional cost to play me. If you do, I enter ready."
unl-123,Unleashed,UNL,123,Evershade Stalker,Unit,Common,Chaos,3,0,3,Shadow Isles,,False,,,"When you play me, discard 1, then draw 1."
unl-124,Unleashed,UNL,124,Isolate,Spell,Common,Chaos,2,0,,,,False,,,"Move an enemy unit from a battlefield to its base. Then, if there's an enemy unit alone at that battlefield, draw 1."
unl-125,Unleashed,UNL,125,Lunar Boon,Spell,Common,Chaos,3,0,,,Reaction,False,,,"[Reaction] (Play any time, even before spells and abilities resolve.) Discard 1, then draw 2."
unl-126,Unleashed,UNL,126,Megatusk,Unit,Common,Chaos,6,0,6,Bilgewater,Ganking,False,,,Spend 3 XP: Give your units here [Ganking] this turn. (We can move from battlefield to battlefield.)
unl-127,Unleashed,UNL,127,Mister Root,Unit,Common,Chaos,2,0,1,Fae|Ionia,Accelerate,False,,,"[Accelerate] (You may pay 1 energy and 1 chaos rune as an additional cost to have me enter ready.) When I move to a battlefield, gain 2 XP."
unl-128,Unleashed,UNL,128,Star-Crossed,Spell,Common,Chaos,3,1,,,Reaction,False,,,"[Reaction] (Play any time, even before spells and abilities resolve.) Return a friendly unit and an enemy unit to their owners' hands."
unl-129,Unleashed,UNL,129,Vicious Snapjaws,Unit,Common,Chaos,5,0,5,Bilgewater,,False,,,"When another friendly unit dies, gain 1 XP."
unl-130,Unleashed,UNL,130,Walking Roost,Unit,Common,Chaos,5,0,6,Shadow Isles,Deflect,False,,,"[Deflect] (Opponents must pay 1 rune of any type to choose me with a spell or ability.) When you play me, choose an opponent. They play a 1 might Bird unit token with [Deflect]."
unl-131,Unleashed,UNL,131,Abandon,Spell,Uncommon,Chaos,2,0,,,Reaction|Predict,False,,,"[Reaction] (Play any time, even before spells and abilities resolve.) Counter a spell. Return it to its owner's hand instead of putting it in their trash. [Predict]. (Look at the top card of your Main Deck. You may recycle it.)"
unl-132,Unleashed,UNL,132,Angler Beast,Unit,Uncommon,Chaos,5,1,5,Bilgewater,,False,,,"When you play me, return all units with 2 might or less to their owners' hands."
unl-133,Unleashed,UNL,133,Blast Cone,Gear,Uncommon,Chaos,4,1,,,Stun,False,,,"When you play this, you may move an enemy unit. When you move an enemy unit, you may exhaust this to [Stun] it. (It doesn't deal combat damage this turn.)"
unl-134,Unleashed,UNL,134,Existential Dread,Spell,Uncommon,Chaos,1,1,,,Action|Repeat|Stun,False,,,"[Action] (Play on your turn or in showdowns.) [Repeat] 2 energy (You may pay the additional cost to repeat this spell's effect.) [Stun] an attacking enemy unit. If it's already stunned, return it to its owner's hand instead. (A stunned unit doesn't deal combat damage this turn.)"
unl-135,Unleashed,UNL,135,Insightful Investigator,Unit,Uncommon,Chaos,3,0,3,Piltover,,False,,,"When you play me, choose an opponent. They reveal their hand. You may pay 2 XP to choose a card from their hand. If you do, they discard that card and draw 1."
unl-136,Unleashed,UNL,136,Scryer's Bloom,Gear,Uncommon,Chaos,1,0,,,Predict,False,,,"This enters exhausted. Kill this, 1 energy, exhaust: [Predict 2], then draw 1. Gain 1 XP. (To Predict 2, look at the top two cards of your Main Deck. Recycle any of them and put the rest back in any order.)"
unl-137,Unleashed,UNL,137,Sinister Poro,Unit,Uncommon,Chaos,2,1,1,Poro|Shadow Isles,,False,,,"When I attack, you may pay 1 energy to move an enemy unit here to its base."
unl-138,Unleashed,UNL,138,The List,Gear,Uncommon,Chaos,1,0,,,,False,,,"As you play this, name a tag. (For example, Miss Fortune, Demacia, and Poro are tags.) exhaust: Give a unit with the named tag -2 might this turn."
unl-139,Unleashed,UNL,139,Bone Skewer,Spell,Rare,Chaos,2,1,,,Hidden|Stun,False,,,"[Hidden] (Hide now for 1 rune of any type to react with later for 0 energy.) Choose a battlefield. An opponent reveals their hand. You may choose a unit from it. They play that unit to that battlefield, ignoring any and all costs. When they do, [Stun] it. (It doesn't deal combat damage this turn.)"
unl-140,Unleashed,UNL,140,Conscription,Spell,Rare,Chaos,5,2,,,,False,,,"You may spend 5 XP as an additional cost to play this. Choose an enemy unit at a battlefield with 3 might or less. If you paid the additional cost, choose any enemy unit at a battlefield instead. Take control of it, exhaust it, and recall it."
unl-141,Unleashed,UNL,141,"Evelynn, Entrancing",Unit,Rare,Chaos,2,0,2,Evelynn|Demon,Hidden|Backline,False,,Champion,"[Hidden] (Hide now for 1 rune of any type to react with later for 0 energy.) [Backline] (I must be assigned combat damage last.) When you play me from face down on your turn, you may move an enemy unit at a different location to my battlefield."
unl-142,Unleashed,UNL,142,Heedless Resurrection,Spell,Rare,Chaos,2,1,,,Reaction,False,,,"[Reaction] (Play any time, even before spells and abilities resolve.) As an additional cost to play this, kill a friendly unit. Play a unit from your trash that costs no more Energy and no more Power than the killed unit, ignoring its cost."
unl-143,Unleashed,UNL,143,"Kha'Zix, Mutating Horror",Unit,Rare,Chaos,4,1,4,Kha'Zix|The Void,Ambush|Reaction,False,,Champion,"[Ambush] (You may play me as a [Reaction] to a battlefield where you have units.) When I attack or defend, if an enemy unit is alone here, give me +2 might this turn and gain 2 XP."
unl-144,Unleashed,UNL,144,Maduli the Gatekeeper,Unit,Rare,Chaos,7,1,6,Bandle City,,False,,,I can't be readied. 1 chaos rune: Move me to an occupied enemy battlefield if my Might is greater than the total Might of enemy units there.
unl-145,Unleashed,UNL,145,"Pyke, Returned",Unit,Rare,Chaos,3,0,3,Pyke|Bilgewater,Hidden|Backline|Reaction|Add,False,,Champion,"[Hidden] (Hide now for 1 rune of any type to react with later for 0 energy.) [Backline] (I must be assigned combat damage last.) Once each turn, when an enemy unit dies while I'm at a battlefield, play a Gold gear token exhausted. (It has ""[Reaction][>] Kill this, exhaust: [Add] 1 rune of any type."")"
unl-146,Unleashed,UNL,146,"Syndra, Transcendent",Unit,Rare,Chaos,6,1,6,Ionia|Syndra,Repeat,False,,Champion,"While I'm in a showdown, your spells have [Repeat] 2 energy and 1 chaos rune. (You may pay the additional cost to repeat the spell's effect.)"
unl-147,Unleashed,UNL,147,Baron Nashor,Unit,Epic,Chaos,10,3,12,The Void,,False,,,"As you play me, add the Baron Pit battlefield token to the board if it's not there already. If you do, I enter there. (It has ""Units can move here from anywhere."") I can't be chosen by enemy spells and abilities. Other friendly units have +2 might."
unl-148,Unleashed,UNL,148,Cursed Sarcophagus,Gear,Epic,Chaos,4,1,,,,False,,,"When you play this, banish all units from your trash. exhaust: Play a unit banished with this. (You must pay its costs.)"
unl-149,Unleashed,UNL,149,"Diana, No Longer Human",Unit,Epic,Chaos,4,1,3,Diana|Mount Targon,Ambush|Reaction,False,,Champion,"[Ambush] (You may play me as a [Reaction] to a battlefield where you have units.) When you play a spell, give me +2 might this turn."
unl-150,Unleashed,UNL,150,"Vex, Apathetic",Unit,Epic,Chaos,4,0,4,Yordle|Vex|Shadow Isles,Deflect|Stun,False,,Champion,"[Deflect] (Opponents must pay 1 rune of any type to choose me with a spell or ability.) When an opponent plays a unit while I'm at a battlefield, [Stun] it. They can't move it this turn. (It doesn't deal combat damage this turn.)"
unl-151,Unleashed,UNL,151,Bandle Soldier,Unit,Common,Order,4,1,5,Yordle|Bandle City,Level,False,,,"[Level 3][>] I enter ready. (While you have 3+ XP, get the effect.)"
unl-152,Unleashed,UNL,152,Black Rose Dignitary,Unit,Common,Order,3,0,2,Noxus,Assault|Deathknell,False,,,"[Assault] (+1 might while I'm an attacker.) [Deathknell][>] Channel 1 rune exhausted. (When I die, get the effect.)"
unl-153,Unleashed,UNL,153,Carrion Dredger,Unit,Common,Order,2,0,1,Mech|Zaun,Deathknell|Deflect,False,,,"[Deathknell][>] Play a 1 might Bird unit token with [Deflect] to your base. (When I die, get the effect. Opponents must pay 1 rune of any type to choose a [Deflect] unit with a spell or ability.)"
unl-154,Unleashed,UNL,154,Crimson Pigeons,Unit,Common,Order,3,0,3,Bird|Noxus,,False,,,I have +2 might while I'm attacking with another unit.
unl-155,Unleashed,UNL,155,Heroic Charge,Spell,Common,Order,3,0,,,Action|Stun,False,,,[Action] (Play on your turn or in showdowns.) Give a friendly unit +1 might this turn and [Stun] an enemy unit at its location. (A stunned unit doesn't deal combat damage this turn.)
unl-156,Unleashed,UNL,156,Loyal Poro,Unit,Common,Order,3,0,3,Poro|Freljord,Deathknell,False,,,"[Deathknell][>] If I didn't die alone, draw 1. (When I die, get the effect. I wasn't alone if there were other friendly units here.)"
unl-157,Unleashed,UNL,157,Scrutinizing Sergeant,Unit,Common,Order,6,0,6,Elite|Demacia,,False,,,"When you play me, gain 1 XP for each friendly unit."
unl-158,Unleashed,UNL,158,Shepherd's Heirloom,Gear,Common,Order,2,0,,Equipment,Equip,False,,,"When you play this, gain 1 XP. [Equip] — Spend 1 XP (Pay the cost: Attach this to a unit you control.)"
unl-159,Unleashed,UNL,159,Soul Harvest,Spell,Common,Order,2,1,,,,False,,,Kill a unit at a battlefield with 3 might or less.
unl-160,Unleashed,UNL,160,Ultrasoft Poro,Unit,Common,Order,5,0,5,Poro|Freljord,Deflect,False,,,exhaust: Play two 1 energy might Bird unit tokens with [Deflect]. Use this ability only while I'm at a battlefield. (Opponents must pay 1 rune of any type to choose a [Deflect] unit with a spell or ability.)
unl-161,Unleashed,UNL,161,Divining Shells,Gear,Uncommon,Order,2,0,,,Vision|Action,False,,,"[Vision] (When you play this, look at the top card of your Main Deck. You may recycle it.) [Action][>] Kill this, exhaust: Give a unit +2 might this turn."
unl-162,Unleashed,UNL,162,Enthralling Protector,Unit,Uncommon,Order,2,0,2,Fae|Ionia,Hunt|Buff,False,,,"[Hunt] (When I conquer or hold, gain 1 XP.) Spend 2 XP: [Buff] me. (Give me a +1 might buff if I don't have one.)"
unl-163,Unleashed,UNL,163,Mageseeker Investigator,Unit,Uncommon,Order,4,0,4,Demacia,,False,,,Opponents must pay 1 rune of any type for each unit beyond the first to move multiple units to my battlefield at the same time.
unl-164,Unleashed,UNL,164,Safety Inspector,Unit,Uncommon,Order,5,1,3,Yordle|Bandle City,,False,,,"You may spend 3 XP as an additional cost to play me. When you play me, each player must kill one of their units. If you paid my additional cost, you don't kill a unit this way."
unl-165,Unleashed,UNL,165,Shadow's Call,Spell,Uncommon,Order,2,0,,,Temporary,False,,,"Choose a friendly unit without [Temporary]. Give it [Temporary]. Draw 2. (Kill it at the start of its controller's Beginning Phase, before scoring.)"
unl-166,Unleashed,UNL,166,Stalking Wolf,Unit,Uncommon,Order,4,1,6,Dog|Freljord,Ambush|Reaction,False,,,"[Ambush] (You may play me as a [Reaction] to a battlefield where you have units.) As an additional cost to play me, kill a Bird, Cat, Dog, or Poro you control. You may play me to its battlefield (even if you don't have other units there)."
unl-167,Unleashed,UNL,167,Starhound,Unit,Uncommon,Order,5,1,6,Dog|Mount Targon,,False,,,"When you play me, return a Bird, Cat, Dog, or Poro from your trash to your hand."
unl-168,Unleashed,UNL,168,Undying Loyalty,Spell,Uncommon,Order,2,1,,,,False,,,"This costs 2 energy less if you choose a Bird, Cat, Dog, or Poro. Play a unit with cost no more than 2 energy and no more than 1 rune of any type from your trash, ignoring its cost."
unl-169,Unleashed,UNL,169,"Ashe, Focused",Unit,Rare,Order,5,1,4,Freljord|Ashe,,False,,Champion,"When you play me, choose an opponent. They reveal their hand. Choose a card revealed this way and banish it. When they hold, return it to their hand (even if I'm no longer on the board)."
unl-170,Unleashed,UNL,170,Atakhan,Unit,Rare,Order,10,3,7,Noxus|Demon,Ganking,False,,,"You may kill a friendly unit as an additional cost to play me. If you do, I cost 1 energy less for each Energy it costs and 1 order rune less for each Power it costs. [Ganking] (I can move from battlefield to battlefield.) When I attack, the defender must kill one of their units here."
unl-171,Unleashed,UNL,171,"Galio, Indefatigable",Unit,Rare,Order,3,1,6,Demacia|Galio,Deflect|Tank,False,,Champion,[Deflect] (Opponents must pay 1 rune of any type to choose me with a spell or ability.) [Tank] (I must be assigned combat damage first.) I don't deal combat damage.
unl-172,Unleashed,UNL,172,"LeBlanc, Fragmented",Unit,Rare,Order,3,1,3,Noxus|LeBlanc,Assault|Deathknell,False,,Champion,"[Assault] (+1 might while I'm an attacker.) [Deathknell][>] Draw 1. If it's your Beginning Phase, draw 2 instead. (When I die, get the effect.)"
unl-173,Unleashed,UNL,173,Sacrifice,Spell,Rare,Order,1,0,,,Reaction|Mighty,False,,,"[Reaction] (Play any time, even before spells and abilities resolve.) As an additional cost to play this, kill a friendly [Mighty] unit. (A unit is Mighty while it has 5+ might.) Draw 2 and channel 1 rune exhausted."
unl-174,Unleashed,UNL,174,Shard of Undoing,Gear,Rare,Order,6,0,,,,False,,,"The first time a friendly unit dies during your Beginning Phase each turn, each opponent must kill one of their units."
unl-175,Unleashed,UNL,175,Tactical Retreat,Spell,Rare,Order,2,0,,,Reaction,False,,,"[Reaction] (Play any time, even before spells and abilities resolve.) Choose a friendly unit. The next time it would die this turn, heal it, exhaust it, and recall it instead. (Send it to base. This isn't a move.)"
unl-176,Unleashed,UNL,176,"Vi, Peacekeeper",Unit,Rare,Order,5,1,5,Vi|Piltover,Ambush|Reaction|Stun,False,,Champion,"[Ambush] (You may play me as a [Reaction] to a battlefield where you have units.) When I attack, [Stun] an enemy unit here. (It doesn't deal combat damage this turn.)"
unl-177,Unleashed,UNL,177,"Ivern, Friend to All",Unit,Epic,Order,6,0,6,Ivern|Ionia,,False,,Champion,"As you play me, choose Bird, Cat, Dog, or Poro. I gain that tag. When I conquer or hold, score 1 point if your units have all of the following tags among them — Bird, Cat, Dog, and Poro."
unl-178,Unleashed,UNL,178,"Poppy, Defender of the Meek",Unit,Epic,Order,6,1,5,Yordle|Demacia|Poppy,Ambush|Reaction|Tank,False,,Champion,"You may spend 3 XP as an additional cost to play me. If you do, I cost 3 energy less. [Ambush] (You may play me as a [Reaction] to a battlefield where you have units.) [Tank] (I must be assigned combat damage first.)"
unl-179,Unleashed,UNL,179,Rift Herald,Unit,Epic,Order,8,1,7,The Void,Deathknell,False,,,"When I move to a battlefield, look at the top 3 cards of your Main Deck. You may reveal a unit from among them and draw it. Recycle the rest. [Deathknell][>] Play a unit from your hand to your base, ignoring its Energy cost. (When I die, get the effect. You must still pay its Power cost.)"
unl-180,Unleashed,UNL,180,The Ruination,Spell,Epic,Order,9,3,,,,False,,,Kill all units.
unl-181,Unleashed,UNL,181,"Jhin, Virtuoso",Legend,Rare,Fury|Mind,,,,Jhin,,False,,,"When you play a spell, if you spent 4 energy or more, you may banish it. Then, if there are four spells banished with me, put each in its trash, channel 4 runes, and draw 1."
unl-182,Unleashed,UNL,182,Curtain Call,Spell,Epic,Fury|Mind,4,0,,Jhin,Repeat,False,,Signature,[Repeat] — 1 energy / 1 rune of any type / 1 energy and 1 rune of any type (You may pay each additional cost to repeat this spell's effect.) Choose one you haven't already chosen —Draw 1.Deal 2 to a unit at a battlefield.Deal 3 to a unit at a base.Give a unit at a battlefield -4 might this turn.
unl-183,Unleashed,UNL,183,"Rengar, Pridestalker",Legend,Rare,Fury|Body,,,,Rengar,,False,,,"When you play a unit, give a unit +1 might this turn."
unl-184,Unleashed,UNL,184,Thrill of the Hunt,Spell,Epic,Fury|Body,2,1,,Rengar,Reaction,False,,Signature,"[Reaction] (Play any time, even before spells and abilities resolve.) Banish a friendly unit, then its owner plays it to any battlefield, ignoring its cost."
unl-185,Unleashed,UNL,185,"Pyke, Bloodharbor Ripper",Legend,Rare,Fury|Chaos,,,,Pyke,Reaction|Add,False,,,"1 energy, exhaust: Return a friendly unit at a battlefield to its owner's hand. Play a Gold gear token exhausted. (It has ""[Reaction][>] Kill this, exhaust: [Add] 1 rune of any type."")"
unl-186,Unleashed,UNL,186,Death from Below,Spell,Epic,Fury|Chaos,4,1,,Pyke,,False,,Signature,"Kill a unit at a battlefield. Then, if it had 3 might or less, you may play this from your trash for 1 rune of any type."
unl-187,Unleashed,UNL,187,"Vi, Piltover Enforcer",Legend,Rare,Fury|Order,,,,Vi,,False,,,"When you conquer, if you assigned 3 or more excess damage, you may exhaust me to ready a unit."
unl-188,Unleashed,UNL,188,Hextech Gauntlets,Gear,Epic,Fury|Order,3,0,,Vi|Equipment,Equip,False,,Signature,[Equip] 3 energy and 1 rune of any type. This ability's Energy cost is reduced by the Might of the unit you choose. (Pay the cost: Attach this to a unit you control.)
unl-189,Unleashed,UNL,189,"Lillia, Bashful Bloom",Legend,Rare,Calm|Mind,,,,Lillia,Temporary,False,,,"4 energy, exhaust: Play a ready 3 might Sprite unit token with [Temporary]. This ability costs 1 energy less for each friendly unit with [Temporary]."
unl-190,Unleashed,UNL,190,Lilting Lullaby,Spell,Epic,Calm|Mind,2,2,,Lillia,Reaction,False,,Signature,"[Reaction] (Play any time, even before spells and abilities resolve.) Counter a spell. Its controller can't play spells this turn."
unl-191,Unleashed,UNL,191,"Master Yi, Wuju Master",Legend,Rare,Calm|Body,,,,Master Yi,Level,False,,,"[Level 6][>] Your units have +1 might. (While you have 6+ XP, get the effect.) [Level 11][>] Your units enter ready."
unl-192,Unleashed,UNL,192,Alpha Strike,Spell,Epic,Calm|Body,3,1,,Master Yi,Action,False,,Signature,"[Action] (Play on your turn or in showdowns.) Choose a friendly unit. It deals damage equal to its Might split among enemy units at battlefields. Then for each unit this kills, do this: Gain 1 XP."
unl-193,Unleashed,UNL,193,"Vex, Gloomist",Legend,Rare,Calm|Chaos,,,,Vex,,False,,,"When you or an ally hold, you may exhaust me to draw 1."
unl-194,Unleashed,UNL,194,Shadow,Unit,Epic,Calm|Chaos,3,0,3,Vex|Shadow Isles,Action|Stun,False,,Signature,"If you play me to a battlefield, I enter ready. [Action][>] 1 energy and 1 rune of any type, exhaust: [Stun] an enemy unit attacking here. (It doesn't deal combat damage this turn.)"
unl-195,Unleashed,UNL,195,"Ivern, Green Father",Legend,Rare,Calm|Order,,,,Ivern,,False,,,"When you conquer or hold, you may exhaust me to replace that battlefield with a Brush battlefield token. (Bird, Cat, Dog, Poro, and Ivern units have +1 might in Brush. It can be swapped back when scored.)"
unl-196,Unleashed,UNL,196,Daisy!,Unit,Epic,Calm|Order,9,2,8,Ivern|Ionia,Stun,False,,Signature,"I enter ready. Reduce my cost by 1 energy for each of the following tags among your units — Bird, Cat, Dog, and Poro. When I attack while your units have all 4 tags, [Stun] an enemy unit here. (It doesn't deal combat damage this turn.)"
unl-197,Unleashed,UNL,197,"Diana, Scorn of the Moon",Legend,Rare,Mind|Chaos,,,,Diana,Reaction|Add,False,,,[Reaction][>] exhaust: [Add] 1 energy. Spend this Energy only during showdowns. (Abilities that add resources can't be reacted to.)
unl-198,Unleashed,UNL,198,Moonfall,Spell,Epic,Mind|Chaos,3,1,,Diana,Action,False,,Signature,[Action] (Play on your turn or in showdowns.) Choose a battlefield where you have units. You may move up to one enemy unit to that battlefield. Then give enemy units there -2 might this turn.
unl-199,Unleashed,UNL,199,"LeBlanc, Deceiver",Legend,Rare,Mind|Order,,,,LeBlanc,Temporary,False,,,"When you conquer or hold, you may discard 1 and exhaust me to play a ready Reflection unit token there. It becomes a copy of another unit there. Give it [Temporary]."
unl-200,Unleashed,UNL,200,Mirror Image,Spell,Epic,Mind|Order,3,2,,LeBlanc,Temporary,False,,Signature,"Choose a unit. Play a ready Reflection unit token to your base. It becomes a copy of that unit. Give it [Temporary]. (Kill it at the start of its controller's Beginning Phase, before scoring.)"
unl-201,Unleashed,UNL,201,"Kha'Zix, Voidreaver",Legend,Rare,Body|Chaos,,,,Kha'Zix,Buff,False,,,"When you win a combat, gain 1 XP. Spend 1 XP, exhaust: [Buff] a unit. Spend 2 XP, exhaust: Move an exhausted friendly unit from a battlefield to its base."
unl-202,Unleashed,UNL,202,Void Assault,Spell,Epic,Body|Chaos,2,1,,Kha'Zix,,False,,Signature,"Move a friendly unit, then move an enemy unit. (If they both move to a battlefield you don't control, you're the attacker.)"
unl-203,Unleashed,UNL,203,"Poppy, Keeper of the Hammer",Legend,Rare,Body|Order,,,,Poppy,,False,,,"When you hold, gain 1 XP. Spend 3 XP, exhaust: Draw 1."
unl-204,Unleashed,UNL,204,Keeper's Verdict,Spell,Epic,Body|Order,2,2,,Poppy,Action,False,,Signature,[Action] (Play on your turn or in showdowns.) Choose an enemy unit at a battlefield. Its owner places it on the top or bottom of their Main Deck.
unl-205,Unleashed,UNL,205,Abandoned Hall,Battlefield,Uncommon,Colorless,,,,,,False,,,"When a player plays a spell, they may give a unit they control here +1 might this turn."
unl-206,Unleashed,UNL,206,Altar of Blood,Battlefield,Uncommon,Colorless,,,,,,False,,,"If a unit here would die during combat, its controller may pay 3 runes of any type to heal it, exhaust it, and recall it instead."
unl-207,Unleashed,UNL,207,Amateur Recital,Battlefield,Uncommon,Colorless,,,,,,False,,,"When you hold here, you may move a unit at a battlefield to its base."
unl-208,Unleashed,UNL,208,Black Flame Altar,Battlefield,Uncommon,Colorless,,,,,Temporary|Shield,False,,,Units here with [Temporary] have [Shield]. (+1 might while they're defenders.)
unl-209,Unleashed,UNL,209,Dusk Rose Lab,Battlefield,Uncommon,Colorless,,,,,,False,,,"At the start of your Beginning Phase, you may kill a unit you control here to draw 1. (This happens before scoring.)"
unl-210,Unleashed,UNL,210,Forbidding Waste,Battlefield,Uncommon,Colorless,,,,,,False,,,"While a unit here is defending alone, it has -2 might. (It's alone if there are no other friendly units here.)"
unl-211,Unleashed,UNL,211,Forgotten Library,Battlefield,Uncommon,Colorless,,,,,Predict,False,,,"While you control this battlefield, when you play a spell, if you spent 4 energy or more, [Predict]. (Look at the top card of your Main Deck. You may recycle it.)"
unl-212,Unleashed,UNL,212,Frozen Fortress,Battlefield,Uncommon,Colorless,,,,,,False,,,"At the start of each player's Beginning Phase, deal 1 to each unit here. (This happens before scoring.)"
unl-213,Unleashed,UNL,213,Gardens of Becoming,Battlefield,Uncommon,Colorless,,,,,,False,,,"Units here have ""exhaust: Gain 1 XP."""
unl-214,Unleashed,UNL,214,Ripper's Bay,Battlefield,Uncommon,Colorless,,,,,,False,,,"When a unit here is returned to a player's hand, that player may pay 1 energy to channel 1 rune exhausted."
unl-215,Unleashed,UNL,215,Star Spring,Battlefield,Uncommon,Colorless,,,,,,False,,,"The first time a player plays a non-token unit here each turn, they may move another unit they control here to its base."
unl-216,Unleashed,UNL,216,The Academy,Battlefield,Uncommon,Colorless,,,,,Repeat,False,,,"When you hold here, give your next spell this turn [Repeat] equal to its base cost. (You may pay the additional cost to repeat the spell's effect.)"
unl-217,Unleashed,UNL,217,Trapping Grounds,Battlefield,Uncommon,Colorless,,,,,Deflect,False,,,"When you conquer here, if you assigned 3 or more excess damage, play a 1 might Bird unit token with [Deflect]."
unl-218,Unleashed,UNL,218,Valley of Idols,Battlefield,Uncommon,Colorless,,,,,Buff,False,,,"When a player plays a unit here, they may pay 1 energy to [Buff] it. (Give it a +1 might buff if it doesn't have one.)"
unl-219,Unleashed,UNL,219,Vaults of Helia,Battlefield,Uncommon,Colorless,,,,,,False,,,"When you hold here, your non-token units cost 1 energy more to play this turn."
unl-t01,Unleashed,UNL,t01,Baron Pit,Battlefield,Common,Colorless,,,,,,True,,,(You can't start the game with a token battlefield.) Units can move here from anywhere.
unl-t02,Unleashed,UNL,t02,Bird,Unit,Common,Colorless,,0,1,Bird,Deflect,True,,,[Deflect] (Opponents must pay 1 rune of any type to choose me with a spell or ability.)
unl-t03,Unleashed,UNL,t03,Brush,Battlefield,Common,Colorless,,,,,,True,,,"Bird, Cat, Dog, Poro, and Ivern units here have +1 might. When you score here, you may replace this with the battlefield it replaced."
unl-t04,Unleashed,UNL,t04,Buff,Unit,Common,Colorless,,0,,,,True,,,A unit may have no more than one buff at a time.
unl-t05,Unleashed,UNL,t05,Gold,Gear,Common,Colorless,,0,,,Reaction|Add,True,,,"[Reaction][>] Kill this, exhaust: [Add] 1 rune of any type. (Abilities that add resources can't be reacted to.)"
unl-t06,Unleashed,UNL,t06,Reflection,Unit,Common,Colorless,,0,0,,,True,,,(I become a copy of something when played. I don't get that card's play effects.)
unl-t07,Unleashed,UNL,t07,Sprite,Unit,Common,Colorless,,0,3,Fae,Temporary,True,,,"[Temporary] (Kill me at the start of your Beginning Phase, before scoring.)"
unl-t08,Unleashed,UNL,t08,XP Tracker,Unit,Common,Colorless,,0,,,Level,True,,,Track gained XP here. Some cards get bonuses based on your [Level]. Some cards can spend XP for powerful effects.
ven-001,Vendetta,VEN,001,Baccai Sandspinner,Unit,Common,Fury,6,0,6,Shurima,Empower|Empowered|Deflect|Assault,False,,,[Empower] 5 energy. This ability costs 3 energy less if you control 4 or fewer runes. (Pay the cost: Empower me. Use only if not Empowered.) [Empowered][>] I have [Deflect] and [Assault 2]. (Opponents must pay 1 rune of any type to choose me with a spell or ability. +2 might while I'm an attacker.)
ven-002,Vendetta,VEN,002,Blade Twirler,Unit,Common,Fury,4,0,4,Yordle|Ionia,Burn,False,,,"The first time I move each turn, choose a player. They [Burn 1]. (They put the top card of their Main Deck into their trash.)"
ven-003,Vendetta,VEN,003,Brittle Steel,Spell,Common,Fury,2,1,,,Flow,False,,,Kill a gear. [Flow] 4 energy and 1 fury rune (You may play this from your trash for its Flow cost. Then banish it.)
ven-004,Vendetta,VEN,004,Dune Surfer,Unit,Common,Fury,3,0,3,Shurima,Tank,False,,,You ignore [Tank] while assigning combat damage here.
ven-005,Vendetta,VEN,005,Forsaken Baccai,Unit,Common,Fury,2,0,2,Shurima,,False,,,"If you control fewer runes than an opponent at the start of your Beginning Phase, give me +1 might this turn."
ven-006,Vendetta,VEN,006,Oasis Raider,Unit,Common,Fury,4,0,4,Shurima,Ganking,False,,,"If you control fewer runes than an opponent at the start of your Beginning Phase, give me +2 might and [Ganking] this turn. (I can move from battlefield to battlefield.)"
ven-007,Vendetta,VEN,007,Punching Poro,Unit,Common,Fury,2,0,2,Poro|Ionia,Empower|Empowered,False,,,[Empower] — Discard 1 (Pay the cost: Empower me. Use only if not Empowered.) [Empowered][>] I have +1 might.
ven-008,Vendetta,VEN,008,Ruthless Strike,Spell,Common,Fury,3,0,,,Action,False,,,"[Action] (Play on your turn or in showdowns.) As an additional cost to play this, you may discard 1. Deal 3 to a unit at a battlefield. If you paid the additional cost, deal 5 to it instead."
ven-009,Vendetta,VEN,009,Baccai Reaper,Unit,Uncommon,Fury,3,1,4,Shurima,Assault,False,,,"When I attack, you may pay 1 fury rune to give me [Assault 2] this turn. (+2 might while I'm an attacker.)"
ven-010,Vendetta,VEN,010,Consuming Curse,Spell,Uncommon,Fury,2,0,,,Action,False,,,[Action] (Play on your turn or in showdowns.) Deal 2 to a unit at a battlefield. This deals 1 Bonus Damage for each card with this name in your trash.
ven-011,Vendetta,VEN,011,Pendulum Blade,Gear,Uncommon,Fury,3,0,,Equipment,Equip,False,,,[Equip] 1 fury rune (1 fury rune: Attach this to a unit you control.)
ven-012,Vendetta,VEN,012,Perfect Execution,Spell,Uncommon,Fury,3,1,,,Assault|Flow,False,,,Ready a unit and give it [Assault 3] this turn. (+3 might while it's an attacker.) [Flow] 3 energy and 1 fury rune (You may play this from your trash for its Flow cost. Then banish it.)
ven-013,Vendetta,VEN,013,Shadow Assassin,Unit,Uncommon,Fury,5,0,5,Ionia,,False,,,I enter ready if you have a card with my name in your trash.
ven-014,Vendetta,VEN,014,Shadow Fiend,Unit,Uncommon,Fury,2,0,2,Ionia,Empower|Empowered|Assault,False,,,[Empower] 2 energy and 1 fury rune (2 energy and 1 fury rune: Empower me. Use only if not Empowered.) [Empowered][>] I have [Assault 3]. (+3 might while I'm an attacker.)
ven-015,Vendetta,VEN,015,Decree of Rage,Spell,Rare,Fury,1,1,,,Action,False,,,[Action] (Play on your turn or in showdowns.) This can't be countered. Deal 4 to an enemy Calm (1 calm rune) unit.
ven-016,Vendetta,VEN,016,Eclipse Dragon,Unit,Rare,Fury,8,0,8,Dragon|Mount Targon,Accelerate,False,,,"[Accelerate] (You may pay 1 energy and 1 fury rune as an additional cost to have me enter ready.) When I move, if you control 4 or fewer runes, draw 1."
ven-017,Vendetta,VEN,017,"Morgana, Vindictive",Unit,Rare,Fury,5,1,5,Demacia|Morgana,Ambush|Reaction,False,,Champion,"[Ambush] (You may play me as a [Reaction] to a battlefield where you have units.) When you play me, deal damage to a unit equal to the damage marked on it."
ven-018,Vendetta,VEN,018,Rage Amplifier,Gear,Rare,Fury,4,1,,,Empower|Empowered,False,,,"[Empower] 6 energy and 1 fury rune (6 energy and 1 fury rune: Empower this. Use only if not Empowered.) Your units have +1 might. If I'm [Empowered], they have +2 might instead."
ven-019,Vendetta,VEN,019,"Renekton, Rage Fueled",Unit,Rare,Fury,6,0,6,Shurima|Renekton,Accelerate,False,,Champion,"[Accelerate] (You may pay 1 energy and 1 fury rune as an additional cost to have me enter ready.) When I attack, if you control 4 or fewer runes, deal 2 to all enemy units here."
ven-020,Vendetta,VEN,020,Twilight Reveler,Unit,Rare,Fury,3,0,3,Ionia,,False,,,"When I attack, ready another friendly unit."
ven-021,Vendetta,VEN,021,"Akali, Deadly Weapon",Unit,Epic,Fury,3,0,3,Ionia|Akali,Empower|Empowered,False,,Champion,"[Empower] 2 energy and 1 fury rune (2 energy and 1 fury rune: Empower me. Use only if not Empowered.) When I move, you may deal 1 to a unit at a battlefield I moved to or from. If I'm [Empowered], deal 2 instead. [Empowered][>] I have +1 might."
ven-022,Vendetta,VEN,022,Endless Riches,Gear,Epic,Fury,5,1,,,Burn,False,,,"When you play this, banish your hand and trash, then [Burn 7]. Skip your Draw Phase. You may play cards from your trash. If a card would go to your trash from anywhere other than your Main Deck, banish it instead."
ven-023,Vendetta,VEN,023,"Zed, From the Shadows",Unit,Epic,Fury,4,1,4,Ionia|Zed,Assault,False,,Champion,"You may discard 1 as an additional cost to play me. When you play me, if you paid the additional cost, play a 0 might Shadow Clone unit token. (It has ""When I attack, you may banish a unit from your trash. If you do, give me [Assault 4] this turn."")"
ven-024,Vendetta,VEN,024,Affectionate Poro,Unit,Common,Calm,3,0,3,Poro|Noxus,,False,,,"When a combat that I was in ends, if I haven't been dealt damage this turn, draw 1."
ven-025,Vendetta,VEN,025,Esteemed Hierophant,Unit,Common,Calm,5,0,5,Shurima,,False,,,"While you control 7 or more runes, prevent all damage that enemy spells and abilities would deal to me."
ven-026,Vendetta,VEN,026,Field Musicians,Unit,Common,Calm,4,0,3,Ionia,,False,,,"When you play me, give a unit +3 might this turn."
ven-027,Vendetta,VEN,027,Hand Hammer,Gear,Common,Calm,2,0,,Equipment,Equip,False,,,[Equip] 1 calm rune (1 calm rune: Attach this to a unit you control.)
ven-028,Vendetta,VEN,028,Mournful Witness,Unit,Common,Calm,2,0,2,Fae|Ionia,Empowered,False,,,"When a combat that I was in ends, empower me. (I become Empowered if I'm not already.) [Empowered][>] I have +2 might."
ven-029,Vendetta,VEN,029,Ol' Poro,Unit,Common,Calm,2,0,4,Poro|Bandle City,,False,,,"I can't be played on your first, second, or third turns."
ven-030,Vendetta,VEN,030,Serene Ascetic,Unit,Common,Calm,3,0,3,Ionia,Empower|Empowered|Deflect|Shield,False,,,[Empower] 3 energy (3 energy: Empower me. Use only if not Empowered.) [Empowered][>] I have [Deflect] and [Shield 3]. (Opponents must pay 1 rune of any type to choose me with a spell or ability.+3 might while I'm a defender.)
ven-031,Vendetta,VEN,031,Twilight Shroud,Spell,Common,Calm,1,0,,,Flow,False,,,Give a friendly unit +1 might this turn. It can't be chosen by enemy spells and abilities this turn. [Flow] 2 energy (You may play this from your trash for its Flow cost. Then banish it.)
ven-032,Vendetta,VEN,032,Frostcoat Mother,Unit,Uncommon,Calm,3,0,3,Dog|Freljord,Empower|Empowered,False,,,[Empower] 12 energy. This ability costs 1 energy less for each rune you control. (Pay the cost: Empower me. Use only if not Empowered.) [Empowered][>] I have +3 might.
ven-033,Vendetta,VEN,033,Pakaa Protector,Unit,Uncommon,Calm,5,0,4,Cat|Shurima,,False,,,"When I move, reveal the top card of your Main Deck. If it's a unit, draw it. Otherwise, put it in your trash and give me +2 might this turn."
ven-034,Vendetta,VEN,034,Resonating Strike,Spell,Uncommon,Calm,2,1,,,Hidden|Reaction,False,,,[Hidden] (Hide now for 1 rune of any type to react with later for 0 energy.) [Reaction] (Play on your turn or in showdowns.) Choose a battlefield you control and a unit you control at a different location. Move that unit to that battlefield and give it +2 might this turn.
ven-035,Vendetta,VEN,035,Sanction,Spell,Uncommon,Calm,3,1,,,Reaction|Empowered,False,,,"[Reaction] (Play any time, even before spells and abilities resolve.) Choose one —Empower a unit. Disempower it at end of turn.Disempower a unit that's [Empowered]. Empower it at end of turn."
ven-036,Vendetta,VEN,036,Sandstone Chimera,Unit,Uncommon,Calm,7,2,8,Shurima,,False,,,"While I'm at a battlefield, players only channel 1 rune at the start of their Channel Phase."
ven-037,Vendetta,VEN,037,Tomb-Raider Barbara,Unit,Uncommon,Calm,4,0,4,Shurima,Empowered,False,,,"When you play me, if you control 7 or more runes, choose an enemy gear. If it's [Empowered], disempower it. Otherwise, kill it."
ven-038,Vendetta,VEN,038,"Akali, Silent",Unit,Rare,Calm,4,1,4,Ionia|Akali,,False,,Champion,"I can't be chosen by enemy spells and abilities unless I'm in combat. When I move to a battlefield, give me +2 might this turn."
ven-039,Vendetta,VEN,039,Crumbling Sands,Spell,Rare,Calm,1,1,,,Reaction,False,,,"[Reaction] (Play any time, even before spells and abilities resolve.) Counter a spell if an opponent has played another spell this turn."
ven-040,Vendetta,VEN,040,Decree of Focus,Spell,Rare,Calm,1,0,,,Reaction,False,,,"[Reaction] (Play any time, even before spells and abilities resolve.) Choose a friendly unit that's in combat with an enemy Fury (1 fury rune) unit or that's being chosen by an enemy Fury spell. Give it +4 might this turn."
ven-041,Vendetta,VEN,041,"Riven, Shattered",Unit,Rare,Calm,3,1,3,Noxus|Riven,Weaponmaster|Equip,False,,Champion,"[Weaponmaster] (When you play me, you may [Equip] one of your Equipment to me for 1 rune of any type less, even if it's already attached.) When I attack, choose an enemy unit here. Deal 2 to it for each Equipment attached to me."
ven-042,Vendetta,VEN,042,"Shen, Scourge of Shadows",Unit,Rare,Calm,5,1,6,Shen|Ionia,,False,,Champion,"When I hold, if there is exactly one other unit you control here, draw 1."
ven-043,Vendetta,VEN,043,Steel Paws,Unit,Rare,Calm,1,0,0,Cat|Piltover,Deflect|Empower|Empowered,False,,,[Deflect] (Opponents must pay 1 rune of any type to choose me with a spell or ability.) [Empower] 7 energy (7 energy: Empower me. Use only if not Empowered.) [Empowered][>] I have +7 might.
ven-044,Vendetta,VEN,044,Astral Heron,Unit,Epic,Calm,7,0,7,Bird|Mount Targon,,False,,,"When you play your first card each turn, if I'm at a battlefield, your next card costs 2 energy and 2 runes of any type less."
ven-045,Vendetta,VEN,045,Helm of Suppression,Gear,Epic,Calm,4,1,,,Empower|Empowered,False,,,"[Empower] 4 energy and 1 calm rune (4 energy and 1 calm rune: Empower this. Use only if not Empowered.) Opponents' spells cost 1 energy more. If this is [Empowered], they cost 1 energy and 1 rune of any type more instead."
ven-046,Vendetta,VEN,046,"Nasus, Ascended",Unit,Epic,Calm,8,1,8,Dog|Shurima|Nasus,Deflect|Empower|Empowered,False,,Champion,"[Deflect 2] (Opponents must pay 2 runes of any type to choose me with a spell or ability.) [Empower] 8 energy (8 energy: Empower me. Use only if not Empowered.) [Empowered][>] When I conquer, you score 1 point."
ven-047,Vendetta,VEN,047,Apprentice Mage,Unit,Common,Mind,3,0,3,Bilgewater,Empower|Empowered|Predict,False,,,"[Empower] 2 energy (2 energy: Empower me. Use only if not Empowered.) When I become [Empowered], [Predict 2]. (Look at the top 2 cards of your Main Deck. Recycle any of them and put the rest back in any order.) [Empowered][>] I have +1 might."
ven-048,Vendetta,VEN,048,Cloud Drake,Unit,Common,Mind,6,0,5,Dragon|Demacia,,False,,,"When you play me, draw 1."
ven-049,Vendetta,VEN,049,Dredge Up,Spell,Common,Mind,2,0,,,Flow,False,,,Draw 1. [Flow] 2 energy (You may play this from your trash for its Flow cost. Then banish it.)
ven-050,Vendetta,VEN,050,Grumpy Rockbear,Unit,Common,Mind,4,0,4,Shurima,Empower|Empowered|Deflect|Shield,False,,,[Empower] 12 energy. This ability costs 1 energy less for each rune you control. (Pay the cost: Empower me. Use only if not Empowered.) [Empowered][>] I have [Deflect] and [Shield 3]. (Opponents must pay 1 rune of any type to choose me with a spell or ability.+3 might while I'm a defender.)
ven-051,Vendetta,VEN,051,Iterative Design,Spell,Common,Mind,4,0,,,Flow,False,,,Play a 3 might Mech unit token. [Flow] 2 energy and 1 mind rune (You may play this from your trash for its Flow cost. Then banish it.)
ven-052,Vendetta,VEN,052,Mesmerize,Spell,Common,Mind,1,1,,,Reaction,False,,,"[Reaction] (Play any time, even before spells and abilities resolve.) Choose one —Return a friendly unit to its owner's hand.Give an enemy unit -2 might this turn."
ven-053,Vendetta,VEN,053,Otterpus,Unit,Uncommon,Mind,2,0,2,Bandle City,,False,,,"If a player would score 1 point from conquering or holding during their first or second turn, they draw 1 instead."
ven-054,Vendetta,VEN,054,Questionable Tome,Gear,Common,Mind,3,0,,,Empower,False,,,"[Empower] — exhaust (Pay the cost: Empower me. Use only if not Empowered.) Disempower this, 1 energy, exhaust: Draw 1."
ven-055,Vendetta,VEN,055,Applied Researchers,Unit,Uncommon,Mind,4,0,4,Shurima,Empower|Empowered,False,,,"[Empower] 3 energy (3 energy: Empower me. Use only if not Empowered.) [Empowered][>] Your spells cost 1 energy and 1 rune of any type less, to a minimum of 1 energy."
ven-056,Vendetta,VEN,056,Clairvoyance,Spell,Uncommon,Mind,7,0,,,Reaction|Predict,False,,,"[Reaction] (Play any time, even before spells and abilities resolve.) [Predict 5]. (Look at the top 5 cards of your Main Deck. Recycle any of them and put the rest back in any order.) Draw 2."
ven-057,Vendetta,VEN,057,Covert Informant,Unit,Uncommon,Mind,3,1,4,Noxus,Empower|Empowered,False,,,"[Empower] 3 energy (3 energy: Empower me. Use only if not Empowered.) [Empowered][>] When I move, draw 1."
ven-058,Vendetta,VEN,058,Patched Porobot,Unit,Common,Mind,2,0,2,Mech|Poro|Piltover,,False,,,"(I enter exhausted.) When you play me, if you control 3 or more other gear, draw 1."
ven-059,Vendetta,VEN,059,Shock Blast,Spell,Uncommon,Mind,3,1,,,Action|Empowered,False,,,[Action] (Play on your turn or in showdowns.) This costs 2 energy less if you control something that's [Empowered]. Deal 4 to a unit at a battlefield.
ven-060,Vendetta,VEN,060,Sky Cruiser,Unit,Uncommon,Mind,4,1,3,Piltover,,False,,,"Discard a gear, 1 energy, exhaust: Deal 4 to a unit at a battlefield."
ven-061,Vendetta,VEN,061,Decree of Insight,Spell,Rare,Mind,1,0,,,Reaction|Deflect,False,,,"[Reaction] (Play any time, even before spells and abilities resolve.) Ignore [Deflect] while paying this spell's cost. Give an enemy Body (1 body rune) unit -5 might this turn."
ven-062,Vendetta,VEN,062,Hextech Formula,Gear,Rare,Mind,2,0,,,,False,,,This enters exhausted. exhaust: Empower another gear. (It becomes Empowered if it's not already.)
ven-063,Vendetta,VEN,063,"Nasus, Guardian of Knowledge",Unit,Rare,Mind,5,1,6,Dog|Shurima|Nasus,,False,,Champion,"Once each turn, when an enemy unit here dies, channel 1 rune exhausted."
ven-064,Vendetta,VEN,064,Plaza Guardian,Unit,Rare,Mind,10,0,8,Mech|Piltover,Deflect,False,,,I cost 1 energy less for each gear you control. [Deflect] (Opponents must pay 1 rune of any type to choose me with a spell or ability.)
ven-065,Vendetta,VEN,065,"Swain, Visionary",Unit,Rare,Mind,6,1,6,Noxus|Swain|Demon,Vision,False,,Champion,"[Vision] (When you play me, look at the top card of your Main Deck. You may recycle it.) When I conquer, if you've played a non-token unit, a non-token gear, and a spell this turn, you score 1 point."
ven-066,Vendetta,VEN,066,Temporal Breach,Spell,Rare,Mind,2,1,,,Hidden,False,,,"[Hidden] (Hide now for 1 rune of any type to react with later for 0 energy.) Banish a unit, then its owner plays it to the same location, ignoring its cost."
ven-067,Vendetta,VEN,067,Bottled Constellation,Gear,Epic,Mind,10,2,,,,False,,,"At the start of your Main Phase, you may kill 3 other friendly units and/or gear to score 1 point."
ven-068,Vendetta,VEN,068,"Jayce, Brilliant Inventor",Unit,Epic,Mind,6,1,6,Jayce|Piltover,,False,,Champion,"When you play me or the first time you play a non-token gear each turn, you may ready something besides me that's exhausted."
ven-069,Vendetta,VEN,069,"Mel, Newly Awakened",Unit,Epic,Mind,4,1,4,Noxus|Mel,Empower|Empowered,False,,Champion,"When you play me, draw 1. [Empower] 3 energy (3 energy: Empower me. Use only if not Empowered.) [Empowered][>] Your spells and abilities can't be countered. If a spell or ability you control would give -might to a unit it chooses, it gives an additional -1 might."
ven-070,Vendetta,VEN,070,Brutal Hunter,Unit,Common,Body,3,1,4,Noxus,Empower|Empowered|Ganking,False,,,[Empower] 3 energy (3 energy: Empower me. Use only if not Empowered.) [Empowered][>] I have +2 might and [Ganking]. (I can move from battlefield to battlefield.)
ven-071,Vendetta,VEN,071,Fretful Feline,Unit,Common,Body,6,0,5,Cat|Piltover,,False,,,"When I become ready, give me +2 might this turn."
ven-072,Vendetta,VEN,072,Guttural Roar,Spell,Common,Body,2,0,,,Action|Empowered,False,,,"[Action] (Play on your turn or in showdowns.) Give a unit +2 might this turn. If it's [Empowered], give it +4 might this turn instead."
ven-073,Vendetta,VEN,073,Jagged Cutlass,Gear,Common,Body,3,0,,Equipment,,False,,,Equip 1 body rune (1 body rune: Attach this to a unit you control.)
ven-074,Vendetta,VEN,074,Legion Marauder,Unit,Common,Body,2,0,2,Trifarian|Noxus,Empower|Empowered,False,,,[Empower] — 1 energy or 1 body rune (Pay either cost: Empower me. Use only if not Empowered.) [Empowered][>] I have +1 might.
ven-075,Vendetta,VEN,075,Platewyrm Egg,Gear,Common,Body,3,0,,,Empower|Reaction|Add|Empowered,False,,,"This enters exhausted. [Empower] — 1 energy, exhaust (Pay the cost: Empower this. Use only if not Empowered.) [Reaction][>] exhaust: [Add] 1 energy. If this is [Empowered], [Add] 2 energy instead."
ven-076,Vendetta,VEN,076,Repair Specialist,Unit,Common,Body,3,0,3,Zaun,Assault,False,,,I have [Assault] equal to the number of gear you control. (+1 might while I'm an attacker for each instance of Assault.)
ven-077,Vendetta,VEN,077,Tools of Empire,Gear,Common,Body,4,0,,,Empower|Empowered,False,,,"[Empower] 2 energy (2 energy: Empower this. Use only if not Empowered.) exhaust: Give a unit +2 might this turn. If this is [Empowered], give that unit +4 might this turn instead."
ven-078,Vendetta,VEN,078,Baccai Witherclaw,Unit,Uncommon,Body,4,0,4,Shurima,Empower|Empowered|Deathknell,False,,,"[Empower] 1 energy and 2 runes of any type (1 energy and 2 runes of any type: Empower me. Use only if not Empowered.) [Empowered][>] I have +2 might. [Empowered][>][>>][Deathknell][>] Channel 2 runes exhausted. (When I die while Empowered, get the effect.)"
ven-079,Vendetta,VEN,079,Dame the Despoiler,Unit,Uncommon,Body,5,0,5,Noxus,Empower|Empowered,False,,,"[Empower] 5 energy and 1 body rune (5 energy and 1 body rune: Empower me. Use only if not Empowered.) [Empowered][>] When I attack or defend, choose a unit here. Increase my Might to its Might this turn, then give me +1 might this turn."
ven-080,Vendetta,VEN,080,Noxian Demolitionist,Unit,Uncommon,Body,2,0,1,Noxus,,False,,,"When I conquer, you may kill a gear with Energy cost no more than my Might."
ven-081,Vendetta,VEN,081,Onslaught,Spell,Uncommon,Body,4,0,,,Flow,False,,,Give a unit +6 might this turn. [Flow] 4 energy (You may play this from your trash for its Flow cost. Then banish it.)
ven-082,Vendetta,VEN,082,Profiteer,Unit,Uncommon,Body,4,0,4,Shurima,,False,,,"When you play me, you may disempower something you control to empower a legend, unit, or gear."
ven-083,Vendetta,VEN,083,Rampage,Spell,Uncommon,Body,3,0,,,,False,,,"As you play this, you may pay 1 body rune as an additional cost. Choose a friendly unit and an enemy unit. If you paid the additional cost, give the friendly unit +2 might this turn. They deal damage equal to their Mights to each other."
ven-084,Vendetta,VEN,084,"Ambessa, The Wolf",Unit,Rare,Body,4,0,4,Noxus|Ambessa,Empower|Empowered,False,,Champion,[Empower] 3 energy and 1 body rune (3 energy and 1 body rune: Empower me. Use only if not Empowered.) [Empowered][>] I have +3 might and can't be dealt damage unless I'm in combat.
ven-085,Vendetta,VEN,085,Decree of Strength,Spell,Rare,Body,1,0,,,,False,,,Choose an opponent. They reveal their hand and you choose a Mind (1 mind rune) card from it. They recycle that card.
ven-086,Vendetta,VEN,086,"Gangplank, Naval",Unit,Rare,Body,6,0,6,Bilgewater|Gangplank,Empower|Empowered,False,,Champion,"[Empower] 2 body runes (2 body runes: Empower me. Use only if not Empowered.) [Empowered][>] If a spell or ability that chooses me would stun me, give me -might, or return me to hand, give me +3 might instead."
ven-087,Vendetta,VEN,087,Hextech Disc,Gear,Rare,Body,4,1,,,Empower,False,,,"[Empower] — exhaust (Pay the cost: Empower this. Use only if not Empowered.) Disempower this, 1 energy, exhaust: Play a 3 might Mech unit token to your base."
ven-088,Vendetta,VEN,088,"Jayce, Hammer in Hand",Unit,Rare,Body,4,1,5,Jayce|Piltover,Assault|Deflect|Ganking,False,,Champion,"When I become ready, choose one to give me this turn —[Assault 2] (+2 might while I'm an attacker.)[Deflect 2] (Opponents must pay 2 runes of any type to choose me with a spell or ability.)[Ganking] (I can move from battlefield to battlefield.)"
ven-089,Vendetta,VEN,089,Wild Claw,Spell,Rare,Body,7,1,,,,False,,,"Look at the top 5 cards of your Main Deck. You may banish a unit or gear from among them and play it, reducing its Energy cost by 5 energy. Recycle the rest. Then you may do this: Empower it. (It becomes Empowered if it's not already.)"
ven-090,Vendetta,VEN,090,Cataclysmic Duel,Spell,Epic,Body,8,3,,,,False,,,Each player chooses a unit they control. Kill the rest.
ven-091,Vendetta,VEN,091,Corrupted Dragon,Unit,Epic,Body,10,2,10,Dragon|Shadow Isles,,False,,,"If your score is not within 3 points of the Victory Score, I enter ready. When I attack, you may move any number of enemy units here each with 5 might or less to their base."
ven-092,Vendetta,VEN,092,"Renekton, Brute",Unit,Epic,Body,5,0,4,Shurima|Renekton,Empowered|Deflect|Ganking,False,,Champion,"1 energy: Give me +1 might this turn. When my Might becomes 10 or more, empower me. (I become Empowered if I'm not already.) [Empowered][>] I have [Deflect] and [Ganking]. (Opponents must pay 1 rune of any type to choose me with a spell or ability. I can move from battlefield to battlefield.)"
ven-093,Vendetta,VEN,093,Kinkou Lifeblade,Unit,Common,Chaos,4,0,4,Ionia,Empower|Empowered|Ganking,False,,,[Empower] 2 energy (2 energy: Empower me. Use only if not Empowered.) [Empowered][>] I have +1 might and [Ganking]. (I can move from battlefield to battlefield.)
ven-094,Vendetta,VEN,094,Mask Mother,Unit,Uncommon,Chaos,3,0,3,Spirit|Shadow Isles,,False,,,"When you discard me, you may pay 1 energy to give a friendly unit +2 might this turn."
ven-095,Vendetta,VEN,095,Shadow Order Disciple,Unit,Common,Chaos,2,0,2,Ionia,Burn,False,,,"When I move, you may [Burn 1] to give me +1 might this turn. (To Burn 1, put the top card of your Main Deck into your trash.)"
ven-096,Vendetta,VEN,096,Shadowblade Lurker,Unit,Common,Chaos,5,0,5,Ionia,,False,,,I cost 2 energy less for each card with my name in your trash.
ven-097,Vendetta,VEN,097,Spiderling,Unit,Common,Chaos,3,0,1,Shadow Isles|Spider,Hidden,False,,,[Hidden] (Hide now for 1 rune of any type to react with later for 0 energy.) I have +1 might for each other unit you control here with my name. Your deck can have any number of cards named Spiderling.
ven-098,Vendetta,VEN,098,Stargazer,Unit,Common,Chaos,5,0,4,Mount Targon,Flow,False,,,"Spells with [Flow] you play from your trash cost 2 energy less, to a minimum of 1 energy."
ven-099,Vendetta,VEN,099,Tornado Warrior,Unit,Common,Chaos,3,0,3,Yordle|Bandle City,Hidden,False,,,"[Hidden] (Hide now for 1 rune of any type to react with later for 0 energy.) When you play me from face down, you may empower something here. Disempower it at end of turn."
ven-100,Vendetta,VEN,100,Up from the Deep,Spell,Common,Chaos,3,0,,,Flow,False,,,Play two 1 might Tentacle unit tokens from Bilgewater. [Flow] 3 energy (You may play this from your trash for its Flow cost. Then banish it.)
ven-101,Vendetta,VEN,101,Gust Monk,Unit,Uncommon,Chaos,2,0,2,Yordle|Bandle City,Assault,False,,,"You may pay 1 energy as an additional cost to play me. When you play me, if you paid the additional cost, banish a card from any trash to give a unit [Assault 2] this turn. (+2 might while it's an attacker.)"
ven-102,Vendetta,VEN,102,Ravenbloom Prefect,Unit,Common,Chaos,3,0,3,Noxus,,False,,,"When an opponent plays a gear, you may banish me to banish it."
ven-103,Vendetta,VEN,103,Shadows of the Past,Spell,Uncommon,Chaos,3,1,,,,False,,,Return up to 2 units from trashes to their owners' hands.
ven-104,Vendetta,VEN,104,Tail-Cloaked Matriarch,Unit,Uncommon,Chaos,4,0,4,Ionia,Empower|Empowered,False,,,"[Empower] 2 energy and 1 chaos rune (2 energy and 1 chaos rune: Empower me. Use only if not Empowered.) When I become [Empowered], you may choose a unit in your trash with Energy cost no more than 3 energy and Power cost no more than 1 rune of any type. Play it to your base, ignoring its cost."
ven-105,Vendetta,VEN,105,Twilight Step,Spell,Uncommon,Chaos,2,1,,,Flow,False,,,Move a unit with 3 might or less. [Flow] 4 energy and 1 chaos rune (You may play this from your trash for its Flow cost. Then banish it.)
ven-106,Vendetta,VEN,106,Wind and Ghosts,Spell,Uncommon,Chaos,3,1,,,Action,False,,,"[Action] (Play on your turn or in showdowns.) Choose a unit at a battlefield. If it has 3 might or less, banish it. Otherwise, return it to its owner's hand."
ven-107,Vendetta,VEN,107,Decree of Discord,Spell,Rare,Chaos,1,1,,,,False,,,Return any number of enemy Order (1 order rune) units with total Might 5 or less to their owners' hands.
ven-108,Vendetta,VEN,108,Forgotten Relic,Gear,Rare,Chaos,5,0,,,Burn,False,,,"When you play this or at the start of your Beginning Phase, [Burn 1]. When you burn a unit this way, do this: Give a friendly unit +might equal to the burned card's Might this turn. (To Burn 1, put the top card of your Main Deck into your trash.)"
ven-109,Vendetta,VEN,109,"Illaoi, Prophet of the Great Kraken",Unit,Rare,Chaos,6,0,4,Bilgewater|Illaoi,,False,,Champion,"When you play me or when I score, play a 1 energy might Tentacle unit token from Bilgewater. I have +1 might for each token unit you control."
ven-110,Vendetta,VEN,110,"Mel, Defiant Soul",Unit,Rare,Chaos,5,0,4,Noxus|Mel,Empower|Empowered,False,,Champion,"[Empower] — Discard a spell (Pay the cost: Empower me. Use only if not Empowered.) When I become [Empowered], banish an enemy unit at a battlefield with 3 might or less."
ven-111,Vendetta,VEN,111,Minah Swiftfoot,Unit,Rare,Chaos,6,1,6,Ionia,,False,,,"When I move to a battlefield, choose one —Each player discards 1.Each player draws 1."
ven-112,Vendetta,VEN,112,"Zed, Without a Sound",Unit,Rare,Chaos,5,0,5,Ionia|Zed,Assault|Action,False,,Champion,"When I conquer, play a 0 might Shadow Clone unit token to your base. (It has ""When I attack, you may banish a unit from your trash. If you do, give me [Assault 4] this turn."") [Action][>] 1 energy and 1 chaos rune: Move me and a Shadow Clone you control to each other's locations."
ven-113,Vendetta,VEN,113,"Kennen, Storm of Shuriken",Unit,Epic,Chaos,3,1,4,Yordle|Kennen,Burn|Flow,False,,Champion,"When you play me, [Burn 2]. (Put the top 2 cards of your Main Deck into your trash.) When I conquer, give a spell in your trash [Flow] equal to its cost this turn. (You may play it from your trash for its Flow cost. Then banish it.)"
ven-114,Vendetta,VEN,114,Kharox,Unit,Epic,Chaos,6,0,5,Spirit|Shadow Isles,Empower|Empowered|Burn,False,,,"[Empower] 6 energy and 2 chaos runes (6 energy and 2 chaos runes: Empower me. Use only if not Empowered.) When I become [Empowered], choose an opponent. They [Burn 3]. Then you may do this: Choose a unit in their trash and play it, ignoring its cost. (To Burn 3, they put the top 3 cards of their Main Deck into their trash.)"
ven-115,Vendetta,VEN,115,Ocean Drake,Unit,Epic,Chaos,8,2,7,Dragon|Ionia,,False,,,"You may play me to an open battlefield. When you play me, you may return a non-Dragon unit to its owner's hand."
ven-116,Vendetta,VEN,116,Dragon Form,Spell,Uncommon,Order,3,0,,,Flow,False,,,Choose a unit. Its base Might becomes 5 this turn. [Flow] 3 energy (You may play this from your trash for its Flow cost. Then banish it.)
ven-117,Vendetta,VEN,117,Disciple of Shen,Unit,Common,Order,2,0,1,Ionia,Hidden|Shield,False,,,[Hidden] (Hide now for 1 rune of any type to react with later for 0 energy.) I have [Shield 3] while I'm at a battlefield with exactly one other unit you control. (+3 might while I'm a defender.)
ven-118,Vendetta,VEN,118,Horns of the Dragon,Unit,Common,Order,6,0,6,Ionia,Tank,False,,,[Tank] (I must be assigned combat damage first.)
ven-119,Vendetta,VEN,119,Keeper of Law,Unit,Common,Order,5,1,5,Shurima,,False,,,I cost 2 energy and 1 order rune less if you control a battlefield with exactly two units there.
ven-120,Vendetta,VEN,120,"Masa, Crashing Thunder",Unit,Common,Order,4,0,4,Yordle|Bandle City,Stun,False,,,"You may pay 1 order rune as an additional cost to play me. When you play me, if you paid the additional cost, [Stun] an enemy unit at a battlefield. (It doesn't deal combat damage this turn.)"
ven-121,Vendetta,VEN,121,Reluctant Leader,Unit,Common,Order,4,1,3,Ionia,,False,,,"When you play another unit, give me +2 might this turn."
ven-122,Vendetta,VEN,122,Solari Sunhawk,Unit,Common,Order,3,0,3,Bird|Mount Targon,Empower|Empowered|Deflect,False,,,[Empower] 2 energy (2 energy: Empower me. Use only if not Empowered.) [Empowered][>] I have +1 might and [Deflect 2]. (Opponents must pay 2 runes of any type to choose me with a spell or ability.)
ven-123,Vendetta,VEN,123,Soulspinner,Unit,Common,Order,3,0,3,Shadow Isles|Spider,Ambush|Reaction,False,,,[Ambush] (You may play me as a [Reaction] to a battlefield where you have units.)
ven-124,Vendetta,VEN,124,Escaped Grayback,Unit,Uncommon,Order,3,0,3,Noxus,Empower|Empowered,False,,,[Empower] — Kill a friendly unit (Pay the cost: Empower me. Use only if not Empowered.) [Empowered][>] I have +2 might.
ven-125,Vendetta,VEN,125,Hungry Wolf,Unit,Uncommon,Order,4,0,4,Dog|Freljord,,False,,,1 order rune: Ready me and give me +1 might this turn. Use only if you've chosen an enemy unit this turn and only once each turn.
ven-126,Vendetta,VEN,126,Ki Barrier,Spell,Uncommon,Order,2,1,,,Reaction,False,,,"[Reaction] (Play any time, even before spells and abilities resolve.) Choose a unit. Prevent the next 7 damage that would be dealt to it this turn. (Opponents can assign it extra combat damage to kill it.)"
ven-127,Vendetta,VEN,127,Lacerate,Spell,Common,Order,2,1,,,Empowered|Flow,False,,,"Choose a unit. If it's [Empowered], disempower it. Then kill it if it has 3 might or less. [Flow] 4 energy and 2 order runes (You may play this from your trash for its Flow cost. Then banish it.)"
ven-128,Vendetta,VEN,128,Noxian Emissary,Unit,Uncommon,Order,2,0,2,Noxus,Empower|Empowered|Deathknell,False,,,"[Empower] 1 energy and 1 order rune (1 energy and 1 order rune: Empower me. Use only if not Empowered.) [Empowered][>][>>][Deathknell][>] Play two 1 might Recruit unit tokens to your base. (When I die while Empowered, get the effect.)"
ven-129,Vendetta,VEN,129,Sacred Protector,Unit,Uncommon,Order,4,1,6,Fae|Ionia,,False,,,I don't deal combat damage unless I'm at a battlefield with exactly one other unit you control.
ven-130,Vendetta,VEN,130,Aurok General,Unit,Rare,Order,5,0,5,Trifarian|Noxus,Empower|Empowered,False,,,[Empower] 3 energy and 1 order rune (3 energy and 1 order rune: Empower me. Use only if not Empowered.) [Empowered][>] Your units that are [Empowered] have +2 might (including me).
ven-131,Vendetta,VEN,131,Decree of Unity,Spell,Rare,Order,2,1,,,,False,,,Kill an enemy Chaos (1 chaos rune) unit or gear.
ven-132,Vendetta,VEN,132,Fallen Feline,Unit,Rare,Order,2,1,3,Cat|Piltover,,False,,,"When you play me, name a spell. While I'm at a battlefield, opponents can't play spells with that name."
ven-133,Vendetta,VEN,133,Glowstone,Gear,Rare,Order,2,0,,,Empower,False,,,"[Empower] 2 runes of any type (2 runes of any type: Empower me. Use only if not Empowered.) Disempower this, exhaust: Choose a player. They gain control of this and recall it. (Send it to their base.) At the end of your turn, kill this and deal 5 to all units you control."
ven-134,Vendetta,VEN,134,"Kayle, Justified",Unit,Rare,Order,3,0,3,Mount Targon|Kayle,Empower|Empowered|Deflect|Ganking,False,,Champion,"[Empower] 3 energy (3 energy: Empower me.) I can be [Empowered] up to three times. I have +2 might for each time I'm [Empowered]. While I'm [Empowered] three times, I have [Deflect 3] and [Ganking]."
ven-135,Vendetta,VEN,135,"Kennen, Keeper of Balance",Unit,Rare,Order,3,0,2,Yordle|Ionia|Kennen,Hidden|Stun,False,,Champion,"[Hidden] (Hide now for 1 rune of any type to react with later for 0 energy.) When you play me or I attack, you may pay 2 energy to [Stun] a unit. (It doesn't deal combat damage this turn.) While there's a stunned enemy unit here, I have +2 might."
ven-136,Vendetta,VEN,136,"Ambessa, Respected and Feared",Unit,Epic,Order,5,0,5,Noxus|Ambessa,Empower|Empowered|Assault,False,,Champion,"[Empower] 1 energy and 2 order runes (1 energy and 2 order runes: Empower me. Use only if not Empowered.) [Empowered][>] I have [Assault 2]. (+2 might while I'm an attacker.) [Empowered][>] When I attack, kill an enemy unit here with less Might than me."
ven-137,Vendetta,VEN,137,Shady Spectacles,Gear,Epic,Order,4,0,,Equipment,Equip,False,,,"[Equip] 1 energy and 1 order rune (1 energy and 1 order rune: Attach this to a unit you control.) As this is attached to a unit, choose another friendly unit. The equipped unit becomes a copy of that unit for as long as this is attached to it."
ven-138,Vendetta,VEN,138,"Shen, Leader of the Kinkou Order",Unit,Epic,Order,6,2,7,Shen|Ionia,Shield,False,,Champion,"[Shield] (+1 might while I'm a defender.) When I hold, if there is exactly one other unit you control here, you score 1 point."
ven-139,Vendetta,VEN,139,"Akali, Rogue Assassin",Legend,Rare,Fury|Calm,,,,Akali,Empower|Action|Empowered,False,,,"[Empower] 3 energy and 1 rune of any type (3 energy and 1 rune of any type: Empower this. Use only if not Empowered.) [Action][>] exhaust: If it's your turn, move a friendly unit in a showdown to base and if I'm [Empowered], ready it."
ven-140,Vendetta,VEN,140,Shuriken Flip,Spell,Epic,Fury|Calm,1,1,,Akali,Flow,False,,Signature,"Deal 2 to up to one enemy unit at a battlefield, then move a friendly unit. [Flow] 3 energy and 1 rune of any type (You may play this from your trash for its Flow cost. Then banish it.)"
ven-141,Vendetta,VEN,141,"Renekton, Butcher of the Sands",Legend,Rare,Fury|Body,,,,Renekton,Reaction|Add,False,,,"[Reaction][>] 2 runes of any type, exhaust: [Add] 2 energy. Spend this Energy only to play units or activated abilities of units."
ven-142,Vendetta,VEN,142,Dominus,Spell,Epic,Fury|Body,4,0,,Renekton,Action,False,,Signature,"[Action] (Play on your turn or in showdowns.) This turn, double a unit's Might and give it ""2 runes of any type: Ready me."""
ven-143,Vendetta,VEN,143,"Zed, Master of Shadows",Legend,Rare,Fury|Chaos,,,,Zed,Action,False,,,"When you banish a card you own, empower me. (I become Empowered if I'm not already.) [Action][>] Disempower me, exhaust: Discard 1, then draw 1."
ven-144,Vendetta,VEN,144,Death Mark,Spell,Epic,Fury|Chaos,2,1,,Zed,Burn|Assault|Flow,False,,Signature,"[Burn 3]. (Put the top 3 cards of your Main Deck into your trash.) Play a 0 might Shadow Clone unit token. (It has ""When I attack, you may banish a unit from your trash. If you do, give me [Assault 4] this turn."") [Flow] 1 energy and 2 runes of any type (You may play this from your trash for its Flow cost. Then banish it.)"
ven-145,Vendetta,VEN,145,"Nasus, Curator of the Sands",Legend,Rare,Calm|Mind,,,,Nasus,,False,,,"When you play a unit, gear, or activated ability with Energy cost 7 energy or more, you may exhaust me to ready up to 2 runes."
ven-146,Vendetta,VEN,146,Siphoning Strike,Spell,Epic,Calm|Mind,4,0,,Nasus,,False,,Signature,"Deal 4 to a unit at a battlefield. If you control 7 or more runes, deal 7 to it instead. When it dies this turn, channel 1 rune exhausted."
ven-147,Vendetta,VEN,147,"Shen, Eye of Twilight",Legend,Rare,Calm|Order,,,,Shen,Action|Tank,False,,,[Action][>] exhaust: Give a friendly unit [Tank] this turn. (It must be assigned combat damage first.)
ven-148,Vendetta,VEN,148,Shadow Dash,Spell,Epic,Calm|Order,2,1,,Shen,Flow,False,,Signature,"Move an enemy unit to a battlefield where you have units. If you have exactly two units there, they each get +1 might this turn. [Flow] 5 energy and 2 runes of any type (You may play this from your trash for its Flow cost. Then banish it.)"
ven-149,Vendetta,VEN,149,"Jayce, Defender of Tomorrow",Legend,Rare,Mind|Body,,,,Jayce,Empower|Empowered,False,,,"[Empower] 2 energy and 2 runes of any type (2 energy and 2 runes of any type: Empower me. Use only if not Empowered.) 1 energy, exhaust: Ready a gear. [Empowered][>] 1 energy, exhaust: Ready 2 gear."
ven-150,Vendetta,VEN,150,Acceleration Gate,Spell,Epic,Mind|Body,3,1,,Jayce,,False,,Signature,"Ready up to 4 units, gear, and/or runes."
ven-151,Vendetta,VEN,151,"Mel, Soul's Reflection",Legend,Rare,Mind|Chaos,,,,Mel,,False,,,"When you empower something else, empower me. (I become Empowered if I'm not already.) Disempower me, exhaust: Give a unit at a battlefield -2 might this turn."
ven-152,Vendetta,VEN,152,Rebuttal,Spell,Epic,Mind|Chaos,1,1,,Mel,Reaction,False,,Signature,"[Reaction] (Play any time, even before spells and abilities resolve.) Choose a spell with Energy cost no more than 4 energy. You may pay 1 rune of any type. If you do, gain control of it and you may make new choices for it. Otherwise, counter it."
ven-153,Vendetta,VEN,153,"Ambessa, Matriarch of War",Legend,Rare,Body|Order,,,,Ambessa,,False,,,"When you empower something else, empower me. (I become Empowered if I'm not already.) Disempower me, 1 rune of any type, exhaust: Ready a unit."
ven-154,Vendetta,VEN,154,Public Execution,Spell,Epic,Body|Order,2,1,,Ambessa,Flow,False,,Signature,Choose a friendly unit. Kill an enemy unit with less Might than it. [Flow] 5 energy and 2 runes of any type (You may play this from your trash for its Flow cost. Then banish it.)
ven-155,Vendetta,VEN,155,"Kennen, Heart of the Tempest",Legend,Rare,Order|Chaos,,,,Yordle|Kennen,Action|Assault,False,,,"When you play a card from anywhere other than your hand, empower me. [Action][>] Disempower me, exhaust: Give a unit [Assault 2] this turn. (+2 might while it's an attacker.)"
ven-156,Vendetta,VEN,156,Lightning Rush,Spell,Epic,Order|Chaos,1,0,,Kennen,Flow,False,,Signature,Look at the top 3 cards of your Main Deck. You may choose a card from among them and draw it. Put the rest into your trash. [Flow] 2 energy and 1 rune of any type (You may play this from your trash for its Flow cost. Then banish it.)
ven-157,Vendetta,VEN,157,Dragon Roost,Battlefield,Uncommon,Colorless,,,,,,False,,,"Any player may pay 2 runes of any type as an additional cost to play a Dragon. If they do, they play it to this battlefield."
ven-158,Vendetta,VEN,158,"Heisho, Shell of the World",Battlefield,Uncommon,Colorless,,,,,Deflect,False,,,Players ignore [Deflect] while paying for spells and abilities choosing something here.
ven-159,Vendetta,VEN,159,Kinkou Temple,Battlefield,Uncommon,Colorless,,,,,Tank,False,,,Units here with [Tank] have +1 might.
ven-160,Vendetta,VEN,160,Mystic Vortex,Battlefield,Uncommon,Colorless,,,,,Reaction,False,,,"During showdowns here, cards with [Reaction] cost 1 rune of any type more to play. (Hidden cards have [Reaction].)"
ven-161,Vendetta,VEN,161,Piltovan Forge,Battlefield,Uncommon,Colorless,,,,,,False,,,"While you control this battlefield, the first friendly gear activated ability played each turn costs 1 energy less."
ven-162,Vendetta,VEN,162,Protective Sands,Battlefield,Uncommon,Colorless,,,,,,False,,,"When you conquer here, if you control 4 or fewer runes, you may pay 1 energy to draw 1."
ven-163,Vendetta,VEN,163,Risen Altar,Battlefield,Uncommon,Colorless,,,,,Empower,False,,,[Empower] costs of your units here cost 1 energy or 1 rune of any type less.
ven-164,Vendetta,VEN,164,Sandswept Tomb,Battlefield,Uncommon,Colorless,,,,,,False,,,Each spell that chooses one or more units here that are friendly to it costs 1 rune of any type less.
ven-165,Vendetta,VEN,165,Shadow Temple,Battlefield,Uncommon,Colorless,,,,,Burn,False,,,"When you hold here, [Burn 3]. (Put the top 3 cards of your Main Deck into your trash.)"
ven-166,Vendetta,VEN,166,Threshold of the Gray,Battlefield,Uncommon,Colorless,,,,,Add,False,,,"When combat starts here, the attacker and defender each [Add] 1 energy."
ven-t04,Vendetta,VEN,t04,Recruit (NX),Unit,Common,Colorless,,0,1,Recruit,,True,,,
ogs-001,Origins: Proving Grounds,OGS,001,"Annie, Fiery",Unit,Epic,Fury,5,1,4,Annie|Noxus,,False,,Champion,Your spells and abilities deal 1 Bonus Damage. (Each instance of damage the spell deals is increased by 1.)
ogs-002,Origins: Proving Grounds,OGS,002,Firestorm,Spell,Uncommon,Fury,6,1,,,,False,,,Deal 3 to all enemy units at a battlefield.
ogs-003,Origins: Proving Grounds,OGS,003,Incinerate,Spell,Common,Fury,2,0,,,Action,False,,,[Action] (Play on your turn or in showdowns.) Deal 2 to a unit at a battlefield.
ogs-004,Origins: Proving Grounds,OGS,004,"Master Yi, Meditative",Unit,Rare,Calm,5,1,4,Master Yi|Ionia,,False,,Champion,"While you have 8+ runes, I have +4 might."
ogs-005,Origins: Proving Grounds,OGS,005,Zephyr Sage,Unit,Uncommon,Calm,6,1,6,Ionia|Bird,Shield,False,,,[Shield] (+1 might while I'm a defender.)
ogs-006,Origins: Proving Grounds,OGS,006,"Lux, Illuminated",Unit,Rare,Mind,6,1,5,Lux|Demacia,,False,,Champion,"When you play a spell that costs 5 energy or more, give me +3 might this turn."
ogs-007,Origins: Proving Grounds,OGS,007,"Garen, Rugged",Unit,Rare,Body,6,1,5,Elite|Garen|Demacia,Assault|Shield,False,,Champion,"[Assault 2], [Shield 2] (+2 might while I'm an attacker or defender.)"
ogs-008,Origins: Proving Grounds,OGS,008,Gentlemen's Duel,Spell,Common,Body,6,1,,,Action,False,,,[Action] (Play on your turn or in showdowns.) Give a friendly unit +3 might this turn. Then choose an enemy unit. They deal damage equal to their Mights to each other.
ogs-009,Origins: Proving Grounds,OGS,009,"Master Yi, Honed",Unit,Epic,Body,7,1,6,Master Yi|Ionia,Ganking,False,,Champion,[Ganking] (I can move from battlefield to battlefield.) I enter ready.
ogs-010,Origins: Proving Grounds,OGS,010,"Annie, Stubborn",Unit,Rare,Chaos,4,1,3,Annie|Noxus,,False,,Champion,"When you play me, return a spell from your trash to your hand."
ogs-011,Origins: Proving Grounds,OGS,011,Flash,Spell,Common,Chaos,2,0,,,Reaction,False,,,"[Reaction] (Play any time, even before spells and abilities resolve.) Move up to 2 friendly units to base."
ogs-012,Origins: Proving Grounds,OGS,012,Blast of Power,Spell,Common,Order,6,1,,,Action,False,,,[Action] (Play on your turn or in showdowns.) Kill a unit at a battlefield.
ogs-013,Origins: Proving Grounds,OGS,013,"Garen, Commander",Unit,Epic,Order,6,1,5,Elite|Garen|Demacia,,False,,Champion,Other friendly units have +1 might here.
ogs-014,Origins: Proving Grounds,OGS,014,"Lux, Crownguard",Unit,Epic,Order,4,0,2,Lux|Demacia,Reaction|Add,False,,Champion,exhaust: [Reaction] — [Add] 2 energy. Use only to play spells. (Abilities that add resources can't be reacted to.)
ogs-015,Origins: Proving Grounds,OGS,015,Recruit the Vanguard,Spell,Uncommon,Order,6,0,,,Action,False,,,[Action] (Play on your turn or in showdowns.) Play four 1 might Recruit unit tokens. (They can be played to your base or to battlefields you control.)
ogs-016,Origins: Proving Grounds,OGS,016,Vanguard Attendant,Unit,Common,Order,6,1,5,Elite|Demacia,,False,,,I enter ready.
ogs-017,Origins: Proving Grounds,OGS,017,"Annie, Dark Child",Legend,Rare,Fury|Chaos,,,,Annie,,False,,Champion,"At the end of your turn, ready 2 runes."
ogs-018,Origins: Proving Grounds,OGS,018,Tibbers,Unit,Epic,Fury|Chaos,8,2,7,Annie,,False,,Signature,"When you play me, deal 3 to all units at battlefields."
ogs-019,Origins: Proving Grounds,OGS,019,"Master Yi, Wuju Bladesman",Legend,Rare,Calm|Body,,,,Master Yi,,False,,Champion,"While a friendly unit defends alone, it gets +2 might."
ogs-020,Origins: Proving Grounds,OGS,020,Highlander,Spell,Epic,Calm|Body,4,0,,Master Yi,Reaction,False,,Signature,"[Reaction] (Play any time, even before spells and abilities resolve.) Choose a friendly unit. The next time it dies this turn, recall it exhausted instead. (Send it to base. This isn't a move.)"
ogs-021,Origins: Proving Grounds,OGS,021,"Lux, Lady of Luminosity",Legend,Rare,Mind|Order,,,,Lux,,False,,Champion,"When you play a spell that costs 5 energy or more, draw 1."
ogs-022,Origins: Proving Grounds,OGS,022,Final Spark,Spell,Epic,Mind|Order,8,0,,Lux,Action,False,,Signature,[Action] (Play on your turn or in showdowns.) Deal 8 to a unit.
ogs-023,Origins: Proving Grounds,OGS,023,"Garen, Might of Demacia",Legend,Rare,Body|Order,,,,Garen,,False,,Champion,"When you conquer, if you have 4+ units at that battlefield, draw 2."
ogs-024,Origins: Proving Grounds,OGS,024,Decisive Strike,Spell,Epic,Body|Order,5,1,,Garen,Action,False,,Signature,[Action] (Play on your turn or in showdowns.) Give friendly units +2 might this turn.
